DATE,HC01ESTVC1627001,MNAITK1URN,PCPI27001,MNAITK1LFN,B03002003E027001,MHIMN27001A052NCEN,PI27001,MNAITK1POP,NETMIGNACS027001,HOWNRATEACS027001,FBITC027001,RACEDISPARITY027001,CBR27001MNA647NCEN,2020RATIO027001,B14005DCYACS027001,DP04ACS027001,CDC20N2U027001,USPTOISSUED027001,PUAAMN27001A647NCEN,B01002001E027001,B080ACS027001,CDC20N2UAA027001,ATNHPIUS27001A,EQFXSUBPRIME027001,HC01ESTVC1727001,S1701ACS027001,B03002006E027001,B03002012E027001,ENU2700120510,BPPRIV027001,MHICILBMN27001A052NCEN,MHICIUBMN27001A052NCEN,B03002005E027001,PUA0T17MN27001A647NCEN,PUA5T17RMN27001A647NCEN,S1101SPHOUSE027001,PEAAMN27001A647NCEN,PPAAMN27001A156NCEN,PECILBAAMN27001A647NCEN,PECIUBAAMN27001A647NCEN,PPCILBAAMN27001A156NCEN,DMPCRATE027001,PPCIUBAAMN27001A156NCEN,S1501ACSTOTAL027001,PE5T17MN27001A647NCEN,PP5T17MN27001A156NCEN,PECILB5T17MN27001A647NCEN,PECIUB5T17MN27001A647NCEN,PPCILB5T17MN27001A156NCEN,PEU18MN27001A647NCEN,PPU18MN27001A156NCEN,B03002004E027001,PECILBU18MN27001A647NCEN,PECIUBU18MN27001A647NCEN,PPCILBU18MN27001A156NCEN,PPCIUB5T17MN27001A156NCEN,PPCIUBU18MN27001A156NCEN,county
1991-01-01,,14.0,13984.0,5387,,,176240.0,12.603,,,,,,,,,,,,,,,,,,,,,311.0,127.0,,,,,,,,,,,,,,,,,,,,,,,,,,,,AITKIN
1991-02-01,,14.1,,5386,,,,,,,,,,,,,,,,,,,,,,,,,,,,,,,,,,,,,,,,,,,,,,,,,,,,,,AITKIN
1991-03-01,,13.8,,5375,,,,,,,,,,,,,,,,,,,,,,,,,,,,,,,,,,,,,,,,,,,,,,,,,,,,,,AITKIN
1991-04-01,,12.3,,5532,,,,,,,,,,,,,,,,,,,,,,,,,312.0,,,,,,,,,,,,,,,,,,,,,,,,,,,,,AITKIN
1991-05-01,,10.6,,5449,,,,,,,,,,,,,,,,,,,,,,,,,,,,,,,,,,,,,,,,,,,,,,,,,,,,,,AITKIN
1991-06-01,,11.3,,5065,,,,,,,,,,,,,,,,,,,,,,,,,,,,,,,,,,,,,,,,,,,,,,,,,,,,,,AITKIN
1991-07-01,,9.4,,5139,,,,,,,,,,,,,,,,,,,,,,,,,320.0,,,,,,,,,,,,,,,,,,,,,,,,,,,,,AITKIN
1991-08-01,,8.9,,5410,,,,,,,,,,,,,,,,,,,,,,,,,,,,,,,,,,,,,,,,,,,,,,,,,,,,,,AITKIN
1991-09-01,,8.5,,5327,,,,,,,,,,,,,,,,,,,,,,,,,,,,,,,,,,,,,,,,,,,,,,,,,,,,,,AITKIN
1991-10-01,,8.1,,5216,,,,,,,,,,,,,,,,,,,,,,,,,314.0,,,,,,,,,,,,,,,,,,,,,,,,,,,,,AITKIN
1991-11-01,,11.2,,5219,,,,,,,,,,,,,,,,,,,,,,,,,,,,,,,,,,,,,,,,,,,,,,,,,,,,,,AITKIN
1991-12-01,,12.5,,5194,,,,,,,,,,,,,,,,,,,,,,,,,,,,,,,,,,,,,,,,,,,,,,,,,,,,,,AITKIN
1992-01-01,,15.6,14613.0,5325,,,187408.0,12.825,,,,,,,,,,,,,,,,,,,,,309.0,141.0,,,,,,,,,,,,,,,,,,,,,,,,,,,,AITKIN
1992-02-01,,15.3,,5348,,,,,,,,,,,,,,,,,,,,,,,,,,,,,,,,,,,,,,,,,,,,,,,,,,,,,,AITKIN
1992-03-01,,14.6,,5308,,,,,,,,,,,,,,,,,,,,,,,,,,,,,,,,,,,,,,,,,,,,,,,,,,,,,,AITKIN
1992-04-01,,13.5,,5340,,,,,,,,,,,,,,,,,,,,,,,,,311.0,,,,,,,,,,,,,,,,,,,,,,,,,,,,,AITKIN
1992-05-01,,10.6,,5487,,,,,,,,,,,,,,,,,,,,,,,,,,,,,,,,,,,,,,,,,,,,,,,,,,,,,,AITKIN
1992-06-01,,11.0,,5342,,,,,,,,,,,,,,,,,,,,,,,,,,,,,,,,,,,,,,,,,,,,,,,,,,,,,,AITKIN
1992-07-01,,10.1,,5252,,,,,,,,,,,,,,,,,,,,,,,,,311.0,,,,,,,,,,,,,,,,,,,,,,,,,,,,,AITKIN
1992-08-01,,9.6,,5204,,,,,,,,,,,,,,,,,,,,,,,,,,,,,,,,,,,,,,,,,,,,,,,,,,,,,,AITKIN
1992-09-01,,9.5,,5411,,,,,,,,,,,,,,,,,,,,,,,,,,,,,,,,,,,,,,,,,,,,,,,,,,,,,,AITKIN
1992-10-01,,8.1,,5490,,,,,,,,,,,,,,,,,,,,,,,,,316.0,,,,,,,,,,,,,,,,,,,,,,,,,,,,,AITKIN
1992-11-01,,11.8,,5503,,,,,,,,,,,,,,,,,,,,,,,,,,,,,,,,,,,,,,,,,,,,,,,,,,,,,,AITKIN
1992-12-01,,13.1,,5347,,,,,,,,,,,,,,,,,,,,,,,,,,,,,,,,,,,,,,,,,,,,,,,,,,,,,,AITKIN
1993-01-01,,16.0,15262.0,5566,,21047.0,200112.0,13.112,,,,,1634.0,,,,,,,,,,,,,,,,323.0,169.0,18728.0,23353.0,,,,,2403.0,18.0,1893.0,2914.0,14.2,,21.9,,603.0,24.1,453.0,754.0,18.1,834.0,25.9,,644.0,1023.0,20.0,30.1,31.8,AITKIN
1993-02-01,,15.8,,5516,,,,,,,,,,,,,,,,,,,,,,,,,,,,,,,,,,,,,,,,,,,,,,,,,,,,,,AITKIN
1993-03-01,,15.3,,5560,,,,,,,,,,,,,,,,,,,,,,,,,,,,,,,,,,,,,,,,,,,,,,,,,,,,,,AITKIN
1993-04-01,,14.1,,5555,,,,,,,,,,,,,,,,,,,,,,,,,327.0,,,,,,,,,,,,,,,,,,,,,,,,,,,,,AITKIN
1993-05-01,,11.7,,5718,,,,,,,,,,,,,,,,,,,,,,,,,,,,,,,,,,,,,,,,,,,,,,,,,,,,,,AITKIN
1993-06-01,,11.8,,5911,,,,,,,,,,,,,,,,,,,,,,,,,,,,,,,,,,,,,,,,,,,,,,,,,,,,,,AITKIN
1993-07-01,,10.1,,5470,,,,,,,,,,,,,,,,,,,,,,,,,330.0,,,,,,,,,,,,,,,,,,,,,,,,,,,,,AITKIN
1993-08-01,,9.2,,5400,,,,,,,,,,,,,,,,,,,,,,,,,,,,,,,,,,,,,,,,,,,,,,,,,,,,,,AITKIN
1993-09-01,,8.7,,5567,,,,,,,,,,,,,,,,,,,,,,,,,,,,,,,,,,,,,,,,,,,,,,,,,,,,,,AITKIN
1993-10-01,,8.6,,5592,,,,,,,,,,,,,,,,,,,,,,,,,335.0,,,,,,,,,,,,,,,,,,,,,,,,,,,,,AITKIN
1993-11-01,,10.9,,5654,,,,,,,,,,,,,,,,,,,,,,,,,,,,,,,,,,,,,,,,,,,,,,,,,,,,,,AITKIN
1993-12-01,,11.7,,5655,,,,,,,,,,,,,,,,,,,,,,,,,,,,,,,,,,,,,,,,,,,,,,,,,,,,,,AITKIN
1994-01-01,,15.6,15781.0,5720,,,213420.0,13.524000000000001,,,,,,,,,,,,,,,,,,,,,333.0,117.0,,,,,,,,,,,,,,,,,,,,,,,,,,,,AITKIN
1994-02-01,,14.0,,5635,,,,,,,,,,,,,,,,,,,,,,,,,,,,,,,,,,,,,,,,,,,,,,,,,,,,,,AITKIN
1994-03-01,,14.4,,5720,,,,,,,,,,,,,,,,,,,,,,,,,,,,,,,,,,,,,,,,,,,,,,,,,,,,,,AITKIN
1994-04-01,,12.7,,5625,,,,,,,,,,,,,,,,,,,,,,,,,340.0,,,,,,,,,,,,,,,,,,,,,,,,,,,,,AITKIN
1994-05-01,,8.5,,5715,,,,,,,,,,,,,,,,,,,,,,,,,,,,,,,,,,,,,,,,,,,,,,,,,,,,,,AITKIN
1994-06-01,,9.0,,5841,,,,,,,,,,,,,,,,,,,,,,,,,,,,,,,,,,,,,,,,,,,,,,,,,,,,,,AITKIN
1994-07-01,,8.3,,5516,,,,,,,,,,,,,,,,,,,,,,,,,335.0,,,,,,,,,,,,,,,,,,,,,,,,,,,,,AITKIN
1994-08-01,,8.2,,5460,,,,,,,,,,,,,,,,,,,,,,,,,,,,,,,,,,,,,,,,,,,,,,,,,,,,,,AITKIN
1994-09-01,,8.0,,5791,,,,,,,,,,,,,,,,,,,,,,,,,,,,,,,,,,,,,,,,,,,,,,,,,,,,,,AITKIN
1994-10-01,,8.0,,5777,,,,,,,,,,,,,,2.0,,,,,,,,,,,341.0,,,,,,,,,,,,,,,,,,,,,,,,,,,,,AITKIN
1994-11-01,,9.3,,5790,,,,,,,,,,,,,,,,,,,,,,,,,,,,,,,,,,,,,,,,,,,,,,,,,,,,,,AITKIN
1994-12-01,,10.7,,5712,,,,,,,,,,,,,,,,,,,,,,,,,,,,,,,,,,,,,,,,,,,,,,,,,,,,,,AITKIN
1995-01-01,,13.9,17169.0,5775,,25176.0,237738.0,13.847000000000001,,,,,1450.0,,,,,,,,,,,,,,,,337.0,128.0,22012.0,28322.0,,,,,2049.0,14.9,1619.0,2479.0,11.7,,18.0,,481.0,18.9,369.0,593.0,14.5,695.0,21.3,,537.0,852.0,16.4,23.3,26.1,AITKIN
1995-02-01,,12.9,,5708,,,,,,,,,,,,,,,,,,,,,,,,,,,,,,,,,,,,,,,,,,,,,,,,,,,,,,AITKIN
1995-03-01,,12.7,,5755,,,,,,,,,,,,,,,,,,,,,,,,,,,,,,,,,,,,,,,,,,,,,,,,,,,,,,AITKIN
1995-04-01,,12.3,,5804,,,,,,,,,,,,,,,,,,,,,,,,,337.0,,,,,,,,,,,,,,,,,,,,,,,,,,,,,AITKIN
1995-05-01,,8.2,,5831,,,,,,,,,,,,,,,,,,,,,,,,,,,,,,,,,,,,,,,,,,,,,,,,,,,,,,AITKIN
1995-06-01,,8.6,,5944,,,,,,,,,,,,,,,,,,,,,,,,,,,,,,,,,,,,,,,,,,,,,,,,,,,,,,AITKIN
1995-07-01,,7.6,,5571,,,,,,,,,,,,,,,,,,,,,,,,,336.0,,,,,,,,,,,,,,,,,,,,,,,,,,,,,AITKIN
1995-08-01,,6.4,,5661,,,,,,,,,,,,,,,,,,,,,,,,,,,,,,,,,,,,,,,,,,,,,,,,,,,,,,AITKIN
1995-09-01,,6.3,,5702,,,,,,,,,,,,,,,,,,,,,,,,,,,,,,,,,,,,,,,,,,,,,,,,,,,,,,AITKIN
1995-10-01,,5.8,,5732,,,,,,,,,,,,,,1.0,,,,,,,,,,,349.0,,,,,,,,,,,,,,,,,,,,,,,,,,,,,AITKIN
1995-11-01,,9.0,,5780,,,,,,,,,,,,,,1.0,,,,,,,,,,,,,,,,,,,,,,,,,,,,,,,,,,,,,,,,AITKIN
1995-12-01,,10.5,,5726,,,,,,,,,,,,,,,,,,,,,,,,,,,,,,,,,,,,,,,,,,,,,,,,,,,,,,AITKIN
1996-01-01,,14.1,18066.0,5882,,,256188.0,14.181,,,,,,,,,,1.0,,,,,,,,,,,350.0,76.0,,,,,,,,,,,,,,,,,,,,,,,,,,,,AITKIN
1996-02-01,,12.3,,5894,,,,,,,,,,,,,,,,,,,,,,,,,,,,,,,,,,,,,,,,,,,,,,,,,,,,,,AITKIN
1996-03-01,,12.6,,6033,,,,,,,,,,,,,,,,,,,,,,,,,,,,,,,,,,,,,,,,,,,,,,,,,,,,,,AITKIN
1996-04-01,,12.2,,6033,,,,,,,,,,,,,,,,,,,,,,,,,358.0,,,,,,,,,,,,,,,,,,,,,,,,,,,,,AITKIN
1996-05-01,,8.5,,6055,,,,,,,,,,,,,,,,,,,,,,,,,,,,,,,,,,,,,,,,,,,,,,,,,,,,,,AITKIN
1996-06-01,,8.4,,5914,,,,,,,,,,,,,,,,,,,,,,,,,,,,,,,,,,,,,,,,,,,,,,,,,,,,,,AITKIN
1996-07-01,,8.5,,5854,,,,,,,,,,,,,,,,,,,,,,,,,356.0,,,,,,,,,,,,,,,,,,,,,,,,,,,,,AITKIN
1996-08-01,,7.0,,6037,,,,,,,,,,,,,,,,,,,,,,,,,,,,,,,,,,,,,,,,,,,,,,,,,,,,,,AITKIN
1996-09-01,,6.9,,6166,,,,,,,,,,,,,,,,,,,,,,,,,,,,,,,,,,,,,,,,,,,,,,,,,,,,,,AITKIN
1996-10-01,,6.2,,6076,,,,,,,,,,,,,,,,,,,,,,,,,363.0,,,,,,,,,,,,,,,,,,,,,,,,,,,,,AITKIN
1996-11-01,,9.0,,6166,,,,,,,,,,,,,,,,,,,,,,,,,,,,,,,,,,,,,,,,,,,,,,,,,,,,,,AITKIN
1996-12-01,,10.6,,6018,,,,,,,,,,,,,,,,,,,,,,,,,,,,,,,,,,,,,,,,,,,,,,,,,,,,,,AITKIN
1997-01-01,,12.2,18947.0,6395,,26746.0,272892.0,14.402999999999999,,,,,1016.0,,,,,,,,,,,,,,,,367.0,80.0,23584.0,29891.0,,,,,2125.0,14.9,1626.0,2625.0,11.4,,18.4,,579.0,22.3,403.0,755.0,15.5,876.0,25.9,,638.0,1113.0,18.9,29.1,33.0,AITKIN
1997-02-01,,11.2,,6290,,,,,,,,,,,,,,,,,,,,,,,,,,,,,,,,,,,,,,,,,,,,,,,,,,,,,,AITKIN
1997-03-01,,11.9,,6311,,,,,,,,,,,,,,1.0,,,,,,,,,,,,,,,,,,,,,,,,,,,,,,,,,,,,,,,,AITKIN
1997-04-01,,11.3,,6161,,,,,,,,,,,,,,,,,,,,,,,,,377.0,,,,,,,,,,,,,,,,,,,,,,,,,,,,,AITKIN
1997-05-01,,7.3,,6255,,,,,,,,,,,,,,,,,,,,,,,,,,,,,,,,,,,,,,,,,,,,,,,,,,,,,,AITKIN
1997-06-01,,7.6,,6489,,,,,,,,,,,,,,1.0,,,,,,,,,,,,,,,,,,,,,,,,,,,,,,,,,,,,,,,,AITKIN
1997-07-01,,6.2,,5878,,,,,,,,,,,,,,,,,,,,,,,,,388.0,,,,,,,,,,,,,,,,,,,,,,,,,,,,,AITKIN
1997-08-01,,5.9,,6072,,,,,,,,,,,,,,,,,,,,,,,,,,,,,,,,,,,,,,,,,,,,,,,,,,,,,,AITKIN
1997-09-01,,6.0,,6040,,,,,,,,,,,,,,,,,,,,,,,,,,,,,,,,,,,,,,,,,,,,,,,,,,,,,,AITKIN
1997-10-01,,5.3,,6134,,,,,,,,,,,,,,,,,,,,,,,,,389.0,,,,,,,,,,,,,,,,,,,,,,,,,,,,,AITKIN
1997-11-01,,7.1,,6083,,,,,,,,,,,,,,,,,,,,,,,,,,,,,,,,,,,,,,,,,,,,,,,,,,,,,,AITKIN
1997-12-01,,8.8,,6111,,,,,,,,,,,,,,,,,,,,,,,,,,,,,,,,,,,,,,,,,,,,,,,,,,,,,,AITKIN
1998-01-01,,12.4,19957.0,6127,,28580.0,296168.0,14.84,,,,,1031.0,,,,,,14383.0,,,,79.0,,,,,,384.0,251.0,25454.0,31688.0,,3361.0,2636.0,,2238.0,15.6,1720.0,2755.0,12.0,,19.2,,563.0,21.4,369.0,757.0,14.0,807.0,24.0,,571.0,1043.0,17.0,28.7,31.0,AITKIN
1998-02-01,,11.2,,6091,,,,,,,,,,,,,,1.0,,,,,,,,,,,,,,,,,,,,,,,,,,,,,,,,,,,,,,,,AITKIN
1998-03-01,,12.1,,6128,,,,,,,,,,,,,,,,,,,,,,,,,,,,,,,,,,,,,,,,,,,,,,,,,,,,,,AITKIN
1998-04-01,,9.0,,5989,,,,,,,,,,,,,,,,,,,,,,,,,394.0,,,,,,,,,,,,,,,,,,,,,,,,,,,,,AITKIN
1998-05-01,,6.1,,6131,,,,,,,,,,,,,,,,,,,,,,,,,,,,,,,,,,,,,,,,,,,,,,,,,,,,,,AITKIN
1998-06-01,,7.1,,5862,,,,,,,,,,,,,,1.0,,,,,,,,,,,,,,,,,,,,,,,,,,,,,,,,,,,,,,,,AITKIN
1998-07-01,,5.8,,5864,,,,,,,,,,,,,,,,,,,,,,,,,396.0,,,,,,,,,,,,,,,,,,,,,,,,,,,,,AITKIN
1998-08-01,,5.3,,5867,,,,,,,,,,,,,,,,,,,,,,,,,,,,,,,,,,,,,,,,,,,,,,,,,,,,,,AITKIN
1998-09-01,,5.5,,6017,,,,,,,,,,,,,,,,,,,,,,,,,,,,,,,,,,,,,,,,,,,,,,,,,,,,,,AITKIN
1998-10-01,,5.1,,6056,,,,,,,,,,,,,,,,,,,,,,,,,390.0,,,,,,,,,,,,,,,,,,,,,,,,,,,,,AITKIN
1998-11-01,,7.1,,6101,,,,,,,,,,,,,,,,,,,,,,,,,,,,,,,,,,,,,,,,,,,,,,,,,,,,,,AITKIN
1998-12-01,,8.6,,6107,,,,,,,,,,,,,,,,,,,,,,,,,,,,,,,,,,,,,,,,,,,,,,,,,,,,,,AITKIN
1999-01-01,,10.7,20697.0,6146,,30840.0,311740.0,15.062000000000001,,,,,810.0,,,,457.4,,15215.0,,,323.4,77.64,22.2632639355272,,,,,394.0,213.0,28817.0,33004.0,,3147.0,2407.0,,1779.0,11.7,1331.0,2226.0,8.7,,14.6,,394.0,16.4,244.0,544.0,10.1,505.0,16.0,,336.0,673.0,10.7,22.6,21.4,AITKIN
1999-02-01,,10.1,,6099,,,,,,,,,,,,,,,,,,,,,,,,,,,,,,,,,,,,,,,,,,,,,,,,,,,,,,AITKIN
1999-03-01,,10.1,,6124,,,,,,,,,,,,,,,,,,,,,,,,,,,,,,,,,,,,,,,,,,,,,,,,,,,,,,AITKIN
1999-04-01,,8.8,,6119,,,,,,,,,,,,,,,,,,,,23.24108036012004,,,,,395.0,,,,,,,,,,,,,,,,,,,,,,,,,,,,,AITKIN
1999-05-01,,6.3,,6183,,,,,,,,,,,,,,,,,,,,,,,,,,,,,,,,,,,,,,,,,,,,,,,,,,,,,,AITKIN
1999-06-01,,6.7,,6351,,,,,,,,,,,,,,,,,,,,,,,,,,,,,,,,,,,,,,,,,,,,,,,,,,,,,,AITKIN
1999-07-01,,6.2,,5814,,,,,,,,,,,,,,,,,,,,22.25228271897193,,,,,403.0,,,,,,,,,,,,,,,,,,,,,,,,,,,,,AITKIN
1999-08-01,,5.5,,5975,,,,,,,,,,,,,,1.0,,,,,,,,,,,,,,,,,,,,,,,,,,,,,,,,,,,,,,,,AITKIN
1999-09-01,,5.3,,5936,,,,,,,,,,,,,,,,,,,,,,,,,,,,,,,,,,,,,,,,,,,,,,,,,,,,,,AITKIN
1999-10-01,,4.3,,5940,,,,,,,,,,,,,,,,,,,,22.81486579490709,,,,,401.0,,,,,,,,,,,,,,,,,,,,,,,,,,,,,AITKIN
1999-11-01,,6.8,,6074,,,,,,,,,,,,,,,,,,,,,,,,,,,,,,,,,,,,,,,,,,,,,,,,,,,,,,AITKIN
1999-12-01,,8.2,,6254,,,,,,,,,,,,,,,,,,,,,,,,,,,,,,,,,,,,,,,,,,,,,,,,,,,,,,AITKIN
2000-01-01,,9.4,21980.0,6969,,32085.0,335904.0,15.244000000000002,,,,,747.0,,,,566.1,,15193.0,,,368.9,100.0,23.695054945054945,,,,,403.0,159.0,29722.0,34637.0,,2975.0,2270.0,,1766.0,11.6,1352.0,2180.0,8.9,,14.3,,340.0,15.0,232.0,448.0,10.2,520.0,17.5,,383.0,657.0,12.9,19.8,22.1,AITKIN
2000-02-01,,8.8,,6994,,,,,,,,,,,,,,,,,,,,,,,,,,,,,,,,,,,,,,,,,,,,,,,,,,,,,,AITKIN
2000-03-01,,8.8,,7104,,,,,,,,,,,,,,,,,,,,,,,,,,,,,,,,,,,,,,,,,,,,,,,,,,,,,,AITKIN
2000-04-01,,6.6,,7038,,,,,,,,,,,,,,,,,,,,22.819717338848672,,,,,411.0,,,,,,,,,,,,,,,,,,,,,,,,,,,,,AITKIN
2000-05-01,,4.9,,7248,,,,,,,,,,,,,,,,,,,,,,,,,,,,,,,,,,,,,,,,,,,,,,,,,,,,,,AITKIN
2000-06-01,,4.9,,7221,,,,,,,,,,,,,,,,,,,,,,,,,,,,,,,,,,,,,,,,,,,,,,,,,,,,,,AITKIN
2000-07-01,,4.2,,7377,,,,,,,,,,,,,,,,,,,,22.41941325606664,,,,,414.0,,,,,,,,,,,,,,,,,,,,,,,,,,,,,AITKIN
2000-08-01,,4.4,,7325,,,,,,,,,,,,,,,,,,,,,,,,,,,,,,,,,,,,,,,,,,,,,,,,,,,,,,AITKIN
2000-09-01,,4.5,,7270,,,,,,,,,,,,,,,,,,,,,,,,,,,,,,,,,,,,,,,,,,,,,,,,,,,,,,AITKIN
2000-10-01,,4.1,,7310,,,,,,,,,,,,,,,,,,,,20.925856228829502,,,,,419.0,,,,,,,,,,,,,,,,,,,,,,,,,,,,,AITKIN
2000-11-01,,6.3,,7312,,,,,,,,,,,,,,,,,,,,,,,,,,,,,,,,,,,,,,,,,,,,,,,,,,,,,,AITKIN
2000-12-01,,7.4,,7236,,,,,,,,,,,,,,,,,,,,,,,,,,,,,,,,,,,,,,,,,,,,,,,,,,,,,,AITKIN
2001-01-01,,9.1,22596.0,7199,,31100.0,346487.0,15.229000000000001,,,,,900.0,,,,536.5,,15482.0,,,341.2,102.74,21.01972101972102,,,,,407.0,303.0,29003.0,33350.0,,3004.0,2291.0,,1982.0,12.8,1506.0,2458.0,9.7,,15.9,,378.0,16.5,248.0,508.0,10.8,534.0,17.8,,381.0,688.0,12.7,22.2,22.9,AITKIN
2001-02-01,,9.0,,7147,,,,,,,,,,,,,,,,,,,,,,,,,,,,,,,,,,,,,,,,,,,,,,,,,,,,,,AITKIN
2001-03-01,,9.0,,7254,,,,,,,,,,,,,,,,,,,,,,,,,,,,,,,,,,,,,,,,,,,,,,,,,,,,,,AITKIN
2001-04-01,,7.9,,7242,,,,,,,,,,,,,,,,,,,,20.843797086891012,,,,,411.0,,,,,,,,,,,,,,,,,,,,,,,,,,,,,AITKIN
2001-05-01,,5.2,,7384,,,,,,,,,,,,,,,,,,,,,,,,,,,,,,,,,,,,,,,,,,,,,,,,,,,,,,AITKIN
2001-06-01,,5.3,,7450,,,,,,,,,,,,,,,,,,,,,,,,,,,,,,,,,,,,,,,,,,,,,,,,,,,,,,AITKIN
2001-07-01,,4.9,,7479,,,,,,,,,,,,,,,,,,,,20.42025862068965,,,,,410.0,,,,,,,,,,,,,,,,,,,,,,,,,,,,,AITKIN
2001-08-01,,4.5,,7452,,,,,,,,,,,,,,,,,,,,,,,,,,,,,,,,,,,,,,,,,,,,,,,,,,,,,,AITKIN
2001-09-01,,4.3,,7371,,,,,,,,,,,,,,,,,,,,,,,,,,,,,,,,,,,,,,,,,,,,,,,,,,,,,,AITKIN
2001-10-01,,4.0,,7359,,,,,,,,,,,,,,1.0,,,,,,20.80495356037152,,,,,409.0,,,,,,,,,,,,,,,,,,,,,,,,,,,,,AITKIN
2001-11-01,,5.9,,7315,,,,,,,,,,,,,,,,,,,,,,,,,,,,,,,,,,,,,,,,,,,,,,,,,,,,,,AITKIN
2001-12-01,,7.4,,7304,,,,,,,,,,,,,,,,,,,,,,,,,,,,,,,,,,,,,,,,,,,,,,,,,,,,,,AITKIN
2002-01-01,,9.4,23351.0,7416,,31992.0,364653.0,15.442,,,,,927.0,,,,576.5,,15684.0,,,378.4,110.14,21.579601990049753,,,,,406.0,323.0,29821.0,34320.0,,2985.0,2280.0,,1875.0,12.0,1412.0,2337.0,9.0,,14.9,,355.0,15.6,240.0,470.0,10.5,461.0,15.4,,331.0,591.0,11.1,20.6,19.8,AITKIN
2002-02-01,,9.2,,7432,,,,,,,,,,,,,,,,,,,,,,,,,,,,,,,,,,,,,,,,,,,,,,,,,,,,,,AITKIN
2002-03-01,,9.3,,7480,,,,,,,,,,,,,,,,,,,,,,,,,,,,,,,,,,,,,,,,,,,,,,,,,,,,,,AITKIN
2002-04-01,,8.1,,7481,,,,,,,,,,,,,,,,,,,,21.318545902649415,,,,,415.0,,,,,,,,,,,,,,,,,,,,,,,,,,,,,AITKIN
2002-05-01,,5.2,,7494,,,,,,,,,,,,,,,,,,,,,,,,,,,,,,,,,,,,,,,,,,,,,,,,,,,,,,AITKIN
2002-06-01,,5.5,,7573,,,,,,,,,,,,,,,,,,,,,,,,,,,,,,,,,,,,,,,,,,,,,,,,,,,,,,AITKIN
2002-07-01,,5.3,,7418,,,,,,,,,,,,,,,,,,,,21.08929702343255,,,,,413.0,,,,,,,,,,,,,,,,,,,,,,,,,,,,,AITKIN
2002-08-01,,4.8,,7470,,,,,,,,,,,,,,,,,,,,,,,,,,,,,,,,,,,,,,,,,,,,,,,,,,,,,,AITKIN
2002-09-01,,4.5,,7463,,,,,,,,,,,,,,,,,,,,,,,,,,,,,,,,,,,,,,,,,,,,,,,,,,,,,,AITKIN
2002-10-01,,4.3,,7571,,,,,,,,,,,,,,,,,,,,21.603711066931748,,,,,415.0,,,,,,,,,,,,,,,,,,,,,,,,,,,,,AITKIN
2002-11-01,,5.8,,7469,,,,,,,,,,,,,,,,,,,,,,,,,,,,,,,,,,,,,,,,,,,,,,,,,,,,,,AITKIN
2002-12-01,,7.1,,7425,,,,,,,,,,,,,,,,,,,,,,,,,,,,,,,,,,,,,,,,,,,,,,,,,,,,,,AITKIN
2003-01-01,,9.5,24026.0,7456,,32997.0,379483.0,15.55,,,,,944.0,,,,513.5,,15925.0,,,332.4,116.08,22.349763673193788,,,,,417.0,341.0,30951.0,35177.0,,2968.0,2219.0,,1728.0,10.9,1307.0,2149.0,8.2,,13.5,,335.0,15.1,228.0,442.0,10.3,525.0,17.7,,380.0,671.0,12.8,19.9,22.6,AITKIN
2003-02-01,,9.0,,7466,,,,,,,,,,,,,,,,,,,,,,,,,,,,,,,,,,,,,,,,,,,,,,,,,,,,,,AITKIN
2003-03-01,,8.7,,7594,,,,,,,,,,,,,,1.0,,,,,,,,,,,,,,,,,,,,,,,,,,,,,,,,,,,,,,,,AITKIN
2003-04-01,,7.8,,7554,,,,,,,,,,,,,,,,,,,,21.29565816678153,,,,,421.0,,,,,,,,,,,,,,,,,,,,,,,,,,,,,AITKIN
2003-05-01,,5.7,,7627,,,,,,,,,,,,,,1.0,,,,,,,,,,,,,,,,,,,,,,,,,,,,,,,,,,,,,,,,AITKIN
2003-06-01,,6.2,,7650,,,,,,,,,,,,,,,,,,,,,,,,,,,,,,,,,,,,,,,,,,,,,,,,,,,,,,AITKIN
2003-07-01,,6.0,,7542,,,,,,,,,,,,,,,,,,,,21.44808743169399,,,,,425.0,,,,,,,,,,,,,,,,,,,,,,,,,,,,,AITKIN
2003-08-01,,5.5,,7413,,,,,,,,,,,,,,,,,,,,,,,,,,,,,,,,,,,,,,,,,,,,,,,,,,,,,,AITKIN
2003-09-01,,5.5,,7486,,,,,,,,,,,,,,,,,,,,,,,,,,,,,,,,,,,,,,,,,,,,,,,,,,,,,,AITKIN
2003-10-01,,5.2,,7539,,,,,,,,,,,,,,,,,,,,22.412611377655924,,,,,422.0,,,,,,,,,,,,,,,,,,,,,,,,,,,,,AITKIN
2003-11-01,,7.1,,7555,,,,,,,,,,,,,,,,,,,,,,,,,,,,,,,,,,,,,,,,,,,,,,,,,,,,,,AITKIN
2003-12-01,,8.1,,7590,,,,,,,,,,,,,,1.0,,,,,,,,,,,,,,,,,,,,,,,,,,,,,,,,,,,,,,,,AITKIN
2004-01-01,,10.1,24440.0,7808,,33632.0,391723.0,15.704,,,,,1028.0,,,,493.9,,16075.0,,,305.6,129.93,23.02947224126114,,,,,421.0,347.0,31504.0,35904.0,,2908.0,2145.0,,1811.0,11.3,1341.0,2280.0,8.3,,14.2,,354.0,16.5,231.0,477.0,10.7,522.0,17.9,,368.0,676.0,12.7,22.3,23.2,AITKIN
2004-02-01,,9.5,,7664,,,,,,,,,,,,,,,,,,,,,,,,,,,,,,,,,,,,,,,,,,,,,,,,,,,,,,AITKIN
2004-03-01,,9.6,,7765,,,,,,,,,,,,,,,,,,,,,,,,,,,,,,,,,,,,,,,,,,,,,,,,,,,,,,AITKIN
2004-04-01,,7.2,,7790,,,,,,,,,,,,,,,,,,,,22.593856655290104,,,,,421.0,,,,,,,,,,,,,,,,,,,,,,,,,,,,,AITKIN
2004-05-01,,5.6,,7861,,,,,,,,,,,,,,,,,,,,,,,,,,,,,,,,,,,,,,,,,,,,,,,,,,,,,,AITKIN
2004-06-01,,6.1,,8067,,,,,,,,,,,,,,4.0,,,,,,,,,,,,,,,,,,,,,,,,,,,,,,,,,,,,,,,,AITKIN
2004-07-01,,5.7,,7874,,,,,,,,,,,,,,,,,,,,21.875,,,,,426.0,,,,,,,,,,,,,,,,,,,,,,,,,,,,,AITKIN
2004-08-01,,5.6,,7857,,,,,,,,,,,,,,,,,,,,,,,,,,,,,,,,,,,,,,,,,,,,,,,,,,,,,,AITKIN
2004-09-01,,5.4,,7814,,,,,,,,,,,,,,1.0,,,,,,,,,,,,,,,,,,,,,,,,,,,,,,,,,,,,,,,,AITKIN
2004-10-01,,5.0,,7762,,,,,,,,,,,,,,,,,,,,21.92622950819672,,,,,427.0,,,,,,,,,,,,,,,,,,,,,,,,,,,,,AITKIN
2004-11-01,,6.0,,7647,,,,,,,,,,,,,,,,,,,,,,,,,,,,,,,,,,,,,,,,,,,,,,,,,,,,,,AITKIN
2004-12-01,,7.6,,7702,,,,,,,,,,,,,,,,,,,,,,,,,,,,,,,,,,,,,,,,,,,,,,,,,,,,,,AITKIN
2005-01-01,,8.8,24246.0,7685,,37268.0,391866.0,15.761,,,486.0,,963.0,,,,476.7,,15923.0,,,281.4,138.83,22.60509993108201,,,,,418.0,354.0,35013.0,39523.0,,2859.0,2118.0,,2295.0,14.4,1889.0,2701.0,11.9,,17.0,,424.0,20.0,325.0,523.0,15.3,678.0,23.7,,537.0,819.0,18.8,24.7,28.6,AITKIN
2005-02-01,,8.7,,7610,,,,,,,,,,,,,,,,,,,,,,,,,,,,,,,,,,,,,,,,,,,,,,,,,,,,,,AITKIN
2005-03-01,,8.5,,7618,,,,,,,,,,,,,,,,,,,,,,,,,,,,,,,,,,,,,,,,,,,,,,,,,,,,,,AITKIN
2005-04-01,,6.6,,7545,,,,,,,,,,,,,,,,,,,,22.041920216362406,,,,,443.0,,,,,,,,,,,,,,,,,,,,,,,,,,,,,AITKIN
2005-05-01,,5.2,,7724,,,,,,,,,,,,,,,,,,,,,,,,,,,,,,,,,,,,,,,,,,,,,,,,,,,,,,AITKIN
2005-06-01,,5.0,,7979,,,,,,,,,,,,,,,,,,,,,,,,,,,,,,,,,,,,,,,,,,,,,,,,,,,,,,AITKIN
2005-07-01,,4.6,,7854,,,,,,,,,,,,,,,,,,,,23.16817864619679,,,,,455.0,,,,,,,,,,,,,,,,,,,,,,,,,,,,,AITKIN
2005-08-01,,4.4,,7798,,,,,,,,,,,,,,,,,,,,,,,,,,,,,,,,,,,,,,,,,,,,,,,,,,,,,,AITKIN
2005-09-01,,4.5,,7850,,,,,,,,,,,,,,,,,,,,,,,,,,,,,,,,,,,,,,,,,,,,,,,,,,,,,,AITKIN
2005-10-01,,4.0,,7771,,,,,,,,,,,,,,1.0,,,,,,24.75928473177441,,,,,468.0,,,,,,,,,,,,,,,,,,,,,,,,,,,,,AITKIN
2005-11-01,,5.2,,7738,,,,,,,,,,,,,,,,,,,,,,,,,,,,,,,,,,,,,,,,,,,,,,,,,,,,,,AITKIN
2005-12-01,,6.7,,7722,,,,,,,,,,,,,,,,,,,,,,,,,,,,,,,,,,,,,,,,,,,,,,,,,,,,,,AITKIN
2006-01-01,,8.3,25194.0,7796,,36157.0,412093.0,15.878,,,394.0,,931.0,,,,499.0,,15904.0,,,298.7,151.19,24.486907289455058,,,,,452.0,265.0,33380.0,38934.0,,2960.0,2160.0,,2354.0,14.8,1931.0,2778.0,12.1,,17.5,,429.0,19.9,335.0,523.0,15.5,698.0,23.6,,564.0,831.0,19.1,24.2,28.1,AITKIN
2006-02-01,,8.0,,7919,,,,,,,,,,,,,,,,,,,,,,,,,,,,,,,,,,,,,,,,,,,,,,,,,,,,,,AITKIN
2006-03-01,,7.9,,7833,,,,,,,,,,,,,,,,,,,,,,,,,,,,,,,,,,,,,,,,,,,,,,,,,,,,,,AITKIN
2006-04-01,,6.4,,7640,,,,,,,,,,,,,,,,,,,,24.324324324324326,,,,,451.0,,,,,,,,,,,,,,,,,,,,,,,,,,,,,AITKIN
2006-05-01,,4.7,,7654,,,,,,,,,,,,,,,,,,,,,,,,,,,,,,,,,,,,,,,,,,,,,,,,,,,,,,AITKIN
2006-06-01,,4.9,,7898,,,,,,,,,,,,,,,,,,,,,,,,,,,,,,,,,,,,,,,,,,,,,,,,,,,,,,AITKIN
2006-07-01,,4.9,,7822,,,,,,,,,,,,,,,,,,,,24.33596554199569,,,,,449.0,,,,,,,,,,,,,,,,,,,,,,,,,,,,,AITKIN
2006-08-01,,4.6,,7683,,,,,,,,,,,,,,,,,,,,,,,,,,,,,,,,,,,,,,,,,,,,,,,,,,,,,,AITKIN
2006-09-01,,4.5,,7755,,,,,,,,,,,,,,,,,,,,,,,,,,,,,,,,,,,,,,,,,,,,,,,,,,,,,,AITKIN
2006-10-01,,4.5,,7715,,,,,,,,,,,,,,,,,,,,25.493060628195767,,,,,457.0,,,,,,,,,,,,,,,,,,,,,,,,,,,,,AITKIN
2006-11-01,,5.3,,7669,,,,,,,,,,,,,,,,,,,,,,,,,,,,,,,,,,,,,,,,,,,,,,,,,,,,,,AITKIN
2006-12-01,,6.8,,7675,,,,,,,,,,,,,,,,,,,,,,,,,,,,,,,,,,,,,,,,,,,,,,,,,,,,,,AITKIN
2007-01-01,,9.3,26221.0,7647,,38610.0,432145.0,15.937999999999999,,,411.0,,1104.0,,,,420.7,,15672.0,,,223.1,150.05,26.261887344550107,,,,,431.0,252.0,35888.0,41332.0,,2962.0,2131.0,,2100.0,13.4,1665.0,2535.0,10.6,,16.2,,401.0,18.8,296.0,506.0,13.9,650.0,21.9,,491.0,810.0,16.6,23.7,27.3,AITKIN
2007-02-01,,8.8,,7625,,,,,,,,,,,,,,,,,,,,,,,,,,,,,,,,,,,,,,,,,,,,,,,,,,,,,,AITKIN
2007-03-01,,8.6,,7718,,,,,,,,,,,,,,,,,,,,,,,,,,,,,,,,,,,,,,,,,,,,,,,,,,,,,,AITKIN
2007-04-01,,7.6,,7614,,,,,,,,,,,,,,,,,,,,25.342960288808666,,,,,440.0,,,,,,,,,,,,,,,,,,,,,,,,,,,,,AITKIN
2007-05-01,,5.9,,7783,,,,,,,,,,,,,,,,,,,,,,,,,,,,,,,,,,,,,,,,,,,,,,,,,,,,,,AITKIN
2007-06-01,,5.8,,8020,,,,,,,,,,,,,,,,,,,,,,,,,,,,,,,,,,,,,,,,,,,,,,,,,,,,,,AITKIN
2007-07-01,,5.8,,7733,,,,,,,,,,,,,,,,,,,,24.008810572687224,,,,,442.0,,,,,,,,,,,,,,,,,,,,,,,,,,,,,AITKIN
2007-08-01,,5.5,,7652,,,,,,,,,,,,,,,,,,,,,,,,,,,,,,,,,,,,,,,,,,,,,,,,,,,,,,AITKIN
2007-09-01,,5.4,,7728,,,,,,,,,,,,,,1.0,,,,,,,,,,,,,,,,,,,,,,,,,,,,,,,,,,,,,,,,AITKIN
2007-10-01,,5.2,,7743,,,,,,,,,,,,,,,,,,,,25.574499629355078,,,,,446.0,,,,,,,,,,,,,,,,,,,,,,,,,,,,,AITKIN
2007-11-01,,6.0,,7685,,,,,,,,,,,,,,,,,,,,,,,,,,,,,,,,,,,,,,,,,,,,,,,,,,,,,,AITKIN
2007-12-01,,7.7,,7665,,,,,,,,,,,,,,,,,,,,,,,,,,,,,,,,,,,,,,,,,,,,,,,,,,,,,,AITKIN
2008-01-01,,9.3,27856.0,7593,,39680.0,457454.0,15.82,,,412.0,,1249.0,,,,504.2,,15500.0,,,290.7,146.17,25.416036308623294,,,,,439.0,146.0,36787.0,42572.0,,2907.0,2097.0,,2158.0,13.9,1748.0,2567.0,11.3,67.5599999427795,16.6,,409.0,19.5,314.0,504.0,15.0,656.0,22.6,,516.0,796.0,17.8,24.0,27.4,AITKIN
2008-02-01,,9.4,,7488,,,,,,,,,,,,,,,,,,,,,,,,,,,,,,,,,,,,,,,,,,,,,,,,,,,,,,AITKIN
2008-03-01,,9.4,,7551,,,,,,,,,,,,,,,,,,,,,,,,,,,,,,,,,,,,,,,,,,,,,,,,,,,,,,AITKIN
2008-04-01,,8.3,,7606,,,,,,,,,,,,,,,,,,,,24.37735849056604,,,,,449.0,,,,,,,,,,,,,,,,,,,,,,,,,,,,,AITKIN
2008-05-01,,6.8,,7801,,,,,,,,,,,,,,,,,,,,,,,,,,,,,,,,,,,,,,,,,,,,,,,,,,,,,,AITKIN
2008-06-01,,6.7,,7965,,,,,,,,,,,,,,,,,,,,,,,,,,,,,,,,,,,,,,,,,,,,,,,,,,,,,,AITKIN
2008-07-01,,6.7,,7816,,,,,,,,,,,,,,,,,,,,23.515981735159816,,,,,457.0,,,,,,,,,,,,,,,,,,,,,,,,,,,,,AITKIN
2008-08-01,,6.9,,7742,,,,,,,,,,,,,,,,,,,,,,,,,,,,,,,,,,,,,,,,,,,,,,,,,,,,,,AITKIN
2008-09-01,,6.8,,7694,,,,,,,,,,,,,,,,,,,,,,,,,,,,,,,,,,,,,,,,,,,,,,,,,,,,,,AITKIN
2008-10-01,,7.2,,7678,,,,,,,,,,,,,,,,,,,,23.95437262357414,,,,,462.0,,,,,,,,,,,,,,,,,,,,,,,,,,,,,AITKIN
2008-11-01,,9.2,,7667,,,,,,,,,,,,,,,,,,,,,,,,,,,,,,,,,,,,,,,,,,,,,,,,,,,,,,AITKIN
2008-12-01,,10.5,,7577,,,,,,,,,,,,,,1.0,,,,,,,,,,,,,,,,,,,,,,,,,,,,,,,,,,,,,,,,AITKIN
2009-01-01,,13.0,28208.0,7674,15111.0,38924.0,456063.0,15.512,-601.0,83.38555989000447,323.0,29.48854944002616,1733.0,,3.32409972299169,,554.4,,15408.0,50.5,24.216369529983798,316.9,138.26,23.47560975609756,,,25.0,140.0,433.0,126.0,36494.0,41354.0,314.0,2744.0,1967.0,31.847507331378303,2307.0,15.0,1859.0,2756.0,12.1,59.2399998903275,17.9,23.5,427.0,21.7,328.0,526.0,16.7,657.0,23.9,39.0,514.0,800.0,18.7,26.7,29.2,AITKIN
2009-02-01,,13.1,,7680,,,,,,,,,,,,,,,,,,,,,,,,,,,,,,,,,,,,,,,,,,,,,,,,,,,,,,AITKIN
2009-03-01,,13.0,,7652,,,,,,,,,,,,,,,,,,,,,,,,,,,,,,,,,,,,,,,,,,,,,,,,,,,,,,AITKIN
2009-04-01,,10.8,,7700,,,,,,,,,,,,,,,,,,,,23.730098559514786,,,,,441.0,,,,,,,,,,,,,,,,,,,,,,,,,,,,,AITKIN
2009-05-01,,9.4,,7946,,,,,,,,,,,,,,,,,,,,,,,,,,,,,,,,,,,,,,,,,,,,,,,,,,,,,,AITKIN
2009-06-01,,9.3,,8150,,,,,,,,,,,,,,,,,,,,,,,,,,,,,,,,,,,,,,,,,,,,,,,,,,,,,,AITKIN
2009-07-01,,9.2,,7764,,,,,,,,,,,,,,,,,,,,25.129725722757602,,,,,441.0,,,,,,,,,,,,,,,,,,,,,,,,,,,,,AITKIN
2009-08-01,,9.0,,7692,,,,,,,,,,,,,,,,,,,,,,,,,,,,,,,,,,,,,,,,,,,,,,,,,,,,,,AITKIN
2009-09-01,,8.7,,7593,,,,,,,,,,,,,,1.0,,,,,,,,,,,,,,,,,,,,,,,,,,,,,,,,,,,,,,,,AITKIN
2009-10-01,,8.1,,7663,,,,,,,,,,,,,,,,,,,,25.694966190833963,,,,,442.0,,,,,,,,,,,,,,,,,,,,,,,,,,,,,AITKIN
2009-11-01,,9.3,,7564,,,,,,,,,,,,,,,,,,,,,,,,,,,,,,,,,,,,,,,,,,,,,,,,,,,,,,AITKIN
2009-12-01,,10.4,,7545,,,,,,,,,,,,,,1.0,,,,,,,,,,,,,,,,,,,,,,,,,,,,,,,,,,,,,,,,AITKIN
2010-01-01,88.1,13.1,29305.0,7198,15539.0,38646.0,475265.0,16.22,-263.0,83.06750741839762,366.0,29.22333845876052,1971.0,10.242829295460872,4.640718562874251,32.62823902696986,547.7,1.0,15950.0,50.7,24.77481036662452,329.0,130.81,26.11415168100078,14.4,,56.0,136.0,416.0,110.0,35689.0,41603.0,356.0,2857.0,2071.0,36.75115207373272,2090.0,13.1,1628.0,2552.0,10.2,61.059999942779505,16.0,24.3,438.0,21.1,328.0,548.0,15.8,688.0,24.1,14.0,525.0,851.0,18.4,26.4,29.8,AITKIN
2010-02-01,,13.1,,7294,,,,,,,,,,,,,,,,,,,,,,,,,,,,,,,,,,,,,,,,,,,,,,,,,,,,,,AITKIN
2010-03-01,,12.9,,7341,,,,,,,,,,,,,,,,,,,,,,,,,,,,,,,,,,,,,,,,,,,,,,,,,,,,,,AITKIN
2010-04-01,,10.7,,7267,,,,,,,,,,,,,,,,,,,,26.117103235747297,,,,,414.0,,,,,,,,,,,,,,,,,,,,,,,,,,,,,AITKIN
2010-05-01,,9.1,,7369,,,,,,,,,,,,,,,,,,,,,,,,,,,,,,,,,,,,,,,,,,,,,,,,,,,,,,AITKIN
2010-06-01,,9.2,,7486,,,,,,,,,,,,,,,,,,,,,,,,,,,,,,,,,,,,,,,,,,,,,,,,,,,,,,AITKIN
2010-07-01,,9.0,,7350,,,,,,,,,,,,,,,,,,,,25.82375478927203,,,,,415.0,,,,,,,,,,,,,,,,,,,,,,,,,,,,,AITKIN
2010-08-01,,9.0,,7269,,,,,,,,,,,,,,,,,,,,,,,,,,,,,,,,,,,,,,,,,,,,,,,,,,,,,,AITKIN
2010-09-01,,8.9,,7318,,,,,,,,,,,,,,,,,,,,,,,,,,,,,,,,,,,,,,,,,,,,,,,,,,,,,,AITKIN
2010-10-01,,8.6,,7293,,,,,,,,,,,,,,,,,,,,25.828835774865073,,,,,414.0,,,,,,,,,,,,,,,,,,,,,,,,,,,,,AITKIN
2010-11-01,,10.1,,7296,,,,,,,,,,,,,,,,,,,,,,,,,,,,,,,,,,,,,,,,,,,,,,,,,,,,,,AITKIN
2010-12-01,,11.0,,7242,,,,,,,,,,,,,,,,,,,,,,,,,,,,,,,,,,,,,,,,,,,,,,,,,,,,,,AITKIN
2011-01-01,89.4,12.6,30461.0,7131,15485.0,39958.0,490327.0,16.177,-63.0,84.59246384008941,409.0,22.26285253427269,2173.0,10.551299473416002,7.34375,32.15524139770605,622.2,,15973.0,51.3,24.489213197969548,346.5,124.55,26.470588235294123,15.1,,50.0,146.0,408.0,123.0,37015.0,42901.0,321.0,2796.0,2045.0,32.35477826358526,2101.0,13.2,1735.0,2467.0,10.9,57.6069999998435,15.5,25.4,434.0,21.2,318.0,550.0,15.5,640.0,22.9,25.0,481.0,799.0,17.2,26.9,28.6,AITKIN
2011-02-01,,12.3,,7170,,,,,,,,,,,,,,,,,,,,,,,,,,,,,,,,,,,,,,,,,,,,,,,,,,,,,,AITKIN
2011-03-01,,11.9,,7128,,,,,,,,,,,,,,,,,,,,,,,,,,,,,,,,,,,,,,,,,,,,,,,,,,,,,,AITKIN
2011-04-01,,10.7,,7044,,,,,,,,,,,,,,,,,,,,25.416036308623294,,,,,407.0,,,,,,,,,,,,,,,,,,,,,,,,,,,,,AITKIN
2011-05-01,,9.3,,7188,,,,,,,,,,,,,,,,,,,,,,,,,,,,,,,,,,,,,,,,,,,,,,,,,,,,,,AITKIN
2011-06-01,,9.1,,7328,,,,,,,,,,,,,,,,,,,,,,,,,,,,,,,,,,,,,,,,,,,,,,,,,,,,,,AITKIN
2011-07-01,,9.4,,7134,,,,,,,,,,,,,,2.0,,,,,,25.110456553755522,,,,,403.0,,,,,,,,,,,,,,,,,,,,,,,,,,,,,AITKIN
2011-08-01,,8.1,,7055,,,,,,,,,,,,,,1.0,,,,,,,,,,,,,,,,,,,,,,,,,,,,,,,,,,,,,,,,AITKIN
2011-09-01,,7.3,,7061,,,,,,,,,,,,,,,,,,,,,,,,,,,,,,,,,,,,,,,,,,,,,,,,,,,,,,AITKIN
2011-10-01,,6.9,,7097,,,,,,,,,,,,,,,,,,,,26.199543031226202,,,,,410.0,,,,,,,,,,,,,,,,,,,,,,,,,,,,,AITKIN
2011-11-01,,8.1,,6993,,,,,,,,,,,,,,,,,,,,,,,,,,,,,,,,,,,,,,,,,,,,,,,,,,,,,,AITKIN
2011-12-01,,9.1,,7013,,,,,,,,,,,,,,,,,,,,,,,,,,,,,,,,,,,,,,,,,,,,,,,,,,,,,,AITKIN
2012-01-01,89.5,10.7,31449.0,6825,15332.0,38871.0,500985.0,16.044,191.0,83.97516307074761,456.0,16.151606042333654,2164.0,11.091529073941134,9.98389694041868,33.45930624915643,460.7,,15685.0,51.8,25.557208994708997,234.7,119.81,25.63315425940138,14.6,12.6,72.0,154.0,394.0,69.0,35728.0,42014.0,253.0,2723.0,2021.0,38.24091778202677,2187.0,13.9,1808.0,2566.0,11.5,58.6719999997877,16.3,25.200000000000006,435.0,21.5,329.0,541.0,16.2,662.0,24.3,76.0,513.0,811.0,18.8,26.8,29.8,AITKIN
2012-02-01,,10.6,,6821,,,,,,,,,,,,,,,,,,,,,,,,,,,,,,,,,,,,,,,,,,,,,,,,,,,,,,AITKIN
2012-03-01,,10.4,,6810,,,,,,,,,,,,,,,,,,,,,,,,,,,,,,,,,,,,,,,,,,,,,,,,,,,,,,AITKIN
2012-04-01,,8.6,,6833,,,,,,,,,,,,,,,,,,,,23.972602739726025,,,,,394.0,,,,,,,,,,,,,,,,,,,,,,,,,,,,,AITKIN
2012-05-01,,7.3,,6997,,,,,,,,,,,,,,,,,,,,,,,,,,,,,,,,,,,,,,,,,,,,,,,,,,,,,,AITKIN
2012-06-01,,7.6,,7057,,,,,,,,,,,,,,,,,,,,,,,,,,,,,,,,,,,,,,,,,,,,,,,,,,,,,,AITKIN
2012-07-01,,7.3,,6903,,,,,,,,,,,,,,,,,,,,24.081020255063766,,,,,394.0,,,,,,,,,,,,,,,,,,,,,,,,,,,,,AITKIN
2012-08-01,,7.0,,6905,,,,,,,,,,,,,,1.0,,,,,,,,,,,,,,,,,,,,,,,,,,,,,,,,,,,,,,,,AITKIN
2012-09-01,,6.4,,6880,,,,,,,,,,,,,,,,,,,,,,,,,,,,,,,,,,,,,,,,,,,,,,,,,,,,,,AITKIN
2012-10-01,,6.2,,6972,,,,,,,,,,,,,,,,,,,,24.663677130044842,,,,,398.0,,,,,,,,,,,,,,,,,,,,,,,,,,,,,AITKIN
2012-11-01,,7.1,,6916,,,,,,,,,,,,,,,,,,,,,,,,,,,,,,,,,,,,,,,,,,,,,,,,,,,,,,AITKIN
2012-12-01,,8.2,,6937,,,,,,,,,,,,,,,,,,,,,,,,,,,,,,,,,,,,,,,,,,,,,,,,,,,,,,AITKIN
2013-01-01,90.0,10.1,32523.0,6822,15189.0,41784.0,511880.0,15.880999999999998,83.0,84.15252090195085,490.0,23.024630397729354,1994.0,11.534720269890355,10.307692307692307,32.68088552915766,570.4,,15483.0,52.0,24.528052805280534,344.5,118.9,24.719940253920843,14.7,12.1,42.0,165.0,388.0,97.0,39224.0,44344.0,286.0,2662.0,2025.0,36.61237785016287,2060.0,13.3,1637.0,2483.0,10.6,49.6909999996424,16.0,25.4,421.0,20.8,307.0,535.0,15.2,620.0,23.3,63.0,472.0,768.0,17.7,26.4,28.9,AITKIN
2013-02-01,,9.5,,6716,,,,,,,,,,,,,,,,,,,,,,,,,,,,,,,,,,,,,,,,,,,,,,,,,,,,,,AITKIN
2013-03-01,,9.2,,6709,,,,,,,,,,,,,,,,,,,,,,,,,,,,,,,,,,,,,,,,,,,,,,,,,,,,,,AITKIN
2013-04-01,,8.4,,6704,,,,,,,,,,,,,,1.0,,,,,,23.731343283582092,,,,,393.0,,,,,,,,,,,,,,,,,,,,,,,,,,,,,AITKIN
2013-05-01,,6.9,,6875,,,,,,,,,,,,,,,,,,,,,,,,,,,,,,,,,,,,,,,,,,,,,,,,,,,,,,AITKIN
2013-06-01,,7.1,,6990,,,,,,,,,,,,,,,,,,,,,,,,,,,,,,,,,,,,,,,,,,,,,,,,,,,,,,AITKIN
2013-07-01,,6.7,,6831,,,,,,,,,,,,,,,,,,,,23.70909090909091,,,,,398.0,,,,,,,,,,,,,,,,,,,,,,,,,,,,,AITKIN
2013-08-01,,6.1,,6791,,,,,,,,,,,,,,,,,,,,,,,,,,,,,,,,,,,,,,,,,,,,,,,,,,,,,,AITKIN
2013-09-01,,5.7,,6801,,,,,,,,,,,,,,,,,,,,,,,,,,,,,,,,,,,,,,,,,,,,,,,,,,,,,,AITKIN
2013-10-01,,5.5,,6765,,,,,,,,,,,,,,,,,,,,23.93038433647571,,,,,389.0,,,,,,,,,,,,,,,,,,,,,,,,,,,,,AITKIN
2013-11-01,,6.5,,6772,,,,,,,,,,,,,,,,,,,,,,,,,,,,,,,,,,,,,,,,,,,,,,,,,,,,,,AITKIN
2013-12-01,,7.7,,6846,,,,,,,,,,,,,,,,,,,,,,,,,,,,,,,,,,,,,,,,,,,,,,,,,,,,,,AITKIN
2014-01-01,90.4,9.7,35699.0,6705,15101.0,40676.0,560078.0,15.856,-19.0,84.83285577841451,377.0,24.613459189604807,1770.0,11.376472672513065,7.096774193548387,32.521881838074385,616.2,,15519.0,52.6,24.837001489326486,325.0,115.52,23.405797101449274,14.8,11.9,52.0,169.0,382.0,175.0,37647.0,43705.0,335.0,2701.0,2049.0,33.808553971486766,2306.0,14.9,1908.0,2704.0,12.3,52.92699999967589,17.5,25.700000000000006,432.0,21.1,327.0,537.0,16.0,645.0,23.9,67.0,499.0,791.0,18.5,26.2,29.3,AITKIN
2014-02-01,,9.2,,6696,,,,,,,,,,,,,,,,,,,,,,,,,,,,,,,,,,,,,,,,,,,,,,,,,,,,,,AITKIN
2014-03-01,,9.4,,6794,,,,,,,,,,,,,,,,,,,,,,,,,,,,,,,,,,,,,,,,,,,,,,,,,,,,,,AITKIN
2014-04-01,,7.7,,6737,,,,,,,,,,,,,,,,,,,,23.0503795721187,,,,,384.0,,,,,,,,,,,,,,,,,,,,,,,,,,,,,AITKIN
2014-05-01,,6.0,,6846,,,,,,,,,,,,,,,,,,,,,,,,,,,,,,,,,,,,,,,,,,,,,,,,,,,,,,AITKIN
2014-06-01,,5.8,,6967,,,,,,,,,,,,,,,,,,,,,,,,,,,,,,,,,,,,,,,,,,,,,,,,,,,,,,AITKIN
2014-07-01,,5.7,,6812,,,,,,,,,,,,,,,,,,,,23.166552433173408,,,,,386.0,,,,,,,,,,,,,,,,,,,,,,,,,,,,,AITKIN
2014-08-01,,5.2,,6802,,,,,,,,,,,,,,,,,,,,,,,,,,,,,,,,,,,,,,,,,,,,,,,,,,,,,,AITKIN
2014-09-01,,4.7,,6755,,,,,,,,,,,,,,,,,,,,,,,,,,,,,,,,,,,,,,,,,,,,,,,,,,,,,,AITKIN
2014-10-01,,4.2,,6701,,,,,,,,,,,,,,,,,,,,22.899728997289966,,,,,388.0,,,,,,,,,,,,,,,,,,,,,,,,,,,,,AITKIN
2014-11-01,,5.6,,6750,,,,,,,,,,,,,,,,,,,,,,,,,,,,,,,,,,,,,,,,,,,,,,,,,,,,,,AITKIN
2014-12-01,,6.9,,6696,,,,,,,,,,,,,,,,,,,,,,,,,,,,,,,,,,,,,,,,,,,,,,,,,,,,,,AITKIN
2015-01-01,90.6,9.1,35701.0,6778,14950.0,43817.0,559399.0,15.862,-11.0,83.62783525027308,217.0,23.597638629357647,1674.0,11.619599673942574,5.837173579109062,31.94519804666305,480.8,,15452.0,53.1,25.10299782281025,270.4,119.07,22.98692360633173,15.5,12.4,48.0,178.0,376.0,122.0,40629.0,47005.0,287.0,2670.0,2046.0,34.972677595628426,2191.0,14.2,1822.0,2560.0,11.8,54.8209999999963,16.6,26.5,417.0,20.4,315.0,519.0,15.4,598.0,22.4,55.0,466.0,730.0,17.5,25.4,27.3,AITKIN
2015-02-01,,8.5,,6749,,,,,,,,,,,,,,,,,,,,,,,,,,,,,,,,,,,,,,,,,,,,,,,,,,,,,,AITKIN
2015-03-01,,8.7,,6868,,,,,,,,,,,,,,,,,,,,,,,,,,,,,,,,,,,,,,,,,,,,,,,,,,,,,,AITKIN
2015-04-01,,7.0,,6842,,,,,,,,,,,,,,,,,,,,22.3728813559322,,,,,378.0,,,,,,,,,,,,,,,,,,,,,,,,,,,,,AITKIN
2015-05-01,,5.7,,6910,,,,,,,,,,,,,,,,,,,,,,,,,,,,,,,,,,,,,,,,,,,,,,,,,,,,,,AITKIN
2015-06-01,,5.6,,7021,,,,,,,,,,,,,,,,,,,,,,,,,,,,,,,,,,,,,,,,,,,,,,,,,,,,,,AITKIN
2015-07-01,,5.3,,6830,,,,,,,,,,,,,,,,,,,,22.474916387959873,,,,,365.0,,,,,,,,,,,,,,,,,,,,,,,,,,,,,AITKIN
2015-08-01,,4.7,,6780,,,,,,,,,,,,,,,,,,,,,,,,,,,,,,,,,,,,,,,,,,,,,,,,,,,,,,AITKIN
2015-09-01,,4.3,,6790,,,,,,,,,,,,,,,,,,,,,,,,,,,,,,,,,,,,,,,,,,,,,,,,,,,,,,AITKIN
2015-10-01,,4.6,,6879,,,,,,,,,,,,,,,,,,,,23.39297548045063,,,,,368.0,,,,,,,,,,,,,,,,,,,,,,,,,,,,,AITKIN
2015-11-01,,6.5,,6948,,,,,,,,,,,,,,,,,,,,,,,,,,,,,,,,,,,,,,,,,,,,,,,,,,,,,,AITKIN
2015-12-01,,8.1,,7046,,,,,,,,,,,,,,,,,,,,,,,,,,,,,,,,,,,,,,,,,,,,,,,,,,,,,,AITKIN
2016-01-01,91.3,9.2,37251.0,6993,14798.0,46617.0,580480.0,15.776,,83.1995858141341,274.0,17.82898589899536,,11.29547281007233,5.537974683544303,31.82930144060886,727.6,,15330.0,53.6,25.41061977121393,468.5,121.18,21.707478491065523,16.0,12.8,50.0,186.0,368.0,155.0,43701.0,49533.0,302.0,2573.0,1979.0,37.26448011165387,2010.0,13.1,1649.0,2371.0,10.7,,15.5,27.2,391.0,19.8,302.0,480.0,15.3,580.0,22.5,58.0,460.0,700.0,17.8,24.3,27.2,AITKIN
2016-02-01,,9.1,,7048,,,,,,,,,,,,,,,,,,,,,,,,,,,,,,,,,,,,,,,,,,,,,,,,,,,,,,AITKIN
2016-03-01,,9.7,,7069,,,,,,,,,,,,,,,,,,,,,,,,,,,,,,,,,,,,,,,,,,,,,,,,,,,,,,AITKIN
2016-04-01,,7.6,,7042,,,,,,,,,,,,,,,,,,,,21.91157347204161,,,,,369.0,,,,,,,,,,,,,,,,,,,,,,,,,,,,,AITKIN
2016-05-01,,5.4,,7056,,,,,,,,,,,,,,,,,,,,,,,,,,,,,,,,,,,,,,,,,,,,,,,,,,,,,,AITKIN
2016-06-01,,6.0,,7134,,,,,,,,,,,,,,,,,,,,,,,,,,,,,,,,,,,,,,,,,,,,,,,,,,,,,,AITKIN
2016-07-01,,5.8,,7068,,,,,,,,,,,,,,,,,,,,21.86287192755498,,,,,376.0,,,,,,,,,,,,,,,,,,,,,,,,,,,,,AITKIN
2016-08-01,,5.7,,7007,,,,,,,,,,,,,,,,,,,,,,,,,,,,,,,,,,,,,,,,,,,,,,,,,,,,,,AITKIN
2016-09-01,,5.3,,6953,,,,,,,,,,,,,,,,,,,,,,,,,,,,,,,,,,,,,,,,,,,,,,,,,,,,,,AITKIN
2016-10-01,,5.1,,7024,,,,,,,,,,,,,,,,,,,,21.879021879021877,,,,,377.0,,,,,,,,,,,,,,,,,,,,,,,,,,,,,AITKIN
2016-11-01,,6.5,,7068,,,,,,,,,,,,,,,,,,,,,,,,,,,,,,,,,,,,,,,,,,,,,,,,,,,,,,AITKIN
2016-12-01,,8.6,,7180,,,,,,,,,,,,,,,,,,,,,,,,,,,,,,,,,,,,,,,,,,,,,,,,,,,,,,AITKIN
2017-01-01,,9.8,,7253,,,,15.829,,,281.0,,,,,,,,,,,,124.78,21.44686299615877,,,,,377.0,168.0,,,,,,,,,,,,,,,,,,,,,,,,,,,,AITKIN
2017-02-01,,9.2,,7237,,,,,,,,,,,,,,,,,,,,,,,,,,,,,,,,,,,,,,,,,,,,,,,,,,,,,,AITKIN
2017-03-01,,8.9,,7251,,,,,,,,,,,,,,,,,,,,,,,,,,,,,,,,,,,,,,,,,,,,,,,,,,,,,,AITKIN
2017-04-01,,7.0,,7124,,,,,,,,,,,,,,,,,,,,21.012171684817424,,,,,384.0,,,,,,,,,,,,,,,,,,,,,,,,,,,,,AITKIN
2017-05-01,,5.0,,7161,,,,,,,,,,,,,,,,,,,,,,,,,,,,,,,,,,,,,,,,,,,,,,,,,,,,,,AITKIN
2017-06-01,,4.8,,7233,,,,,,,,,,,,,,,,,,,,,,,,,,,,,,,,,,,,,,,,,,,,,,,,,,,,,,AITKIN
2017-07-01,,4.5,,7167,,,,,,,,,,,,,,,,,,,,22.18607677293429,,,,,383.0,,,,,,,,,,,,,,,,,,,,,,,,,,,,,AITKIN
2017-08-01,,4.3,,7123,,,,,,,,,,,,,,,,,,,,,,,,,,,,,,,,,,,,,,,,,,,,,,,,,,,,,,AITKIN
2017-09-01,,3.8,,7087,,,,,,,,,,,,,,,,,,,,,,,,,,,,,,,,,,,,,,,,,,,,,,,,,,,,,,AITKIN
2017-10-01,,3.3,,7066,,,,,,,,,,,,,,,,,,,,20.70338420703384,,,,,386.0,,,,,,,,,,,,,,,,,,,,,,,,,,,,,AITKIN
2017-11-01,,6.1,,7261,,,,,,,,,,,,,,,,,,,,,,,,,,,,,,,,,,,,,,,,,,,,,,,,,,,,,,AITKIN
2017-12-01,,7.8,,7377,,,,,,,,,,,,,,,,,,,,,,,,,,,,,,,,,,,,,,,,,,,,,,,,,,,,,,AITKIN
2018-01-01,,9.3,,7445,,,,,,,,,,,,,,,,,,,,19.734219269102987,,,,,393.0,,,,,,,,,,,,,,,,,,,,,,,,,,,,,AITKIN
2018-02-01,,8.6,,7442,,,,,,,,,,,,,,,,,,,,,,,,,,,,,,,,,,,,,,,,,,,,,,,,,,,,,,AITKIN
2018-03-01,,8.3,,7406,,,,,,,,,,,,,,,,,,,,,,,,,,,,,,,,,,,,,,,,,,,,,,,,,,,,,,AITKIN
2018-04-01,,6.9,,7391,,,,,,,,,,,,,,,,,,,,19.694960212201593,,,,,,,,,,,,,,,,,,,,,,,,,,,,,,,,,,AITKIN
2018-05-01,,4.3,,7421,,,,,,,,,,,,,,,,,,,,,,,,,,,,,,,,,,,,,,,,,,,,,,,,,,,,,,AITKIN
2018-06-01,,4.2,,7459,,,,,,,,,,,,,,,,,,,,,,,,,,,,,,,,,,,,,,,,,,,,,,,,,,,,,,AITKIN
2018-07-01,,4.1,,7368,,,,,,,,,,,,,,,,,,,,,,,,,,,,,,,,,,,,,,,,,,,,,,,,,,,,,,AITKIN
2018-08-01,,3.5,,7194,,,,,,,,,,,,,,,,,,,,,,,,,,,,,,,,,,,,,,,,,,,,,,,,,,,,,,AITKIN
