DATE,B03002003E027019,B01002001E027019,B03002005E027019,MNCARV9URN,CBR27019MNA647NCEN,MNCARV9POP,MHIMN27019A052NCEN,S1701ACS027019,PI27019,PCPI27019,MNCARV9LFN,ATNHPIUS27019A,BPPRIV027019,ENU2701920510,2020RATIO027019,B03002006E027019,EQFXSUBPRIME027019,B03002012E027019,CDC20N2U027019,B080ACS027019,S1101SPHOUSE027019,HOWNRATEACS027019,DMPCRATE027019,RACEDISPARITY027019,FBITC027019,B03002004E027019,NETMIGNACS027019,PUA0T17MN27019A647NCEN,PUAAMN27019A647NCEN,PUA5T17RMN27019A647NCEN,USPTOISSUED027019,MHICILBMN27019A052NCEN,MHICIUBMN27019A052NCEN,MWACL27019,HC01ESTVC1727019,HC01ESTVC1627019,DP04ACS027019,CDC20N2UAA027019,B14005DCYACS027019,PEAAMN27019A647NCEN,PPAAMN27019A156NCEN,PECILBAAMN27019A647NCEN,PECIUBAAMN27019A647NCEN,PPCILBAAMN27019A156NCEN,PPCIUBAAMN27019A156NCEN,S1501ACSTOTAL027019,PEU18MN27019A647NCEN,PPU18MN27019A156NCEN,PECILBU18MN27019A647NCEN,PECIUBU18MN27019A647NCEN,PPCILBU18MN27019A156NCEN,PE5T17MN27019A647NCEN,PP5T17MN27019A156NCEN,PECILB5T17MN27019A647NCEN,PECIUB5T17MN27019A647NCEN,PPCILB5T17MN27019A156NCEN,PPCIUB5T17MN27019A156NCEN,PPCIUBU18MN27019A156NCEN,county
1991-01-01,,,,4.8,,50.251000000000005,,,1111829.0,22126.0,28844,62.92,514.0,966.0,,,,,,,,,,,,,,,,,,,,,,,,,,,,,,,,,,,,,,,,,,,,,CARVER
1991-02-01,,,,4.9,,,,,,,28978,,,,,,,,,,,,,,,,,,,,,,,,,,,,,,,,,,,,,,,,,,,,,,,,CARVER
1991-03-01,,,,5.0,,,,,,,29176,,,,,,,,,,,,,,,,,,,,,,,,,,,,,,,,,,,,,,,,,,,,,,,,CARVER
1991-04-01,,,,4.2,,,,,,,29084,,,981.0,,,,,,,,,,,,,,,,,,,,,,,,,,,,,,,,,,,,,,,,,,,,,CARVER
1991-05-01,,,,3.7,,,,,,,28982,,,,,,,,,,,,,,,,,,,,,,,,,,,,,,,,,,,,,,,,,,,,,,,,CARVER
1991-06-01,,,,3.9,,,,,,,29269,,,,,,,,,,,,,,,,,,,,,,,,,,,,,,,,,,,,,,,,,,,,,,,,CARVER
1991-07-01,,,,3.6,,,,,,,29554,,,989.0,,,,,,,,,,,,,,,,,,,,,,,,,,,,,,,,,,,,,,,,,,,,,CARVER
1991-08-01,,,,3.7,,,,,,,29430,,,,,,,,,,,,,,,,,,,,,,,,,,,,,,,,,,,,,,,,,,,,,,,,CARVER
1991-09-01,,,,3.9,,,,,,,29095,,,,,,,,,,,,,,,,,,,,,,,,,,,,,,,,,,,,,,,,,,,,,,,,CARVER
1991-10-01,,,,3.3,,,,,,,29096,,,1007.0,,,,,,,,,,,,,,,,,,,,,,,,,,,,,,,,,,,,,,,,,,,,,CARVER
1991-11-01,,,,3.5,,,,,,,29327,,,,,,,,,,,,,,,,,,,,,,,,,,,,,,,,,,,,,,,,,,,,,,,,CARVER
1991-12-01,,,,3.6,,,,,,,29207,,,,,,,,,,,,,,,,,,,,,,,,,,,,,,,,,,,,,,,,,,,,,,,,CARVER
1992-01-01,,,,4.4,,52.089,,,1228982.0,23594.0,29722,64.2,750.0,1041.0,,,,,,,,,,,,,,,,,,,,,,,,,,,,,,,,,,,,,,,,,,,,,CARVER
1992-02-01,,,,4.7,,,,,,,29961,,,,,,,,,,,,,,,,,,,,,,,,,,,,,,,,,,,,,,,,,,,,,,,,CARVER
1992-03-01,,,,4.8,,,,,,,30283,,,,,,,,,,,,,,,,,,,,,,,,,,,,,,,,,,,,,,,,,,,,,,,,CARVER
1992-04-01,,,,3.9,,,,,,,30075,,,1052.0,,,,,,,,,,,,,,,,,,,,,,,,,,,,,,,,,,,,,,,,,,,,,CARVER
1992-05-01,,,,3.7,,,,,,,30079,,,,,,,,,,,,,,,,,,,,,,,,,,,,,,,,,,,,,,,,,,,,,,,,CARVER
1992-06-01,,,,3.9,,,,,,,30304,,,,,,,,,,,,,,,,,,,,1.0,,,,,,,,,,,,,,,,,,,,,,,,,,,,CARVER
1992-07-01,,,,3.4,,,,,,,30705,,,1089.0,,,,,,,,,,,,,,,,,,,,,,,,,,,,,,,,,,,,,,,,,,,,,CARVER
1992-08-01,,,,3.4,,,,,,,30614,,,,,,,,,,,,,,,,,,,,6.0,,,,,,,,,,,,,,,,,,,,,,,,,,,,CARVER
1992-09-01,,,,3.8,,,,,,,30321,,,,,,,,,,,,,,,,,,,,,,,,,,,,,,,,,,,,,,,,,,,,,,,,CARVER
1992-10-01,,,,3.6,,,,,,,30517,,,1101.0,,,,,,,,,,,,,,,,,,,,,,,,,,,,,,,,,,,,,,,,,,,,,CARVER
1992-11-01,,,,3.4,,,,,,,30583,,,,,,,,,,,,,,,,,,,,,,,,,,,,,,,,,,,,,,,,,,,,,,,,CARVER
1992-12-01,,,,3.8,,,,,,,30651,,,,,,,,,,,,,,,,,,,,,,,,,,,,,,,,,,,,,,,,,,,,,,,,CARVER
1993-01-01,,,,4.4,1024.0,54.43600000000001,46863.0,,1351075.0,24820.0,31125,66.58,789.0,1122.0,,,,,,,,,,,,,,,,,,44520.0,49193.0,,,,,,,2635.0,4.6,2074.0,3195.0,3.6,5.6,,990.0,5.6,761.0,1219.0,4.3,581.0,4.6,433.0,729.0,3.5,5.8,6.9,CARVER
1993-02-01,,,,4.4,,,,,,,31317,,,,,,,,,,,,,,,,,,,,1.0,,,,,,,,,,,,,,,,,,,,,,,,,,,,CARVER
1993-03-01,,,,4.4,,,,,,,31445,,,,,,,,,,,,,,,,,,,,,,,,,,,,,,,,,,,,,,,,,,,,,,,,CARVER
1993-04-01,,,,3.7,,,,,,,31432,,,1133.0,,,,,,,,,,,,,,,,,,,,,,,,,,,,,,,,,,,,,,,,,,,,,CARVER
1993-05-01,,,,3.4,,,,,,,31432,,,,,,,,,,,,,,,,,,,,,,,,,,,,,,,,,,,,,,,,,,,,,,,,CARVER
1993-06-01,,,,4.0,,,,,,,31811,,,,,,,,,,,,,,,,,,,,,,,,,,,,,,,,,,,,,,,,,,,,,,,,CARVER
1993-07-01,,,,3.3,,,,,,,32113,,,1151.0,,,,,,,,,,,,,,,,,1.0,,,,,,,,,,,,,,,,,,,,,,,,,,,,CARVER
1993-08-01,,,,2.9,,,,,,,31983,,,,,,,,,,,,,,,,,,,,,,,,,,,,,,,,,,,,,,,,,,,,,,,,CARVER
1993-09-01,,,,3.1,,,,,,,31466,,,,,,,,,,,,,,,,,,,,,,,,,,,,,,,,,,,,,,,,,,,,,,,,CARVER
1993-10-01,,,,2.7,,,,,,,31807,,,1185.0,,,,,,,,,,,,,,,,,,,,,,,,,,,,,,,,,,,,,,,,,,,,,CARVER
1993-11-01,,,,2.6,,,,,,,31928,,,,,,,,,,,,,,,,,,,,,,,,,,,,,,,,,,,,,,,,,,,,,,,,CARVER
1993-12-01,,,,3.2,,,,,,,32081,,,,,,,,,,,,,,,,,,,,1.0,,,,,,,,,,,,,,,,,,,,,,,,,,,,CARVER
1994-01-01,,,,4.1,,56.93600000000001,,,1488627.0,26146.0,33079,69.38,842.0,1228.0,,,,,,,,,,,,,,,,,,,,,,,,,,,,,,,,,,,,,,,,,,,,,CARVER
1994-02-01,,,,3.9,,,,,,,33176,,,,,,,,,,,,,,,,,,,,1.0,,,,,,,,,,,,,,,,,,,,,,,,,,,,CARVER
1994-03-01,,,,3.8,,,,,,,33339,,,,,,,,,,,,,,,,,,,,,,,,,,,,,,,,,,,,,,,,,,,,,,,,CARVER
1994-04-01,,,,2.8,,,,,,,33345,,,1248.0,,,,,,,,,,,,,,,,,,,,,,,,,,,,,,,,,,,,,,,,,,,,,CARVER
1994-05-01,,,,2.2,,,,,,,33199,,,,,,,,,,,,,,,,,,,,,,,,,,,,,,,,,,,,,,,,,,,,,,,,CARVER
1994-06-01,,,,2.6,,,,,,,33483,,,,,,,,,,,,,,,,,,,,1.0,,,,,,,,,,,,,,,,,,,,,,,,,,,,CARVER
1994-07-01,,,,2.3,,,,,,,33949,,,1237.0,,,,,,,,,,,,,,,,,,,,,,,,,,,,,,,,,,,,,,,,,,,,,CARVER
1994-08-01,,,,2.2,,,,,,,33707,,,,,,,,,,,,,,,,,,,,,,,,,,,,,,,,,,,,,,,,,,,,,,,,CARVER
1994-09-01,,,,2.5,,,,,,,33285,,,,,,,,,,,,,,,,,,,,,,,,,,,,,,,,,,,,,,,,,,,,,,,,CARVER
1994-10-01,,,,2.3,,,,,,,33622,,,1268.0,,,,,,,,,,,,,,,,,,,,,,,,,,,,,,,,,,,,,,,,,,,,,CARVER
1994-11-01,,,,2.2,,,,,,,33699,,,,,,,,,,,,,,,,,,,,,,,,,,,,,,,,,,,,,,,,,,,,,,,,CARVER
1994-12-01,,,,2.6,,,,,,,33969,,,,,,,,,,,,,,,,,,,,,,,,,,,,,,,,,,,,,,,,,,,,,,,,CARVER
1995-01-01,,,,3.5,950.0,59.644,54024.0,,1653892.0,27729.0,34846,75.31,710.0,1315.0,,,,,,,,,,,,,,,,,,50904.0,57126.0,,,,,,,2149.0,3.5,1696.0,2602.0,2.7,4.2,,778.0,4.1,599.0,958.0,3.2,454.0,3.4,345.0,563.0,2.6,4.2,5.0,CARVER
1995-02-01,,,,3.3,,,,,,,34996,,,,,,,,,,,,,,,,,,,,,,,,,,,,,,,,,,,,,,,,,,,,,,,,CARVER
1995-03-01,,,,3.2,,,,,,,35030,,,,,,,,,,,,,,,,,,,,,,,,,,,,,,,,,,,,,,,,,,,,,,,,CARVER
1995-04-01,,,,2.7,,,,,,,34960,,,1332.0,,,,,,,,,,,,,,,,,,,,,,,,,,,,,,,,,,,,,,,,,,,,,CARVER
1995-05-01,,,,2.1,,,,,,,34927,,,,,,,,,,,,,,,,,,,,,,,,,,,,,,,,,,,,,,,,,,,,,,,,CARVER
1995-06-01,,,,2.4,,,,,,,35183,,,,,,,,,,,,,,,,,,,,,,,,,,,,,,,,,,,,,,,,,,,,,,,,CARVER
1995-07-01,,,,2.0,,,,,,,35650,,,1325.0,,,,,,,,,,,,,,,,,,,,,,,,,,,,,,,,,,,,,,,,,,,,,CARVER
1995-08-01,,,,1.8,,,,,,,35485,,,,,,,,,,,,,,,,,,,,,,,,,,,,,,,,,,,,,,,,,,,,,,,,CARVER
1995-09-01,,,,2.1,,,,,,,35068,,,,,,,,,,,,,,,,,,,,,,,,,,,,,,,,,,,,,,,,,,,,,,,,CARVER
1995-10-01,,,,1.7,,,,,,,35404,,,1391.0,,,,,,,,,,,,,,,,,,,,,,,,,,,,,,,,,,,,,,,,,,,,,CARVER
1995-11-01,,,,1.9,,,,,,,35538,,,,,,,,,,,,,,,,,,,,,,,,,,,,,,,,,,,,,,,,,,,,,,,,CARVER
1995-12-01,,,,2.4,,,,,,,35596,,,,,,,,,,,,,,,,,,,,,,,,,,,,,,,,,,,,,,,,,,,,,,,,CARVER
1996-01-01,,,,3.0,,62.196999999999996,,,1831854.0,29452.0,36261,77.14,710.0,1421.0,,,,,,,,,,,,,,,,,,,,,,,,,,,,,,,,,,,,,,,,,,,,,CARVER
1996-02-01,,,,2.8,,,,,,,36312,,,,,,,,,,,,,,,,,,,,,,,,,,,,,,,,,,,,,,,,,,,,,,,,CARVER
1996-03-01,,,,3.3,,,,,,,36606,,,,,,,,,,,,,,,,,,,,,,,,,,,,,,,,,,,,,,,,,,,,,,,,CARVER
1996-04-01,,,,2.8,,,,,,,36629,,,1437.0,,,,,,,,,,,,,,,,,,,,,,,,,,,,,,,,,,,,,,,,,,,,,CARVER
1996-05-01,,,,2.1,,,,,,,36471,,,,,,,,,,,,,,,,,,,,,,,,,,,,,,,,,,,,,,,,,,,,,,,,CARVER
1996-06-01,,,,2.3,,,,,,,36896,,,,,,,,,,,,,,,,,,,,,,,,,,,,,,,,,,,,,,,,,,,,,,,,CARVER
1996-07-01,,,,2.2,,,,,,,37347,,,1473.0,,,,,,,,,,,,,,,,,,,,,,,,,,,,,,,,,,,,,,,,,,,,,CARVER
1996-08-01,,,,2.1,,,,,,,37104,,,,,,,,,,,,,,,,,,,,,,,,,,,,,,,,,,,,,,,,,,,,,,,,CARVER
1996-09-01,,,,2.3,,,,,,,36806,,,,,,,,,,,,,,,,,,,,,,,,,,,,,,,,,,,,,,,,,,,,,,,,CARVER
1996-10-01,,,,2.0,,,,,,,37056,,,1493.0,,,,,,,,,,,,,,,,,,,,,,,,,,,,,,,,,,,,,,,,,,,,,CARVER
1996-11-01,,,,2.1,,,,,,,37297,,,,,,,,,,,,,,,,,,,,,,,,,,,,,,,,,,,,,,,,,,,,,,,,CARVER
1996-12-01,,,,2.3,,,,,,,37287,,,,,,,,,,,,,,,,,,,,,,,,,,,,,,,,,,,,,,,,,,,,,,,,CARVER
1997-01-01,,,,3.0,669.0,63.93899999999999,58797.0,,2004250.0,31346.0,37397,80.76,772.0,1496.0,,,,,,,,,,,,,,,,,,55579.0,61998.0,,,,,,,2421.0,3.7,1853.0,2988.0,2.8,4.6,,980.0,4.9,715.0,1245.0,3.6,655.0,4.7,455.0,855.0,3.3,6.2,6.3,CARVER
1997-02-01,,,,2.7,,,,,,,37413,,,,,,,,,,,,,,,,,,,,1.0,,,,,,,,,,,,,,,,,,,,,,,,,,,,CARVER
1997-03-01,,,,2.7,,,,,,,37673,,,,,,,,,,,,,,,,,,,,,,,,,,,,,,,,,,,,,,,,,,,,,,,,CARVER
1997-04-01,,,,2.3,,,,,,,37666,,,1513.0,,,,,,,,,,,,,,,,,,,,,,,,,,,,,,,,,,,,,,,,,,,,,CARVER
1997-05-01,,,,1.7,,,,,,,37614,,,,,,,,,,,,,,,,,,,,1.0,,,,,,,,,,,,,,,,,,,,,,,,,,,,CARVER
1997-06-01,,,,2.0,,,,,,,37978,,,,,,,,,,,,,,,,,,,,,,,,,,,,,,,,,,,,,,,,,,,,,,,,CARVER
1997-07-01,,,,1.6,,,,,,,38430,,,1567.0,,,,,,,,,,,,,,,,,,,,,,,,,,,,,,,,,,,,,,,,,,,,,CARVER
1997-08-01,,,,1.7,,,,,,,38239,,,,,,,,,,,,,,,,,,,,,,,,,,,,,,,,,,,,,,,,,,,,,,,,CARVER
1997-09-01,,,,1.9,,,,,,,37921,,,,,,,,,,,,,,,,,,,,,,,,,,,,,,,,,,,,,,,,,,,,,,,,CARVER
1997-10-01,,,,1.6,,,,,,,38066,,,1555.0,,,,,,,,,,,,,,,,,,,,,,,,,,,,,,,,,,,,,,,,,,,,,CARVER
1997-11-01,,,,1.6,,,,,,,38305,,,,,,,,,,,,,,,,,,,,,,,,,,,,,,,,,,,,,,,,,,,,,,,,CARVER
1997-12-01,,,,2.0,,,,,,,38265,,,,,,,,,,,,,,,,,,,,,,,,,,,,,,,,,,,,,,,,,,,,,,,,CARVER
1998-01-01,,,,2.6,603.0,65.83800000000001,63721.0,,2252428.0,34212.0,38657,84.32,977.0,1567.0,,,,,,,,,,,,,,20481.0,67596.0,14537.0,1.0,60488.0,66935.0,,,,,,,2541.0,3.8,1948.0,3133.0,2.9,4.6,,1073.0,5.2,754.0,1393.0,3.7,613.0,4.2,398.0,828.0,2.7,5.7,6.8,CARVER
1998-02-01,,,,2.4,,,,,,,38662,,,,,,,,,,,,,,,,,,,,,,,,,,,,,,,,,,,,,,,,,,,,,,,,CARVER
1998-03-01,,,,2.5,,,,,,,38997,,,,,,,,,,,,,,,,,,,,,,,,,,,,,,,,,,,,,,,,,,,,,,,,CARVER
1998-04-01,,,,1.7,,,,,,,38914,,,1585.0,,,,,,,,,,,,,,,,,,,,,,,,,,,,,,,,,,,,,,,,,,,,,CARVER
1998-05-01,,,,1.4,,,,,,,38889,,,,,,,,,,,,,,,,,,,,,,,,,,,,,,,,,,,,,,,,,,,,,,,,CARVER
1998-06-01,,,,1.7,,,,,,,39157,,,,,,,,,,,,,,,,,,,,,,,,,,,,,,,,,,,,,,,,,,,,,,,,CARVER
1998-07-01,,,,1.5,,,,,,,39498,,,1601.0,,,,,,,,,,,,,,,,,,,,,,,,,,,,,,,,,,,,,,,,,,,,,CARVER
1998-08-01,,,,1.5,,,,,,,39501,,,,,,,,,,,,,,,,,,,,,,,,,,,,,,,,,,,,,,,,,,,,,,,,CARVER
1998-09-01,,,,2.3,,,,,,,39375,,,,,,,,,,,,,,,,,,,,,,,,,,,,,,,,,,,,,,,,,,,,,,,,CARVER
1998-10-01,,,,1.7,,,,,,,39671,,,1589.0,,,,,,,,,,,,,,,,,,,,,,,,,,,,,,,,,,,,,,,,,,,,,CARVER
1998-11-01,,,,1.9,,,,,,,39983,,,,,,,,,,,,,,,,,,,,,,,,,,,,,,,,,,,,,,,,,,,,,,,,CARVER
1998-12-01,,,,2.0,,,,,,,39801,,,,,,,,,,,,,,,,,,,,,,,,,,,,,,,,,,,,,,,,,,,,,,,,CARVER
1999-01-01,,,,2.6,549.0,68.181,66393.0,,2445242.0,35864.0,40158,89.45,931.0,1590.0,,,24.395390358708006,,193.2,,,,,,,,,22091.0,69962.0,15685.0,,62066.0,71022.0,,,,,258.1,,2335.0,3.3,1741.0,2930.0,2.5,4.2,,908.0,4.1,593.0,1223.0,2.7,589.0,3.8,362.0,816.0,2.3,5.2,5.5,CARVER
1999-02-01,,,,2.4,,,,,,,40210,,,,,,,,,,,,,,,,,,,,,,,,,,,,,,,,,,,,,,,,,,,,,,,,CARVER
1999-03-01,,,,2.3,,,,,,,40411,,,,,,,,,,,,,,,,,,,,,,,,,,,,,,,,,,,,,,,,,,,,,,,,CARVER
1999-04-01,,,,2.0,,,,,,,40558,,,1618.0,,,23.811873047196194,,,,,,,,,,,,,,,,,,,,,,,,,,,,,,,,,,,,,,,,,,CARVER
1999-05-01,,,,1.7,,,,,,,40541,,,,,,,,,,,,,,,,,,,,,,,,,,,,,,,,,,,,,,,,,,,,,,,,CARVER
1999-06-01,,,,2.3,,,,,,,40840,,,,,,,,,,,,,,,,,,,,,,,,,,,,,,,,,,,,,,,,,,,,,,,,CARVER
1999-07-01,,,,2.2,,,,,,,41677,,,1627.0,,,23.118811881188122,,,,,,,,,,,,,,,,,,,,,,,,,,,,,,,,,,,,,,,,,,CARVER
1999-08-01,,,,1.9,,,,,,,41456,,,,,,,,,,,,,,,,,,,,,,,,,,,,,,,,,,,,,,,,,,,,,,,,CARVER
1999-09-01,,,,2.2,,,,,,,41106,,,,,,,,,,,,,,,,,,,,,,,,,,,,,,,,,,,,,,,,,,,,,,,,CARVER
1999-10-01,,,,1.7,,,,,,,41268,,,1646.0,,,22.51476793248945,,,,,,,,,,,,,,2.0,,,,,,,,,,,,,,,,,,,,,,,,,,,,CARVER
1999-11-01,,,,1.8,,,,,,,41377,,,,,,,,,,,,,,,,,,,,,,,,,,,,,,,,,,,,,,,,,,,,,,,,CARVER
1999-12-01,,,,2.0,,,,,,,41153,,,,,,,,,,,,,,,,,,,,,,,,,,,,,,,,,,,,,,,,,,,,,,,,CARVER
2000-01-01,,,,3.1,607.0,70.895,70220.0,,2768016.0,39073.0,40602,100.0,924.0,1690.0,,,23.62114248194353,,163.9,,,,,,,,,22041.0,72614.0,15839.0,,65148.0,75687.0,,,,,220.4,,2305.0,3.2,1776.0,2835.0,2.4,3.9,,776.0,3.5,564.0,989.0,2.6,459.0,2.9,309.0,609.0,2.0,3.8,4.5,CARVER
2000-02-01,,,,2.9,,,,,,,40526,,,,,,,,,,,,,,,,,,,,,,,,,,,,,,,,,,,,,,,,,,,,,,,,CARVER
2000-03-01,,,,2.9,,,,,,,40750,,,,,,,,,,,,,,,,,,,,,,,,,,,,,,,,,,,,,,,,,,,,,,,,CARVER
2000-04-01,,,,2.2,,,,,,,40838,,,1718.0,,,23.925985518905872,,,,,,,,,,,,,,,,,,,,,,,,,,,,,,,,,,,,,,,,,,CARVER
2000-05-01,,,,2.1,,,,,,,40783,,,,,,,,,,,,,,,,,,,,,,,,,,,,,,,,,,,,,,,,,,,,,,,,CARVER
2000-06-01,,,,2.4,,,,,,,41271,,,,,,,,,,,,,,,,,,,,,,,,,,,,,,,,,,,,,,,,,,,,,,,,CARVER
2000-07-01,,,,2.2,,,,,,,41402,,,1736.0,,,23.339427178549666,,,,,,,,,,,,,,1.0,,,,,,,,,,,,,,,,,,,,,,,,,,,,CARVER
2000-08-01,,,,2.2,,,,,,,41323,,,,,,,,,,,,,,,,,,,,,,,,,,,,,,,,,,,,,,,,,,,,,,,,CARVER
2000-09-01,,,,2.4,,,,,,,41083,,,,,,,,,,,,,,,,,,,,,,,,,,,,,,,,,,,,,,,,,,,,,,,,CARVER
2000-10-01,,,,2.2,,,,,,,41291,,,1758.0,,,21.173248774863072,,,,,,,,,,,,,,,,,,,,,,,,,,,,,,,,,,,,,,,,,,CARVER
2000-11-01,,,,2.4,,,,,,,41551,,,,,,,,,,,,,,,,,,,,,,,,,,,,,,,,,,,,,,,,,,,,,,,,CARVER
2000-12-01,,,,2.4,,,,,,,41490,,,,,,,,,,,,,,,,,,,,,,,,,,,,,,,,,,,,,,,,,,,,,,,,CARVER
2001-01-01,,,,3.2,820.0,73.13600000000001,71034.0,,2974811.0,40782.0,42167,108.99,893.0,1763.0,,,21.992348023239337,,149.2,,,,,,,,,22479.0,75383.0,16482.0,,66254.0,76160.0,,,,,194.0,,2636.0,3.5,2026.0,3247.0,2.7,4.3,,793.0,3.5,564.0,1022.0,2.5,506.0,3.1,331.0,681.0,2.0,4.1,4.5,CARVER
2001-02-01,,,,3.1,,,,,,,42207,,,,,,,,,,,,,,,,,,,,,,,,,,,,,,,,,,,,,,,,,,,,,,,,CARVER
2001-03-01,,,,3.4,,,,,,,42389,,,,,,,,,,,,,,,,,,,,,,,,,,,,,,,,,,,,,,,,,,,,,,,,CARVER
2001-04-01,,,,3.0,,,,,,,42178,,,1786.0,,,22.031806964628462,,,,,,,,,,,,,,,,,,,,,,,,,,,,,,,,,,,,,,,,,,CARVER
2001-05-01,,,,2.5,,,,,,,41842,,,,,,,,,,,,,,,,,,,,,,,,,,,,,,,,,,,,,,,,,,,,,,,,CARVER
2001-06-01,,,,3.2,,,,,,,42301,,,,,,,,,,,,,,,,,,,,,,,,,,,,,,,,,,,,,,,,,,,,,,,,CARVER
2001-07-01,,,,3.0,,,,,,,42645,,,1780.0,,,21.316905140434553,,,,,,,,,,,,,,,,,,,,,,,,,,,,,,,,,,,,,,,,,,CARVER
2001-08-01,,,,3.3,,,,,,,42256,,,,,,,,,,,,,,,,,,,,,,,,,,,,,,,,,,,,,,,,,,,,,,,,CARVER
2001-09-01,,,,3.3,,,,,,,42147,,,,,,,,,,,,,,,,,,,,,,,,,,,,,,,,,,,,,,,,,,,,,,,,CARVER
2001-10-01,,,,3.3,,,,,,,42359,,,1785.0,,,21.3231418028466,,,,,,,,,,,,,,,,,,,,,,,,,,,,,,,,,,,,,,,,,,CARVER
2001-11-01,,,,3.6,,,,,,,42656,,,,,,,,,,,,,,,,,,,,,,,,,,,,,,,,,,,,,,,,,,,,,,,,CARVER
2001-12-01,,,,4.0,,,,,,,42536,,,,,,,,,,,,,,,,,,,,,,,,,,,,,,,,,,,,,,,,,,,,,,,,CARVER
2002-01-01,,,,4.8,927.0,75.736,72945.0,,3097123.0,41080.0,43453,117.84,1150.0,1811.0,,,21.507352941176467,,144.4,,,,,,,,,22958.0,78622.0,16973.0,,68056.0,78185.0,,,,,183.3,,2624.0,3.3,2003.0,3244.0,2.5,4.1,,801.0,3.5,574.0,1029.0,2.5,531.0,3.1,357.0,705.0,2.1,4.2,4.5,CARVER
2002-02-01,,,,4.7,,,,,,,43570,,,,,,,,,,,,,,,,,,,,,,,,,,,,,,,,,,,,,,,,,,,,,,,,CARVER
2002-03-01,,,,4.8,,,,,,,43548,,,,,,,,,,,,,,,,,,,,,,,,,,,,,,,,,,,,,,,,,,,,,,,,CARVER
2002-04-01,,,,4.3,,,,,,,43511,,,1835.0,,,20.723641551030997,,,,,,,,,,,,,,,,,,,,,,,,,,,,,,,,,,,,,,,,,,CARVER
2002-05-01,,,,3.7,,,,,,,43423,,,,,,,,,,,,,,,,,,,,,,,,,,,,,,,,,,,,,,,,,,,,,,,,CARVER
2002-06-01,,,,4.1,,,,,,,43795,,,,,,,,,,,,,,,,,,,,,,,,,,,,,,,,,,,,,,,,,,,,,,,,CARVER
2002-07-01,,,,3.9,,,,,,,44059,,,1843.0,,,20.54899948691636,,,,,,,,,,,,,,,,,,,,,,,,,,,,,,,,,,,,,,,,,,CARVER
2002-08-01,,,,3.7,,,,,,,43841,,,,,,,,,,,,,,,,,,,,,,,,,,,,,,,,,,,,,,,,,,,,,,,,CARVER
2002-09-01,,,,3.7,,,,,,,43480,,,,,,,,,,,,,,,,,,,,,,,,,,,,,,,,,,,,,,,,,,,,,,,,CARVER
2002-10-01,,,,3.5,,,,,,,43511,,,1849.0,,,21.086180520142783,,,,,,,,,,,,,,,,,,,,,,,,,,,,,,,,,,,,,,,,,,CARVER
2002-11-01,,,,3.5,,,,,,,43645,,,,,,,,,,,,,,,,,,,,,,,,,,,,,,,,,,,,,,,,,,,,,,,,CARVER
2002-12-01,,,,3.9,,,,,,,43505,,,,,,,,,,,,,,,,,,,,,,,,,,,,,,,,,,,,,,,,,,,,,,,,CARVER
2003-01-01,,,,4.8,1151.0,78.497,74242.0,,3255038.0,41729.0,44784,122.81,1007.0,1923.0,,,20.47366377636858,,170.3,,,,,,,,,23298.0,81753.0,17266.0,,69663.0,79121.0,,,,,231.2,,3254.0,4.0,2499.0,4009.0,3.1,4.9,,997.0,4.3,728.0,1266.0,3.1,607.0,3.5,419.0,795.0,2.4,4.6,5.4,CARVER
2003-02-01,,,,4.6,,,,,,,44900,,,,,,,,,,,,,,,,,,,,,,,,,,,,,,,,,,,,,,,,,,,,,,,,CARVER
2003-03-01,,,,4.7,,,,,,,44912,,,,,,,,,,,,,,,,,,,,,,,,,,,,,,,,,,,,,,,,,,,,,,,,CARVER
2003-04-01,,,,4.2,,,,,,,45012,,,1924.0,,,20.168284789644016,,,,,,,,,,,,,,,,,,,,,,,,,,,,,,,,,,,,,,,,,,CARVER
2003-05-01,,,,3.9,,,,,,,44973,,,,,,,,,,,,,,,,,,,,,,,,,,,,,,,,,,,,,,,,,,,,,,,,CARVER
2003-06-01,,,,4.6,,,,,,,45492,,,,,,,,,,,,,,,,,,,,,,,,,,,,,,,,,,,,,,,,,,,,,,,,CARVER
2003-07-01,,,,4.4,,,,,,,45915,,,1941.0,,,20.524691358024693,,,,,,,,,,,,,,,,,,,,,,,,,,,,,,,,,,,,,,,,,,CARVER
2003-08-01,,,,4.3,,,,,,,45704,,,,,,,,,,,,,,,,,,,,,,,,,,,,,,,,,,,,,,,,,,,,,,,,CARVER
2003-09-01,,,,4.5,,,,,,,45498,,,,,,,,,,,,,,,,,,,,,,,,,,,,,,,,,,,,,,,,,,,,,,,,CARVER
2003-10-01,,,,4.0,,,,,,,45382,,,1924.0,,,20.446998722860798,,,,,,,,,,,,,,,,,,,,,,,,,,,,,,,,,,,,,,,,,,CARVER
2003-11-01,,,,3.9,,,,,,,45368,,,,,,,,,,,,,,,,,,,,,,,,,,,,,,,,,,,,,,,,,,,,,,,,CARVER
2003-12-01,,,,4.0,,,,,,,45168,,,,,,,,,,,,,,,,,,,,,,,,,,,,,,,,,,,,,,,,,,,,,,,,CARVER
2004-01-01,,,,4.9,1146.0,81.101,75716.0,,3512656.0,43650.0,46185,132.41,988.0,1929.0,,,20.430658805434504,,181.8,,,,,,831.0,,,23390.0,84586.0,17267.0,,71045.0,80695.0,,,,,236.3,,3321.0,3.9,2518.0,4124.0,3.0,4.9,,1049.0,4.5,751.0,1348.0,3.2,674.0,3.9,446.0,902.0,2.6,5.2,5.8,CARVER
2004-02-01,,,,4.6,,,,,,,46187,,,,,,,,,,,,,,,,,,,,,,,,,,,,,,,,,,,,,,,,,,,,,,,,CARVER
2004-03-01,,,,4.9,,,,,,,46447,,,,,,,,,,,,,,,,,,,,,,,,,,,,,,,,,,,,,,,,,,,,,,,,CARVER
2004-04-01,,,,3.9,,,,,,,46406,,,1981.0,,,19.795918367346943,,,,,,,,,,,,,,,,,,,,,,,,,,,,,,,,,,,,,,,,,,CARVER
2004-05-01,,,,3.6,,,,,,,46370,,,,,,,,,,,,,,,,,,,,,,,,,,,,,,,,,,,,,,,,,,,,,,,,CARVER
2004-06-01,,,,4.0,,,,,,,46664,,,,,,,,,,,,,,,,,,,,,,,,,,,,,,,,,,,,,,,,,,,,,,,,CARVER
2004-07-01,,,,3.9,,,,,,,47055,,,2055.0,,,19.08154178857652,,,,,,,,,,,,,,,,,,,,,,,,,,,,,,,,,,,,,,,,,,CARVER
2004-08-01,,,,3.8,,,,,,,46929,,,,,,,,,,,,,,,,,,,,,,,,,,,,,,,,,,,,,,,,,,,,,,,,CARVER
2004-09-01,,,,3.9,,,,,,,46684,,,,,,,,,,,,,,,,,,,,,,,,,,,,,,,,,,,,,,,,,,,,,,,,CARVER
2004-10-01,,,,3.3,,,,,,,46811,,,2070.0,,,20.161386021122578,,,,,,,,,,,,,,,,,,,,,,,,,,,,,,,,,,,,,,,,,,CARVER
2004-11-01,,,,3.2,,,,,,,46769,,,,,,,,,,,,,,,,,,,,,,,,,,,,,,,,,,,,,,,,,,,,,,,,CARVER
2004-12-01,,,,3.6,,,,,,,46707,,,,,,,,,,,,,,,,,,,,,,,,,,,,,,,,,,,,,,,,,,,,,,,,CARVER
2005-01-01,,,,4.3,1104.0,84.03,74493.0,,3699819.0,44438.0,47718,143.58,873.0,2047.0,,,20.109995217599234,,162.0,,,,,,818.0,,,22984.0,83548.0,17052.0,,70097.0,78889.0,,,,,220.0,,2912.0,3.5,2366.0,3458.0,2.8,4.1,,965.0,4.2,743.0,1187.0,3.2,572.0,3.4,431.0,713.0,2.5,4.2,5.2,CARVER
2005-02-01,,,,4.2,,,,,,,47719,,,,,,,,,,,,,,,,,,,,,,,,,,,,,,,,,,,,,,,,,,,,,,,,CARVER
2005-03-01,,,,4.2,,,,,,,47869,,,,,,,,,,,,,,,,,,,,,,,,,,,,,,,,,,,,,,,,,,,,,,,,CARVER
2005-04-01,,,,3.5,,,,,,,48132,,,2123.0,,,19.913575801224344,,,,,,,,,,,,,,,,,,,,,,,,,,,,,,,,,,,,,,,,,,CARVER
2005-05-01,,,,3.1,,,,,,,47910,,,,,,,,,,,,,,,,,,,,,,,,,,,,,,,,,,,,,,,,,,,,,,,,CARVER
2005-06-01,,,,3.4,,,,,,,48012,,,,,,,,,,,,,,,,,,,,,,,,,,,,,,,,,,,,,,,,,,,,,,,,CARVER
2005-07-01,,,,3.0,,,,,,,48375,,,2190.0,,,19.495008807985908,,,,,,,,,,,,,,,,,,,,,,,,,,,,,,,,,,,,,,,,,,CARVER
2005-08-01,,,,3.0,,,,,,,48212,,,,,,,,,,,,,,,,,,,,,,,,,,,,,,,,,,,,,,,,,,,,,,,,CARVER
2005-09-01,,,,3.2,,,,,,,48038,,,,,,,,,,,,,,,,,,,,,,,,,,,,,,,,,,,,,,,,,,,,,,,,CARVER
2005-10-01,,,,2.7,,,,,,,48270,,,2255.0,,,20.275314979001397,,,,,,,,,,,,,,,,,,,,,,,,,,,,,,,,,,,,,,,,,,CARVER
2005-11-01,,,,2.9,,,,,,,48370,,,,,,,,,,,,,,,,,,,,,,,,,,,,,,,,,,,,,,,,,,,,,,,,CARVER
2005-12-01,,,,3.1,,,,,,,48196,,,,,,,,,,,,,,,,,,,,,,,,,,,,,,,,,,,,,,,,,,,,,,,,CARVER
2006-01-01,,,,3.9,1024.0,86.589,77852.0,,4098570.0,47849.0,48939,148.33,614.0,2234.0,,,19.96270830905489,,201.4,,,,,,1152.0,,,24170.0,86528.0,17858.0,,73061.0,82643.0,,,,,249.8,,3696.0,4.3,2972.0,4419.0,3.4,5.1,,1110.0,4.6,885.0,1335.0,3.7,686.0,3.8,535.0,837.0,3.0,4.7,5.5,CARVER
2006-02-01,,,,4.0,,,,,,,48947,,,,,,,,,,,,,,,,,,,,,,,,,,,,,,,,,,,,,,,,,,,,,,,,CARVER
2006-03-01,,,,4.0,,,,,,,49073,,,,,,,,,,,,,,,,,,,,,,,,,,,,,,,,,,,,,,,,,,,,,,,,CARVER
2006-04-01,,,,3.2,,,,,,,49044,,,2234.0,,,19.553592187863288,,,,,,,,,,,,,,,,,,,,,,,,,,,,,,,,,,,,,,,,,,CARVER
2006-05-01,,,,2.7,,,,,,,48926,,,,,,,,,,,,,,,,,,,,1.0,,,,,,,,,,,,,,,,,,,,,,,,,,,,CARVER
2006-06-01,,,,3.2,,,,,,,49377,,,,,,,,,,,,,,,,,,,,2.0,,,,,,,,,,,,,,,,,,,,,,,,,,,,CARVER
2006-07-01,,,,3.1,,,,,,,49713,,,2240.0,,,19.56293093373846,,,,,,,,,,,,,,,,,,,,,,,,,,,,,,,,,,,,,,,,,,CARVER
2006-08-01,,,,2.9,,,,,,,49342,,,,,,,,,,,,,,,,,,,,,,,,,,,,,,,,,,,,,,,,,,,,,,,,CARVER
2006-09-01,,,,3.1,,,,,,,49039,,,,,,,,,,,,,,,,,,,,2.0,,,,,,,,,,,,,,,,,,,,,,,,,,,,CARVER
2006-10-01,,,,2.8,,,,,,,49239,,,2285.0,,,19.33260790714545,,,,,,,,,,,,,,,,,,,,,,,,,,,,,,,,,,,,,,,,,,CARVER
2006-11-01,,,,3.0,,,,,,,49493,,,,,,,,,,,,,,,,,,,,,,,,,,,,,,,,,,,,,,,,,,,,,,,,CARVER
2006-12-01,,,,3.5,,,,,,,49531,,,,,,,,,,,,,,,,,,,,,,,,,,,,,,,,,,,,,,,,,,,,,,,,CARVER
2007-01-01,,,,4.5,1266.0,88.432,80038.0,,4454024.0,51037.0,49505,146.35,585.0,2219.0,,,19.320800485142513,,189.5,,,,,,1002.0,,,25091.0,87497.0,18415.0,1.0,76417.0,83659.0,,,,,229.5,,3434.0,3.9,2671.0,4197.0,3.1,4.8,,1045.0,4.2,785.0,1305.0,3.1,587.0,3.2,433.0,741.0,2.4,4.0,5.2,CARVER
2007-02-01,,,,4.2,,,,,,,49325,,,,,,,,,,,,,,,,,,,,,,,,,,,,,,,,,,,,,,,,,,,,,,,,CARVER
2007-03-01,,,,4.3,,,,,,,49386,,,,,,,,,,,,,,,,,,,,,,,,,,,,,,,,,,,,,,,,,,,,,,,,CARVER
2007-04-01,,,,3.9,,,,,,,49490,,,2270.0,,,18.477629285299248,,,,,,,,,,,,,,,,,,,,,,,,,,,,,,,,,,,,,,,,,,CARVER
2007-05-01,,,,3.5,,,,,,,49382,,,,,,,,,,,,,,,,,,,,,,,,,,,,,,,,,,,,,,,,,,,,,,,,CARVER
2007-06-01,,,,3.8,,,,,,,49732,,,,,,,,,,,,,,,,,,,,,,,,,,,,,,,,,,,,,,,,,,,,,,,,CARVER
2007-07-01,,,,3.7,,,,,,,50073,,,2293.0,,,18.88023814975956,,,,,,,,,,,,,,,,,,,,,,,,,,,,,,,,,,,,,,,,,,CARVER
2007-08-01,,,,3.8,,,,,,,49880,,,,,,,,,,,,,,,,,,,,,,,,,,,,,,,,,,,,,,,,,,,,,,,,CARVER
2007-09-01,,,,4.1,,,,,,,49695,,,,,,,,,,,,,,,,,,,,,,,,,,,,,,,,,,,,,,,,,,,,,,,,CARVER
2007-10-01,,,,3.7,,,,,,,49706,,,2327.0,,,19.43226402030925,,,,,,,,,,,,,,,,,,,,,,,,,,,,,,,,,,,,,,,,,,CARVER
2007-11-01,,,,3.7,,,,,,,49848,,,,,,,,,,,,,,,,,,,,,,,,,,,,,,,,,,,,,,,,,,,,,,,,CARVER
2007-12-01,,,,4.4,,,,,,,49876,,,,,,,,,,,,,,,,,,,,,,,,,,,,,,,,,,,,,,,,,,,,,,,,CARVER
2008-01-01,,,,4.9,1559.0,90.199,84085.0,,4700313.0,52924.0,50098,139.65,230.0,2259.0,,,19.596745666784575,,183.9,,,,51.079999923706104,,994.0,,,25173.0,89121.0,18446.0,,79102.0,89067.0,,,,,217.7,,4062.0,4.6,3319.0,4805.0,3.7,5.4,,1246.0,4.9,996.0,1495.0,4.0,650.0,3.5,500.0,800.0,2.7,4.3,5.9,CARVER
2008-02-01,,,,4.7,,,,,,,50043,,,,,,,,,,,,,,,,,,,,,,,,,,,,,,,,,,,,,,,,,,,,,,,,CARVER
2008-03-01,,,,4.8,,,,,,,50128,,,,,,,,,,,,,,,,,,,,,,,,,,,,,,,,,,,,,,,,,,,,,,,,CARVER
2008-04-01,,,,4.5,,,,,,,50263,,,2270.0,,,18.882443471054813,,,,,,,,,,,,,,,,,,,,,,,,,,,,,,,,,,,,,,,,,,CARVER
2008-05-01,,,,4.3,,,,,,,50174,,,,,,,,,,,,,,,,,,,,,,,,,,,,,,,,,,,,,,,,,,,,,,,,CARVER
2008-06-01,,,,4.8,,,,,,,50535,,,,,,,,,,,,,,,,,,,,,,,,,,,,,,,,,,,,,,,,,,,,,,,,CARVER
2008-07-01,,,,4.9,,,,,,,51184,,,2302.0,,,19.40573534492687,,,,,,,,,,,,,,,,,,,,,,,,,,,,,,,,,,,,,,,,,,CARVER
2008-08-01,,,,5.0,,,,,,,50997,,,,,,,,,,,,,,,,,,,,,,,,,,,,,,,,,,,,,,,,,,,,,,,,CARVER
2008-09-01,,,,5.0,,,,,,,50603,,,,,,,,,,,,,,,,,,,,1.0,,,,,,,,,,,,,,,,,,,,,,,,,,,,CARVER
2008-10-01,,,,4.7,,,,,,,50599,,,2293.0,,,20.238095238095237,,,,,,,,,,,,,,,,,,,,,,,,,,,,,,,,,,,,,,,,,,CARVER
2008-11-01,,,,5.1,,,,,,,50729,,,,,,,,,,,,,,,,,,,,,,,,,,,,,,,,,,,,,,,,,,,,,,,,CARVER
2008-12-01,,,,6.0,,,,,,,50693,,,,,,,,,,,,,,,,,,,,,,,,,,,,,,,,,,,,,,,,,,,,,,,,CARVER
2009-01-01,80370.0,35.9,122.0,6.9,2357.0,91.855,76554.0,,4443704.0,49242.0,50678,130.26,287.0,2147.0,,2188.0,19.88590986879635,3320.0,183.3,25.084761107213183,16.282787183026954,85.94329820394834,52.919999957084705,40.815581185277956,712.0,957.0,-1054.0,26337.0,91069.0,19462.0,,72234.0,80875.0,32.65,,,,202.6,2.2709163346613543,4581.0,5.0,3651.0,5511.0,4.0,6.1,50.2,1449.0,5.5,1131.0,1767.0,4.3,908.0,4.7,702.0,1114.0,3.6,5.7,6.7,CARVER
2009-02-01,,,,7.3,,,,,,,50798,,,,,,,,,,,,,,,,,,,,,,,,,,,,,,,,,,,,,,,,,,,,,,,,CARVER
2009-03-01,,,,7.5,,,,,,,50769,,,,,,,,,,,,,,,,,,,,,,,,,,,,,,,,,,,,,,,,,,,,,,,,CARVER
2009-04-01,,,,7.0,,,,,,,50784,,,2193.0,,,20.150680310356464,,,,,,,,,,,,,,,,,,,,,,,,,,,,,,,,,,,,,,,,,,CARVER
2009-05-01,,,,7.0,,,,,,,50917,,,,,,,,,,,,,,,,,,,,,,,,,,,,,,,,,,,,,,,,,,,,,,,,CARVER
2009-06-01,,,,7.8,,,,,,,51245,,,,,,,,,,,,,,,,,,,,,,,,,,,,,,,,,,,,,,,,,,,,,,,,CARVER
2009-07-01,,,,7.5,,,,,,,51599,,,2194.0,,,20.22246941045606,,,,,,,,,,,,,,,,,,,,,,,,,,,,,,,,,,,,,,,,,,CARVER
2009-08-01,,,,7.4,,,,,,,51156,,,,,,,,,,,,,,,,,,,,,,,,,,,,,,,,,,,,,,,,,,,,,,,,CARVER
2009-09-01,,,,7.3,,,,,,,50761,,,,,,,,,,,,,,,,,,,,,,,,,,,,,,,,,,,,,,,,,,,,,,,,CARVER
2009-10-01,,,,7.1,,,,,,,50905,,,2201.0,,,21.54566744730679,,,,,,,,,,,,,,,,,,,,,,,,,,,,,,,,,,,,,,,,,,CARVER
2009-11-01,,,,6.7,,,,,,,50777,,,,,,,,,,,,,,,,,,,,1.0,,,,,,,,,,,,,,,,,,,,,,,,,,,,CARVER
2009-12-01,,,,7.4,,,,,,,50689,,,,,,,,,,,,,,,,,,,,,,,,,,,,,,,,,,,,,,,,,,,,,,,,CARVER
2010-01-01,80692.0,35.9,106.0,7.7,3032.0,91.399,81935.0,,4642812.0,50796.0,51188,121.47,281.0,2111.0,9.525351147653303,2365.0,20.736305167442893,3345.0,173.7,25.428450193811784,16.50770885622087,87.55286253467327,46.6099998950958,33.16110015304311,,956.0,-529.0,27141.0,90560.0,20346.0,,77483.0,86387.0,28.79,42.7,94.8,32.76946296063388,199.4,2.2571961068544213,4425.0,4.9,3513.0,5337.0,3.9,5.9,52.8,1515.0,5.6,1173.0,1857.0,4.3,965.0,4.7,745.0,1185.0,3.6,5.8,6.9,CARVER
2010-02-01,,,,7.7,,,,,,,51147,,,,,,,,,,,,,,,,,,,,,,,,,,,,,,,,,,,,,,,,,,,,,,,,CARVER
2010-03-01,,,,7.8,,,,,,,51376,,,,,,,,,,,,,,,,,,,,,,,,,,,,,,,,,,,,,,,,,,,,,,,,CARVER
2010-04-01,,,,6.8,,,,,,,51483,,,2104.0,,,20.85808580858086,,,,,,,,,,,,,,,,,,,,,,,,,,,,,,,,,,,,,,,,,,CARVER
2010-05-01,,,,6.5,,,,,,,51540,,,,,,,,,,,,,,,,,,,,,,,,,,,,,,,,,,,,,,,,,,,,,,,,CARVER
2010-06-01,,,,6.7,,,,,,,51888,,,,,,,,,,,,,,,,,,,,,,,,,,,,,,,,,,,,,,,,,,,,,,,,CARVER
2010-07-01,,,,6.7,,,,,,,52197,,,2116.0,,,20.56745418414661,,,,,,,,,,,,,,,,,,,,,,,,,,,,,,,,,,,,,,,,,,CARVER
2010-08-01,,,,6.5,,,,,,,51996,,,,,,,,,,,,,,,,,,,,,,,,,,,,,,,,,,,,,,,,,,,,,,,,CARVER
2010-09-01,,,,6.4,,,,,,,51739,,,,,,,,,,,,,,,,,,,,,,,,,,,,,,,,,,,,,,,,,,,,,,,,CARVER
2010-10-01,,,,6.0,,,,,,,51711,,,2127.0,,,21.22708813522116,,,,,,,,,,,,,,,,,,,,,,,,,,,,,,,,,,,,,,,,,,CARVER
2010-11-01,,,,6.0,,,,,,,51688,,,,,,,,,,,,,,,,,,,,1.0,,,,,,,,,,,,,,,,,,,,,,,,,,,,CARVER
2010-12-01,,,,6.2,,,,,,,51502,,,,,,,,,,,,,,,,,,,,,,,,,,,,,,,,,,,,,,,,,,,,,,,,CARVER
2011-01-01,81764.0,36.0,173.0,6.6,3398.0,92.804,85314.0,,5034748.0,54233.0,51651,113.4,387.0,2088.0,9.864870671135172,2364.0,20.517862995739105,3464.0,176.1,25.054891684926254,16.818475220540773,87.01357008968156,46.603999999817496,30.73076237096921,736.0,961.0,-947.0,27178.0,91820.0,20590.0,,79920.0,90708.0,29.04,42.9,94.7,32.394974843349694,193.7,3.1238095238095243,4926.0,5.4,3982.0,5870.0,4.4,6.4,53.0,1678.0,6.2,1325.0,2031.0,4.9,1049.0,5.1,807.0,1291.0,3.9,6.3,7.5,CARVER
2011-02-01,,,,6.3,,,,,,,51625,,,,,,,,,,,,,,,,,,,,,,,,,,,,,,,,,,,,,,,,,,,,,,,,CARVER
2011-03-01,,,,6.2,,,,,,,51747,,,,,,,,,,,,,,,,,,,,,,,,,,,,,,,,,,,,,,,,,,,,,,,,CARVER
2011-04-01,,,,5.6,,,,,,,51964,,,2109.0,,,19.84469370146678,,,,,,,,,,,,,,,,,,,,,,,,,,,,,,,,,,,,,,,,,,CARVER
2011-05-01,,,,5.4,,,,,,,52034,,,,,,,,,,,,,,,,,,,,1.0,,,,,,,,,,,,,,,,,,,,,,,,,,,,CARVER
2011-06-01,,,,5.9,,,,,,,52399,,,,,,,,,,,,,,,,,,,,,,,,,,,,,,,,,,,,,,,,,,,,,,,,CARVER
2011-07-01,,,,5.8,,,,,,,52567,,,2119.0,,,20.261507388115234,,,,,,,,,,,,,,1.0,,,,,,,,,,,,,,,,,,,,,,,,,,,,CARVER
2011-08-01,,,,5.4,,,,,,,52466,,,,,,,,,,,,,,,,,,,,1.0,,,,,,,,,,,,,,,,,,,,,,,,,,,,CARVER
2011-09-01,,,,5.1,,,,,,,52358,,,,,,,,,,,,,,,,,,,,,,,,,,,,,,,,,,,,,,,,,,,,,,,,CARVER
2011-10-01,,,,4.7,,,,,,,52374,,,2134.0,,,21.116170708461294,,,,,,,,,,,,,,,,,,,,,,,,,,,,,,,,,,,,,,,,,,CARVER
2011-11-01,,,,4.4,,,,,,,52251,,,,,,,,,,,,,,,,,,,,,,,,,,,,,,,,,,,,,,,,,,,,,,,,CARVER
2011-12-01,,,,4.8,,,,,,,52112,,,,,,,,,,,,,,,,,,,,,,,,,,,,,,,,,,,,,,,,,,,,,,,,CARVER
2012-01-01,82722.0,36.3,154.0,5.4,3590.0,93.859,85064.0,5.2,5433676.0,57869.0,51879,112.57,518.0,2147.0,10.296806484475349,2279.0,20.34133333333333,3574.0,175.4,24.995718213368193,16.657118304210826,85.10805370612047,40.7779999999329,30.865835788349628,749.0,968.0,129.0,26846.0,92925.0,20508.0,,80600.0,89528.0,28.48,43.5,95.3,31.97230986001777,180.9,3.47247875877355,4159.0,4.5,3350.0,4968.0,3.6,5.4,53.3,1311.0,4.9,1008.0,1614.0,3.8,798.0,3.9,593.0,1003.0,2.9,4.9,6.0,CARVER
2012-02-01,,,,5.5,,,,,,,52098,,,,,,,,,,,,,,,,,,,,,,,,,,,,,,,,,,,,,,,,,,,,,,,,CARVER
2012-03-01,,,,5.3,,,,,,,52081,,,,,,,,,,,,,,,,,,,,,,,,,,,,,,,,,,,,,,,,,,,,,,,,CARVER
2012-04-01,,,,4.6,,,,,,,52015,,,2160.0,,,19.424536256323773,,,,,,,,,,,,,,,,,,,,,,,,,,,,,,,,,,,,,,,,,,CARVER
2012-05-01,,,,4.6,,,,,,,52230,,,,,,,,,,,,,,,,,,,,,,,,,,,,,,,,,,,,,,,,,,,,,,,,CARVER
2012-06-01,,,,5.1,,,,,,,52652,,,,,,,,,,,,,,,,,,,,,,,,,,,,,,,,,,,,,,,,,,,,,,,,CARVER
2012-07-01,,,,5.1,,,,,,,52856,,,2165.0,,,20.41413930140138,,,,,,,,,,,,,,,,,,,,,,,,,,,,,,,,,,,,,,,,,,CARVER
2012-08-01,,,,4.9,,,,,,,52608,,,,,,,,,,,,,,,,,,,,,,,,,,,,,,,,,,,,,,,,,,,,,,,,CARVER
2012-09-01,,,,4.5,,,,,,,52553,,,,,,,,,,,,,,,,,,,,,,,,,,,,,,,,,,,,,,,,,,,,,,,,CARVER
2012-10-01,,,,4.4,,,,,,,52877,,,2183.0,,,20.99968889349788,,,,,,,,,,,,,,,,,,,,,,,,,,,,,,,,,,,,,,,,,,CARVER
2012-11-01,,,,4.1,,,,,,,52735,,,,,,,,,,,,,,,,,,,,,,,,,,,,,,,,,,,,,,,,,,,,,,,,CARVER
2012-12-01,,,,4.5,,,,,,,52537,,,,,,,,,,,,,,,,,,,,1.0,,,,,,,,,,,,,,,,,,,,,,,,,,,,CARVER
2013-01-01,83793.0,36.6,137.0,5.4,3417.0,95.61,86759.0,5.0,5548893.0,58028.0,53029,117.1,599.0,2126.0,10.299719887955185,2413.0,19.912805434451986,3699.0,199.6,25.640480304842924,15.453814086155194,85.23894036562395,37.0439999997616,29.40818649807116,763.0,896.0,463.0,26794.0,94502.0,20707.0,,80750.0,92768.0,27.79,44.5,95.5,29.86413043478261,206.0,4.257641921397379,4605.0,4.9,3726.0,5484.0,4.0,5.8,54.2,1387.0,5.2,1072.0,1702.0,4.0,931.0,4.5,699.0,1163.0,3.4,5.6,6.4,CARVER
2013-02-01,,,,5.1,,,,,,,53012,,,,,,,,,,,,,,,,,,,,,,,,,,,,,,,,,,,,,,,,,,,,,,,,CARVER
2013-03-01,,,,4.8,,,,,,,52895,,,,,,,,,,,,,,,,,,,,,,,,,,,,,,,,,,,,,,,,,,,,,,,,CARVER
2013-04-01,,,,4.3,,,,,,,53098,,,2152.0,,,18.68298604086587,,,,,,,,,,,,,,,,,,,,,,,,,,,,,,,,,,,,,,,,,,CARVER
2013-05-01,,,,4.1,,,,,,,53202,,,,,,,,,,,,,,,,,,,,,,,,,,,,,,,,,,,,,,,,,,,,,,,,CARVER
2013-06-01,,,,4.6,,,,,,,53605,,,,,,,,,,,,,,,,,,,,,,,,,,,,,,,,,,,,,,,,,,,,,,,,CARVER
2013-07-01,,,,4.4,,,,,,,53870,,,2178.0,,,19.26169944772793,,,,,,,,,,,,,,,,,,,,,,,,,,,,,,,,,,,,,,,,,,CARVER
2013-08-01,,,,4.2,,,,,,,53527,,,,,,,,,,,,,,,,,,,,,,,,,,,,,,,,,,,,,,,,,,,,,,,,CARVER
2013-09-01,,,,3.9,,,,,,,53407,,,,,,,,,,,,,,,,,,,,,,,,,,,,,,,,,,,,,,,,,,,,,,,,CARVER
2013-10-01,,,,3.7,,,,,,,53392,,,2151.0,,,19.48964853153587,,,,,,,,,,,,,,,,,,,,,,,,,,,,,,,,,,,,,,,,,,CARVER
2013-11-01,,,,3.4,,,,,,,53403,,,,,,,,,,,,,,,,,,,,1.0,,,,,,,,,,,,,,,,,,,,,,,,,,,,CARVER
2013-12-01,,,,3.9,,,,,,,53375,,,,,,,,,,,,,,,,,,,,,,,,,,,,,,,,,,,,,,,,,,,,,,,,CARVER
2014-01-01,84985.0,36.9,158.0,4.6,3438.0,97.34299999999999,88500.0,4.4,5944605.0,61081.0,53813,124.08,578.0,2158.0,10.453555847346351,2485.0,18.74094815100898,3805.0,179.1,25.35771322513812,14.420524918902974,85.32157287234612,34.684999999590204,28.517299990892827,801.0,1010.0,876.0,26994.0,96338.0,20680.0,7.0,81930.0,95070.0,28.03,45.0,95.5,27.816353405961927,177.9,4.009307320565599,4613.0,4.8,3665.0,5561.0,3.8,5.8,55.2,1477.0,5.5,1158.0,1796.0,4.3,973.0,4.7,755.0,1191.0,3.6,5.8,6.7,CARVER
2014-02-01,,,,4.6,,,,,,,53866,,,,,,,,,,,,,,,,,,,,2.0,,,,,,,,,,,,,,,,,,,,,,,,,,,,CARVER
2014-03-01,,,,4.5,,,,,,,53983,,,,,,,,,,,,,,,,,,,,1.0,,,,,,,,,,,,,,,,,,,,,,,,,,,,CARVER
2014-04-01,,,,3.7,,,,,,,53971,,,2186.0,,,17.832673936118887,,,,,,,,,,,,,,5.0,,,,,,,,,,,,,,,,,,,,,,,,,,,,CARVER
2014-05-01,,,,3.3,,,,,,,54123,,,,,,,,,,,,,,,,,,,,3.0,,,,,,,,,,,,,,,,,,,,,,,,,,,,CARVER
2014-06-01,,,,3.7,,,,,,,54595,,,,,,,,,,,,,,,,,,,,1.0,,,,,,,,,,,,,,,,,,,,,,,,,,,,CARVER
2014-07-01,,,,3.7,,,,,,,55009,,,2193.0,,,17.91101775825855,,,,,,,,,,,,,,8.0,,,,,,,,,,,,,,,,,,,,,,,,,,,,CARVER
2014-08-01,,,,3.5,,,,,,,54602,,,,,,,,,,,,,,,,,,,,4.0,,,,,,,,,,,,,,,,,,,,,,,,,,,,CARVER
2014-09-01,,,,3.1,,,,,,,54246,,,,,,,,,,,,,,,,,,,,6.0,,,,,,,,,,,,,,,,,,,,,,,,,,,,CARVER
2014-10-01,,,,2.8,,,,,,,54378,,,2208.0,,,18.58623939679548,,,,,,,,,,,,,,14.0,,,,,,,,,,,,,,,,,,,,,,,,,,,,CARVER
2014-11-01,,,,2.8,,,,,,,54418,,,,,,,,,,,,,,,,,,,,8.0,,,,,,,,,,,,,,,,,,,,,,,,,,,,CARVER
2014-12-01,,,,3.2,,,,,,,54353,,,,,,,,,,,,,,,,,,,,7.0,,,,,,,,,,,,,,,,,,,,,,,,,,,,CARVER
2015-01-01,86114.0,36.9,142.0,4.0,3104.0,98.596,93857.0,4.4,6238692.0,63266.0,54641,128.86,521.0,2167.0,11.130083013779442,2414.0,17.37244176176554,3908.0,208.8,25.63756922180123,15.613843351548269,84.02593979016186,35.6889999997802,34.051834912199645,891.0,1099.0,248.0,27048.0,97804.0,20716.0,3.0,88926.0,98788.0,30.87,45.2,95.2,25.38694234779289,195.7,4.063205417607223,4407.0,4.5,3534.0,5280.0,3.6,5.4,55.40000000000001,1263.0,4.7,988.0,1538.0,3.7,806.0,3.9,612.0,1000.0,3.0,4.8,5.7,CARVER
2015-02-01,,,,3.8,,,,,,,54707,,,,,,,,,,,,,,,,,,,,,,,,,,,,,,,,,,,,,,,,,,,,,,,,CARVER
2015-03-01,,,,3.7,,,,,,,54716,,,,,,,,,,,,,,,,,,,,4.0,,,,,,,,,,,,,,,,,,,,,,,,,,,,CARVER
2015-04-01,,,,3.1,,,,,,,54912,,,2149.0,,,16.93820224719101,,,,,,,,,,,,,,2.0,,,,,,,,,,,,,,,,,,,,,,,,,,,,CARVER
2015-05-01,,,,3.1,,,,,,,55316,,,,,,,,,,,,,,,,,,,,6.0,,,,,,,,,,,,,,,,,,,,,,,,,,,,CARVER
2015-06-01,,,,3.3,,,,,,,55540,,,,,,,,,,,,,,,,,,,,3.0,,,,,,,,,,,,,,,,,,,,,,,,,,,,CARVER
2015-07-01,,,,3.2,,,,,,,55929,,,2106.0,,,16.86019932339764,,,,,,,,,,,,,,5.0,,,,,,,,,,,,,,,,,,,,,,,,,,,,CARVER
2015-08-01,,,,2.9,,,,,,,55532,,,,,,,,,,,,,,,,,,,,2.0,,,,,,,,,,,,,,,,,,,,,,,,,,,,CARVER
2015-09-01,,,,2.7,,,,,,,55071,,,,,,,,,,,,,,,,,,,,19.0,,,,,,,,,,,,,,,,,,,,,,,,,,,,CARVER
2015-10-01,,,,2.6,,,,,,,55225,,,2116.0,,,17.15583825533848,,,,,,,,,,,,,,9.0,,,,,,,,,,,,,,,,,,,,,,,,,,,,CARVER
2015-11-01,,,,2.5,,,,,,,55205,,,,,,,,,,,,,,,,,,,,1.0,,,,,,,,,,,,,,,,,,,,,,,,,,,,CARVER
2015-12-01,,,,3.1,,,,,,,55358,,,,,,,,,,,,,,,,,,,,2.0,,,,,,,,,,,,,,,,,,,,,,,,,,,,CARVER
2016-01-01,87319.0,37.1,130.0,3.7,,100.32700000000001,94057.0,4.1,6464183.0,64473.0,55726,133.81,632.0,2142.0,11.354957109864733,2570.0,16.545322169639608,3927.0,182.6,25.987978053897052,16.07927874226958,83.90146595879523,,31.51668904766769,591.0,1318.0,,27174.0,99313.0,20605.0,6.0,89317.0,98797.0,45.88,46.0,95.7,22.954663887441374,170.3,2.718045759504559,4225.0,4.3,3479.0,4971.0,3.5,5.1,56.9,1071.0,3.9,806.0,1336.0,2.9,704.0,3.4,520.0,888.0,2.5,4.3,4.9,CARVER
2016-02-01,,,,3.7,,,,,,,56038,,,,,,,,,,,,,,,,,,,,5.0,,,,,,,,,,,,,,,,,,,,,,,,,,,,CARVER
2016-03-01,,,,3.8,,,,,,,56074,,,,,,,,,,,,,,,,,,,,6.0,,,,,,,,,,,,,,,,,,,,,,,,,,,,CARVER
2016-04-01,,,,3.1,,,,,,,56164,,,2161.0,,,15.448338643604915,,,,,,,,,,,,,,4.0,,,,,,,,,,,,,,,,,,,,,,,,,,,,CARVER
2016-05-01,,,,2.8,,,,,,,56275,,,,,,,,,,,,,,,,,,,,7.0,,,,,,,,,,,,,,,,,,,,,,,,,,,,CARVER
2016-06-01,,,,3.4,,,,,,,56756,,,,,,,,,,,,,,,,,,,,8.0,,,,,,,,,,,,,,,,,,,,,,,,,,,,CARVER
2016-07-01,,,,3.2,,,,,,,57302,,,2181.0,,,15.921159211592116,,,,,,,,,,,,,,3.0,,,,,,,,,,,,,,,,,,,,,,,,,,,,CARVER
2016-08-01,,,,3.4,,,,,,,57107,,,,,,,,,,,,,,,,,,,,10.0,,,,,,,,,,,,,,,,,,,,,,,,,,,,CARVER
2016-09-01,,,,3.2,,,,,,,56810,,,,,,,,,,,,,,,,,,,,5.0,,,,,,,,,,,,,,,,,,,,,,,,,,,,CARVER
2016-10-01,,,,3.1,,,,,,,56775,,,2202.0,,,16.289875793047983,,,,,,,,,,,,,,4.0,,,,,,,,,,,,,,,,,,,,,,,,,,,,CARVER
2016-11-01,,,,2.8,,,,,,,56690,,,,,,,,,,,,,,,,,,,,3.0,,,,,,,,,,,,,,,,,,,,,,,,,,,,CARVER
2016-12-01,,,,3.4,,,,,,,56731,,,,,,,,,,,,,,,,,,,,2.0,,,,,,,,,,,,,,,,,,,,,,,,,,,,CARVER
2017-01-01,,,,3.8,,102.119,,,,,56630,141.33,644.0,2233.0,,,15.434372473272846,,,,,,,,617.0,,,,,,2.0,,,,,,,,,,,,,,,,,,,,,,,,,,,,CARVER
2017-02-01,,,,3.7,,,,,,,56834,,,,,,,,,,,,,,,,,,,,3.0,,,,,,,,,,,,,,,,,,,,,,,,,,,,CARVER
2017-03-01,,,,3.4,,,,,,,56882,,,,,,,,,,,,,,,,,,,,5.0,,,,,,,,,,,,,,,,,,,,,,,,,,,,CARVER
2017-04-01,,,,2.9,,,,,,,56973,,,2292.0,,,14.980265518478651,,,,,,,,,,,,,,3.0,,,,,,,,,,,,,,,,,,,,,,,,,,,,CARVER
2017-05-01,,,,2.7,,,,,,,57085,,,,,,,,,,,,,,,,,,,,2.0,,,,,,,,,,,,,,,,,,,,,,,,,,,,CARVER
2017-06-01,,,,3.0,,,,,,,57510,,,,,,,,,,,,,,,,,,,,,,,,,,,,,,,,,,,,,,,,,,,,,,,,CARVER
2017-07-01,,,,2.8,,,,,,,58076,,,2340.0,,,15.07290455318007,,,,,,,,,,,,,,1.0,,,,,,,,,,,,,,,,,,,,,,,,,,,,CARVER
2017-08-01,,,,2.9,,,,,,,57840,,,,,,,,,,,,,,,,,,,,1.0,,,,,,,,,,,,,,,,,,,,,,,,,,,,CARVER
2017-09-01,,,,2.5,,,,,,,57628,,,,,,,,,,,,,,,,,,,,1.0,,,,,,,,,,,,,,,,,,,,,,,,,,,,CARVER
2017-10-01,,,,2.1,,,,,,,57311,,,2368.0,,,15.430504852640016,,,,,,,,,,,,,,,,,,,,,,,,,,,,,,,,,,,,,,,,,,CARVER
2017-11-01,,,,2.3,,,,,,,57280,,,,,,,,,,,,,,,,,,,,2.0,,,,,,,,,,,,,,,,,,,,,,,,,,,,CARVER
2017-12-01,,,,2.8,,,,,,,57078,,,,,,,,,,,,,,,,,,,,1.0,,,,,,,,,,,,,,,,,,,,,,,,,,,,CARVER
2018-01-01,,,,3.2,,,,,,,57619,,,2388.0,,,14.51168577268284,,,,,,,,,,,,,,,,,,,,,,,,,,,,,,,,,,,,,,,,,,CARVER
2018-02-01,,,,3.2,,,,,,,58021,,,,,,,,,,,,,,,,,,,,,,,,,,,,,,,,,,,,,,,,,,,,,,,,CARVER
2018-03-01,,,,3.1,,,,,,,57892,,,,,,,,,,,,,,,,,,,,,,,,,,,,,,,,,,,,,,,,,,,,,,,,CARVER
2018-04-01,,,,2.6,,,,,,,57926,,,,,,13.894290259855046,,,,,,,,,,,,,,,,,,,,,,,,,,,,,,,,,,,,,,,,,,CARVER
2018-05-01,,,,2.2,,,,,,,58142,,,,,,,,,,,,,,,,,,,,,,,,,,,,,,,,,,,,,,,,,,,,,,,,CARVER
2018-06-01,,,,2.6,,,,,,,58630,,,,,,,,,,,,,,,,,,,,,,,,,,,,,,,,,,,,,,,,,,,,,,,,CARVER
2018-07-01,,,,2.4,,,,,,,58910,,,,,,,,,,,,,,,,,,,,,,,,,,,,,,,,,,,,,,,,,,,,,,,,CARVER
2018-08-01,,,,2.2,,,,,,,58068,,,,,,,,,,,,,,,,,,,,,,,,,,,,,,,,,,,,,,,,,,,,,,,,CARVER
