DATE,2020RATIO027029,B01002001E027029,EQFXSUBPRIME027029,B080ACS027029,B03002012E027029,MNCLEA9URN,MNCLEA9POP,BPPRIV027029,CDC20N2U027029,PCPI27029,MHIMN27029A052NCEN,ENU2702920510,MNCLEA9LFN,CDC20N2UAA027029,PI27029,PUA5T17RMN27029A647NCEN,HOWNRATEACS027029,S1101SPHOUSE027029,NETMIGNACS027029,PEAAMN27029A647NCEN,PPAAMN27029A156NCEN,DMPCRATE027029,FBITC027029,RACEDISPARITY027029,B03002005E027029,B03002003E027029,B03002006E027029,B03002004E027029,CBR27029MNA647NCEN,B14005DCYACS027029,DP04ACS027029,USPTOISSUED027029,PUAAMN27029A647NCEN,HC01ESTVC1727029,S1701ACS027029,HC01ESTVC1627029,MHICILBMN27029A052NCEN,MHICIUBMN27029A052NCEN,PUA0T17MN27029A647NCEN,PEU18MN27029A647NCEN,PECILBAAMN27029A647NCEN,PECIUBAAMN27029A647NCEN,PPCILBAAMN27029A156NCEN,PPCIUBAAMN27029A156NCEN,S1501ACSTOTAL027029,PE5T17MN27029A647NCEN,PP5T17MN27029A156NCEN,PECILB5T17MN27029A647NCEN,PECIUB5T17MN27029A647NCEN,PPCILB5T17MN27029A156NCEN,PPU18MN27029A156NCEN,PECILBU18MN27029A647NCEN,PECIUBU18MN27029A647NCEN,PPCILBU18MN27029A156NCEN,PPCIUB5T17MN27029A156NCEN,PPCIUBU18MN27029A156NCEN,county
1991-01-01,,,,,,26.8,8.29,1.0,,12272.0,,176.0,3858,,101739.0,,,,,,,,,,,,,,,,,,,,,,,,,,,,,,,,,,,,,,,,,,CLEARWATER
1991-02-01,,,,,,25.9,,,,,,,3834,,,,,,,,,,,,,,,,,,,,,,,,,,,,,,,,,,,,,,,,,,,,CLEARWATER
1991-03-01,,,,,,25.6,,,,,,,3822,,,,,,,,,,,,,,,,,,,,,,,,,,,,,,,,,,,,,,,,,,,,CLEARWATER
1991-04-01,,,,,,19.5,,,,,,179.0,3758,,,,,,,,,,,,,,,,,,,,,,,,,,,,,,,,,,,,,,,,,,,,CLEARWATER
1991-05-01,,,,,,14.7,,,,,,,3797,,,,,,,,,,,,,,,,,,,,,,,,,,,,,,,,,,,,,,,,,,,,CLEARWATER
1991-06-01,,,,,,15.4,,,,,,,3896,,,,,,,,,,,,,,,,,,,,,,,,,,,,,,,,,,,,,,,,,,,,CLEARWATER
1991-07-01,,,,,,14.0,,,,,,181.0,3595,,,,,,,,,,,,,,,,,,,,,,,,,,,,,,,,,,,,,,,,,,,,CLEARWATER
1991-08-01,,,,,,11.8,,,,,,,3434,,,,,,,,,,,,,,,,,,,,,,,,,,,,,,,,,,,,,,,,,,,,CLEARWATER
1991-09-01,,,,,,10.0,,,,,,,3598,,,,,,,,,,,,,,,,,,,,,,,,,,,,,,,,,,,,,,,,,,,,CLEARWATER
1991-10-01,,,,,,8.7,,,,,,183.0,3437,,,,,,,,,,,,,,,,,,,,,,,,,,,,,,,,,,,,,,,,,,,,CLEARWATER
1991-11-01,,,,,,14.7,,,,,,,3475,,,,,,,,,,,,,,,,,,,,,,,,,,,,,,,,,,,,,,,,,,,,CLEARWATER
1991-12-01,,,,,,19.5,,,,,,,3594,,,,,,,,,,,,,,,,,,,,,,,,,,,,,,,,,,,,,,,,,,,,CLEARWATER
1992-01-01,,,,,,26.4,8.291,3.0,,12976.0,,180.0,3764,,107583.0,,,,,,,,,,,,,,,,,,,,,,,,,,,,,,,,,,,,,,,,,,CLEARWATER
1992-02-01,,,,,,26.0,,,,,,,3732,,,,,,,,,,,,,,,,,,,,,,,,,,,,,,,,,,,,,,,,,,,,CLEARWATER
1992-03-01,,,,,,25.7,,,,,,,3751,,,,,,,,,,,,,,,,,,,,,,,,,,,,,,,,,,,,,,,,,,,,CLEARWATER
1992-04-01,,,,,,19.5,,,,,,182.0,3719,,,,,,,,,,,,,,,,,,,,,,,,,,,,,,,,,,,,,,,,,,,,CLEARWATER
1992-05-01,,,,,,15.0,,,,,,,3789,,,,,,,,,,,,,,,,,,,,,,,,,,,,,,,,,,,,,,,,,,,,CLEARWATER
1992-06-01,,,,,,16.2,,,,,,,3687,,,,,,,,,,,,,,,,,,,,,,,,,,,,,,,,,,,,,,,,,,,,CLEARWATER
1992-07-01,,,,,,13.9,,,,,,185.0,3631,,,,,,,,,,,,,,,,,,,,,,,,,,,,,,,,,,,,,,,,,,,,CLEARWATER
1992-08-01,,,,,,12.3,,,,,,,3556,,,,,,,,,,,,,,,,,,,,,,,,,,,,,,,,,,,,,,,,,,,,CLEARWATER
1992-09-01,,,,,,11.4,,,,,,,3662,,,,,,,,,,,,,,,,,,,,,,,,,,,,,,,,,,,,,,,,,,,,CLEARWATER
1992-10-01,,,,,,10.4,,,,,,190.0,3553,,,,,,,,,,,,,,,,,,,,,,,,,,,,,,,,,,,,,,,,,,,,CLEARWATER
1992-11-01,,,,,,16.8,,,,,,,3734,,,,,,,,,,,,,,,,,,,,,,,,,,,,,,,,,,,,,,,,,,,,CLEARWATER
1992-12-01,,,,,,21.0,,,,,,,3956,,,,,,,,,,,,,,,,,,,,,,,,,,,,,,,,,,,,,,,,,,,,CLEARWATER
1993-01-01,,,,,,27.1,8.402000000000001,1.0,,13446.0,22333.0,190.0,4133,,112971.0,,,,,1751.0,21.1,,,,,,,,1118.0,,,,,,,,20061.0,24593.0,,706.0,1378.0,2125.0,16.6,25.6,,504.0,26.4,377.0,632.0,19.7,28.4,543.0,868.0,21.8,33.0,34.9,CLEARWATER
1993-02-01,,,,,,26.4,,,,,,,4059,,,,,,,,,,,,,,,,,,,,,,,,,,,,,,,,,,,,,,,,,,,,CLEARWATER
1993-03-01,,,,,,26.0,,,,,,,4155,,,,,,,,,,,,,,,,,,,,,,,,,,,,,,,,,,,,,,,,,,,,CLEARWATER
1993-04-01,,,,,,21.2,,,,,,190.0,4063,,,,,,,,,,,,,,,,,,,,,,,,,,,,,,,,,,,,,,,,,,,,CLEARWATER
1993-05-01,,,,,,15.3,,,,,,,4026,,,,,,,,,,,,,,,,,,,,,,,,,,,,,,,,,,,,,,,,,,,,CLEARWATER
1993-06-01,,,,,,16.4,,,,,,,4201,,,,,,,,,,,,,,,,,,,,,,,,,,,,,,,,,,,,,,,,,,,,CLEARWATER
1993-07-01,,,,,,15.3,,,,,,190.0,3867,,,,,,,,,,,,,,,,,,,,,,,,,,,,,,,,,,,,,,,,,,,,CLEARWATER
1993-08-01,,,,,,12.9,,,,,,,3701,,,,,,,,,,,,,,,,,,,,,,,,,,,,,,,,,,,,,,,,,,,,CLEARWATER
1993-09-01,,,,,,10.9,,,,,,,3984,,,,,,,,,,,,,,,,,,,,,,,,,,,,,,,,,,,,,,,,,,,,CLEARWATER
1993-10-01,,,,,,11.9,,,,,,189.0,3831,,,,,,,,,,,,,,,,,,,,,,,,,,,,,,,,,,,,,,,,,,,,CLEARWATER
1993-11-01,,,,,,15.6,,,,,,,3937,,,,,,,,,,,,,,,,,,,,,,,,,,,,,,,,,,,,,,,,,,,,CLEARWATER
1993-12-01,,,,,,19.3,,,,,,,3929,,,,,,,,,,,,,,,,,,,,,,,,,,,,,,,,,,,,,,,,,,,,CLEARWATER
1994-01-01,,,,,,25.1,8.493,1.0,,13988.0,,195.0,4235,,118799.0,,,,,,,,,,,,,,,,,,,,,,,,,,,,,,,,,,,,,,,,,,CLEARWATER
1994-02-01,,,,,,22.6,,,,,,,4137,,,,,,,,,,,,,,,,,,,,,,,,,,,,,,,,,,,,,,,,,,,,CLEARWATER
1994-03-01,,,,,,22.7,,,,,,,4154,,,,,,,,,,,,,,,,,,,,,,,,,,,,,,,,,,,,,,,,,,,,CLEARWATER
1994-04-01,,,,,,17.6,,,,,,195.0,3975,,,,,,,,,,,,,,,,,,,,,,,,,,,,,,,,,,,,,,,,,,,,CLEARWATER
1994-05-01,,,,,,12.8,,,,,,,3958,,,,,,,,,,,,,,,,,,,,,,,,,,,,,,,,,,,,,,,,,,,,CLEARWATER
1994-06-01,,,,,,12.5,,,,,,,4031,,,,,,,,,,,,,,,,,,,,,,,,,,,,,,,,,,,,,,,,,,,,CLEARWATER
1994-07-01,,,,,,10.7,,,,,,192.0,3857,,,,,,,,,,,,,,,,,,,,,,,,,,,,,,,,,,,,,,,,,,,,CLEARWATER
1994-08-01,,,,,,10.2,,,,,,,3764,,,,,,,,,,,,,,,,,,,,,,,,,,,,,,,,,,,,,,,,,,,,CLEARWATER
1994-09-01,,,,,,10.0,,,,,,,3978,,,,,,,,,,,,,,,,,,,,,,,,,,,,,,,,,,,,,,,,,,,,CLEARWATER
1994-10-01,,,,,,8.8,,,,,,194.0,3867,,,,,,,,,,,,,,,,,,,,,,,,,,,,,,,,,,,,,,,,,,,,CLEARWATER
1994-11-01,,,,,,11.8,,,,,,,3936,,,,,,,,,,,,,,,,,,,,,,,,,,,,,,,,,,,,,,,,,,,,CLEARWATER
1994-12-01,,,,,,16.7,,,,,,,3936,,,,,,,,,,,,,,,,,,,,,,,,,,,,,,,,,,,,,,,,,,,,CLEARWATER
1995-01-01,,,,,,25.1,8.53,1.0,,14771.0,24607.0,188.0,4082,,125995.0,,,,,1472.0,17.9,,,,,,,,912.0,,,,,,,,21717.0,27480.0,,567.0,1167.0,1778.0,14.2,21.6,,389.0,20.8,297.0,481.0,15.9,23.4,438.0,696.0,18.1,25.7,28.7,CLEARWATER
1995-02-01,,,,,,23.0,,,,,,,4036,,,,,,,,,,,,,,,,,,,,,,,,,,,,,,,,,,,,,,,,,,,,CLEARWATER
1995-03-01,,,,,,21.5,,,,,,,4081,,,,,,,,,,,,,,,,,,,,,,,,,,,,,,,,,,,,,,,,,,,,CLEARWATER
1995-04-01,,,,,,18.9,,,,,,189.0,4160,,,,,,,,,,,,,,,,,,,,,,,,,,,,,,,,,,,,,,,,,,,,CLEARWATER
1995-05-01,,,,,,14.7,,,,,,,3997,,,,,,,,,,,,,,,,,,,,,,,,,,,,,,,,,,,,,,,,,,,,CLEARWATER
1995-06-01,,,,,,12.6,,,,,,,4124,,,,,,,,,,,,,,,,,,,,,,,,,,,,,,,,,,,,,,,,,,,,CLEARWATER
1995-07-01,,,,,,11.5,,,,,,191.0,3862,,,,,,,,,,,,,,,,,,,,,,,,,,,,,,,,,,,,,,,,,,,,CLEARWATER
1995-08-01,,,,,,10.5,,,,,,,3702,,,,,,,,,,,,,,,,,,,,,,,,,,,,,,,,,,,,,,,,,,,,CLEARWATER
1995-09-01,,,,,,8.8,,,,,,,3827,,,,,,,,,,,,,,,,,,,,,,,,,,,,,,,,,,,,,,,,,,,,CLEARWATER
1995-10-01,,,,,,8.3,,,,,,197.0,3866,,,,,,,,,,,,,,,,,,,,,,,,,,,,,,,,,,,,,,,,,,,,CLEARWATER
1995-11-01,,,,,,11.3,,,,,,,3850,,,,,,,,,,,,,,,,,,,,,,,,,,,,,,,,,,,,,,,,,,,,CLEARWATER
1995-12-01,,,,,,16.2,,,,,,,3830,,,,,,,,,,,,,,,,,,,,,,,,,,,,,,,,,,,,,,,,,,,,CLEARWATER
1996-01-01,,,,,,22.7,8.546,2.0,,15897.0,,195.0,4052,,135859.0,,,,,,,,,,,,,,,,,,,,,,,,,,,,,,,,,,,,,,,,,,CLEARWATER
1996-02-01,,,,,,21.0,,,,,,,4169,,,,,,,,,,,,,,,,,,,,,,,,,,,,,,,,,,,,,,,,,,,,CLEARWATER
1996-03-01,,,,,,22.6,,,,,,,4280,,,,,,,,,,,,,,,,,,,,,,,,,,,,,,,,,,,,,,,,,,,,CLEARWATER
1996-04-01,,,,,,20.0,,,,,,201.0,4271,,,,,,,,,,,,,,,,,,,,,,,,,,,,,,,,,,,,,,,,,,,,CLEARWATER
1996-05-01,,,,,,13.8,,,,,,,4257,,,,,,,,,,,,,,,,,,,,,,,,,,,,,,,,,,,,,,,,,,,,CLEARWATER
1996-06-01,,,,,,12.8,,,,,,,4182,,,,,,,,,,,,,,,,,,,,,,,,,,,,,,,,,,,,,,,,,,,,CLEARWATER
1996-07-01,,,,,,12.3,,,,,,201.0,3986,,,,,,,,,,,,,,,,,,,,,,,,,,,,,,,,,,,,,,,,,,,,CLEARWATER
1996-08-01,,,,,,9.6,,,,,,,3893,,,,,,,,,,,,,,,,,,,,,,,,,,,,,,,,,,,,,,,,,,,,CLEARWATER
1996-09-01,,,,,,8.8,,,,,,,3922,,,,,,,,,,,,,,,,,,,,,,,,,,,,,,,,,,,,,,,,,,,,CLEARWATER
1996-10-01,,,,,,7.8,,,,,,204.0,3890,,,,,,,,,,,,,,,,,,,,,,,,,,,,,,,,,,,,,,,,,,,,CLEARWATER
1996-11-01,,,,,,12.1,,,,,,,3987,,,,,,,,,,,,,,,,,,,,,,,,,,,,,,,,,,,,,,,,,,,,CLEARWATER
1996-12-01,,,,,,16.2,,,,,,,3946,,,,,,,,,,,,,,,,,,,,,,,,,,,,,,,,,,,,,,,,,,,,CLEARWATER
1997-01-01,,,,,,20.8,8.606,2.0,,16394.0,26177.0,202.0,4240,,141083.0,,,,,1562.0,19.1,,,,,,,,739.0,,,,,,,,23211.0,29126.0,,689.0,1199.0,1924.0,14.6,23.5,,480.0,25.6,336.0,624.0,17.9,28.0,506.0,872.0,20.6,33.2,35.5,CLEARWATER
1997-02-01,,,,,,19.2,,,,,,,4105,,,,,,,,,,,,,,,,,,,,,,,,,,,,,,,,,,,,,,,,,,,,CLEARWATER
1997-03-01,,,,,,20.3,,,,,,,4105,,,,,,,,,,,,,,,,,,,,,,,,,,,,,,,,,,,,,,,,,,,,CLEARWATER
1997-04-01,,,,,,17.4,,,,,,209.0,4221,,,,,,,,,,,,,,,,,,,,,,,,,,,,,,,,,,,,,,,,,,,,CLEARWATER
1997-05-01,,,,,,11.3,,,,,,,4213,,,,,,,,,,,,,,,,,,,,,,,,,,,,,,,,,,,,,,,,,,,,CLEARWATER
1997-06-01,,,,,,11.7,,,,,,,4131,,,,,,,,,,,,,,,,,,,,,,,,,,,,,,,,,,,,,,,,,,,,CLEARWATER
1997-07-01,,,,,,9.4,,,,,,208.0,3931,,,,,,,,,,,,,,,,,,,,,,,,,,,,,,,,,,,,,,,,,,,,CLEARWATER
1997-08-01,,,,,,8.7,,,,,,,3906,,,,,,,,,,,,,,,,,,,,,,,,,,,,,,,,,,,,,,,,,,,,CLEARWATER
1997-09-01,,,,,,7.9,,,,,,,4072,,,,,,,,,,,,,,,,,,,,,,,,,,,,,,,,,,,,,,,,,,,,CLEARWATER
1997-10-01,,,,,,7.2,,,,,,205.0,4066,,,,,,,,,,,,,,,,,,,,,,,,,,,,,,,,,,,,,,,,,,,,CLEARWATER
1997-11-01,,,,,,9.2,,,,,,,3994,,,,,,,,,,,,,,,,,,,,,,,,,,,,,,,,,,,,,,,,,,,,CLEARWATER
1997-12-01,,,,,,12.5,,,,,,,4119,,,,,,,,,,,,,,,,,,,,,,,,,,,,,,,,,,,,,,,,,,,,CLEARWATER
1998-01-01,,,,,,18.2,8.597000000000001,6.0,,17425.0,27856.0,202.0,4182,,149807.0,1860.0,,,,1571.0,19.5,,,,,,,,739.0,,,,8073.0,,,,24858.0,30837.0,2389.0,601.0,1212.0,1930.0,15.0,23.9,,446.0,24.0,293.0,599.0,15.8,25.2,427.0,776.0,17.9,32.2,32.5,CLEARWATER
1998-02-01,,,,,,16.8,,,,,,,4111,,,,,,,,,,,,,,,,,,,,,,,,,,,,,,,,,,,,,,,,,,,,CLEARWATER
1998-03-01,,,,,,17.9,,,,,,,4097,,,,,,,,,,,,,,,,,,,,,,,,,,,,,,,,,,,,,,,,,,,,CLEARWATER
1998-04-01,,,,,,12.8,,,,,,205.0,4064,,,,,,,,,,,,,,,,,,,,,,,,,,,,,,,,,,,,,,,,,,,,CLEARWATER
1998-05-01,,,,,,8.7,,,,,,,4031,,,,,,,,,,,,,,,,,,,,,,,,,,,,,,,,,,,,,,,,,,,,CLEARWATER
1998-06-01,,,,,,10.1,,,,,,,4041,,,,,,,,,,,,,,,,,,,,,,,,,,,,,,,,,,,,,,,,,,,,CLEARWATER
1998-07-01,,,,,,8.4,,,,,,207.0,3897,,,,,,,,,,,,,,,,,,,,,,,,,,,,,,,,,,,,,,,,,,,,CLEARWATER
1998-08-01,,,,,,7.5,,,,,,,3806,,,,,,,,,,,,,,,,,,,,,,,,,,,,,,,,,,,,,,,,,,,,CLEARWATER
1998-09-01,,,,,,7.2,,,,,,,3921,,,,,,,,,,,,,,,,,,,,,,,,,,,,,,,,,,,,,,,,,,,,CLEARWATER
1998-10-01,,,,,,6.4,,,,,,207.0,4117,,,,,,,,,,,,,,,,,,,,,,,,,,,,,,,,,,,,,,,,,,,,CLEARWATER
1998-11-01,,,,,,9.6,,,,,,,4135,,,,,,,,,,,,,,,,,,,,,,,,,,,,,,,,,,,,,,,,,,,,CLEARWATER
1998-12-01,,,,,,11.9,,,,,,,4162,,,,,,,,,,,,,,,,,,,,,,,,,,,,,,,,,,,,,,,,,,,,CLEARWATER
1999-01-01,,,30.385015608740893,,,17.9,8.526,4.0,452.5,18492.0,30079.0,206.0,4263,390.3,157665.0,1671.0,,,,1174.0,14.1,,,,,,,,650.0,,,,8334.0,,,,28220.0,32060.0,2199.0,378.0,883.0,1465.0,10.6,17.6,,301.0,18.0,189.0,413.0,11.3,17.2,254.0,501.0,11.6,24.7,22.8,CLEARWATER
1999-02-01,,,,,,17.0,,,,,,,4181,,,,,,,,,,,,,,,,,,,,,,,,,,,,,,,,,,,,,,,,,,,,CLEARWATER
1999-03-01,,,,,,16.9,,,,,,,4195,,,,,,,,,,,,,,,,,,,,,,,,,,,,,,,,,,,,,,,,,,,,CLEARWATER
1999-04-01,,,32.10719915922228,,,12.8,,,,,,206.0,4284,,,,,,,,,,,,,,,,,,,,,,,,,,,,,,,,,,,,,,,,,,,,CLEARWATER
1999-05-01,,,,,,10.0,,,,,,,4398,,,,,,,,,,,,,,,,,,,,,,,,,,,,,,,,,,,,,,,,,,,,CLEARWATER
1999-06-01,,,,,,9.9,,,,,,,4303,,,,,,,,,,,,,,,,,,,,,,,,,,,,,,,,,,,,,,,,,,,,CLEARWATER
1999-07-01,,,30.04012036108325,,,9.0,,,,,,208.0,3912,,,,,,,,,,,,,,,,,,,,,,,,,,,,,,,,,,,,,,,,,,,,CLEARWATER
1999-08-01,,,,,,7.5,,,,,,,3811,,,,,,,,,,,,,,,,,,,,,,,,,,,,,,,,,,,,,,,,,,,,CLEARWATER
1999-09-01,,,,,,6.8,,,,,,,3967,,,,,,,,,,,,,,,,,,,,,,,,,,,,,,,,,,,,,,,,,,,,CLEARWATER
1999-10-01,,,30.45092838196287,,,5.5,,,,,,205.0,4083,,,,,,,,,,,,,,,,,,,,,,,,,,,,,,,,,,,,,,,,,,,,CLEARWATER
1999-11-01,,,,,,9.9,,,,,,,4161,,,,,,,,,,,,,,,,,,,,,,,,,,,,,,,,,,,,,,,,,,,,CLEARWATER
1999-12-01,,,,,,11.5,,,,,,,4422,,,,,,,,,,,,,,,,,,,,,,,,,,,,,,,,,,,,,,,,,,,,CLEARWATER
2000-01-01,,,31.164021164021165,,,16.2,8.366,5.0,536.9,21055.0,31220.0,207.0,4285,485.6,176627.0,1578.0,,,,1154.0,14.0,,,,,,,,638.0,,,,8252.0,,,,29044.0,33560.0,2087.0,405.0,896.0,1413.0,10.9,17.1,,266.0,16.9,181.0,351.0,11.5,19.4,299.0,512.0,14.3,22.2,24.5,CLEARWATER
2000-02-01,,,,,,15.3,,,,,,,4306,,,,,,,,,,,,,,,,,,,,,,,,,,,,,,,,,,,,,,,,,,,,CLEARWATER
2000-03-01,,,,,,14.9,,,,,,,4348,,,,,,,,,,,,,,,,,,,,,,,,,,,,,,,,,,,,,,,,,,,,CLEARWATER
2000-04-01,,,30.487166055526448,,,9.8,,,,,,213.0,4188,,,,,,,,,,,,,,,,,,,,,,,,,,,,,,,,,,,,,,,,,,,,CLEARWATER
2000-05-01,,,,,,7.4,,,,,,,4265,,,,,,,,,,,,,,,,,,,,,,,,,,,,,,,,,,,,,,,,,,,,CLEARWATER
2000-06-01,,,,,,7.0,,,,,,,4014,,,,,,,,,,,,,,,,,,,,,,,,,,,,,,,,,,,,,,,,,,,,CLEARWATER
2000-07-01,,,29.92248062015504,,,5.9,,,,,,216.0,4131,,,,,,,,,,,,,,,,,,,,,,,,,,,,,,,,,,,,,,,,,,,,CLEARWATER
2000-08-01,,,,,,5.6,,,,,,,4107,,,,,,,,,,,,,,,,,,,,,,,,,,,,,,,,,,,,,,,,,,,,CLEARWATER
2000-09-01,,,,,,5.0,,,,,,,4189,,,,,,,,,,,,,,,,,,,,,,,,,,,,,,,,,,,,,,,,,,,,CLEARWATER
2000-10-01,,,28.323699421965323,,,5.0,,,,,,218.0,4247,,,,,,,,,,,,,,,,,,,,,,,,,,,,,,,,,,,,,,,,,,,,CLEARWATER
2000-11-01,,,,,,8.7,,,,,,,4242,,,,,,,,,,,,,,,,,,,,,,,,,,,,,,,,,,,,,,,,,,,,CLEARWATER
2000-12-01,,,,,,11.8,,,,,,,4186,,,,,,,,,,,,,,,,,,,,,,,,,,,,,,,,,,,,,,,,,,,,CLEARWATER
2001-01-01,,,28.93496701225259,,,16.9,8.317,5.0,433.4,20850.0,30521.0,208.0,4431,376.8,174805.0,1553.0,,,,1168.0,14.0,,,,,,,,735.0,,,,8325.0,,,,28587.0,32587.0,2069.0,382.0,906.0,1429.0,10.9,17.2,,268.0,17.3,178.0,358.0,11.4,18.5,275.0,490.0,13.3,23.1,23.7,CLEARWATER
2001-02-01,,,,,,16.5,,,,,,,4468,,,,,,,,,,,,,,,,,,,,,,,,,,,,,,,,,,,,,,,,,,,,CLEARWATER
2001-03-01,,,,,,15.9,,,,,,,4485,,,,,,,,,,,,,,,,,,,,,,,,,,,,,,,,,,,,,,,,,,,,CLEARWATER
2001-04-01,,,28.007346189164373,,,13.0,,,,,,209.0,4533,,,,,,,,,,,,,,,,,,,,,,,,,,,,,,,,,,,,,,,,,,,,CLEARWATER
2001-05-01,,,,,,8.2,,,,,,,4393,,,,,,,,,,,,,,,,,,,,,,,,,,,,,,,,,,,,,,,,,,,,CLEARWATER
2001-06-01,,,,,,7.1,,,,,,,4374,,,,,,,,,,,,,,,,,,,,,,,,,,,,,,,,,,,,,,,,,,,,CLEARWATER
2001-07-01,,,28.764044943820227,,,6.1,,,,,,210.0,4211,,,,,,,,,,,,,,,,,,,,,,,,,,,,,,,,,,,,,,,,,,,,CLEARWATER
2001-08-01,,,,,,5.2,,,,,,,4255,,,,,,,,,,,,,,,,,,,,,,,,,,,,,,,,,,,,,,,,,,,,CLEARWATER
2001-09-01,,,,,,4.7,,,,,,,4388,,,,,,,,,,,,,,,,,,,,,,,,,,,,,,,,,,,,,,,,,,,,CLEARWATER
2001-10-01,,,27.515583259127336,,,4.4,,,,,,206.0,4360,,,,,,,,,,,,,,,,,,,,,,,,,,,,,,,,,,,,,,,,,,,,CLEARWATER
2001-11-01,,,,,,7.7,,,,,,,4374,,,,,,,,,,,,,,,,,,,,,,,,,,,,,,,,,,,,,,,,,,,,CLEARWATER
2001-12-01,,,,,,10.6,,,,,,,4390,,,,,,,,,,,,,,,,,,,,,,,,,,,,,,,,,,,,,,,,,,,,CLEARWATER
2002-01-01,,,27.50463821892393,,,16.6,8.332,2.0,493.9,21794.0,31184.0,200.0,4448,416.3,183962.0,1507.0,,,,1117.0,13.4,,,,,,,,697.0,,,,8327.0,,,,29197.0,33307.0,2044.0,331.0,857.0,1378.0,10.3,16.5,,256.0,17.0,175.0,337.0,11.6,16.2,240.0,423.0,11.7,22.4,20.7,CLEARWATER
2002-02-01,,,,,,16.5,,,,,,,4454,,,,,,,,,,,,,,,,,,,,,,,,,,,,,,,,,,,,,,,,,,,,CLEARWATER
2002-03-01,,,,,,16.2,,,,,,,4467,,,,,,,,,,,,,,,,,,,,,,,,,,,,,,,,,,,,,,,,,,,,CLEARWATER
2002-04-01,,,28.35266821345708,,,13.9,,,,,,203.0,4461,,,,,,,,,,,,,,,,,,,,,,,,,,,,,,,,,,,,,,,,,,,,CLEARWATER
2002-05-01,,,,,,7.6,,,,,,,4383,,,,,,,,,,,,,,,,,,,,,,,,,,,,,,,,,,,,,,,,,,,,CLEARWATER
2002-06-01,,,,,,8.6,,,,,,,4400,,,,,,,,,,,,,,,,,,,,,,,,,,,,,,,,,,,,,,,,,,,,CLEARWATER
2002-07-01,,,28.29067641681901,,,7.3,,,,,,204.0,4098,,,,,,,,,,,,,,,,,,,,,,,,,,,,,,,,,,,,,,,,,,,,CLEARWATER
2002-08-01,,,,,,6.6,,,,,,,4016,,,,,,,,,,,,,,,,,,,,,,,,,,,,,,,,,,,,,,,,,,,,CLEARWATER
2002-09-01,,,,,,5.7,,,,,,,4201,,,,,,,,,,,,,,,,,,,,,,,,,,,,,,,,,,,,,,,,,,,,CLEARWATER
2002-10-01,,,27.952576379388965,,,5.1,,,,,,202.0,4194,,,,,,,,,,,,,,,,,,,,,,,,,,,,,,,,,,,,,,,,,,,,CLEARWATER
2002-11-01,,,,,,8.7,,,,,,,4251,,,,,,,,,,,,,,,,,,,,,,,,,,,,,,,,,,,,,,,,,,,,CLEARWATER
2002-12-01,,,,,,10.1,,,,,,,4256,,,,,,,,,,,,,,,,,,,,,,,,,,,,,,,,,,,,,,,,,,,,CLEARWATER
2003-01-01,,,27.86137710898313,,,16.4,8.267999999999999,1.0,338.3,21746.0,32571.0,205.0,4222,271.9,183191.0,1469.0,,,,1073.0,12.9,,,,,,,,769.0,,,,8336.0,,,,30655.0,34606.0,1977.0,373.0,826.0,1321.0,9.9,15.8,,238.0,16.2,164.0,312.0,11.2,18.9,273.0,473.0,13.8,21.2,23.9,CLEARWATER
2003-02-01,,,,,,16.3,,,,,,,4149,,,,,,,,,,,,,,,,,,,,,,,,,,,,,,,,,,,,,,,,,,,,CLEARWATER
2003-03-01,,,,,,16.0,,,,,,,4204,,,,,,,,,,,,,,,,,,,,,,,,,,,,,,,,,,,,,,,,,,,,CLEARWATER
2003-04-01,,,26.57942238267148,,,13.8,,,,,,206.0,4178,,,,,,,,,,,,,,,,,,,,,,,,,,,,,,,,,,,,,,,,,,,,CLEARWATER
2003-05-01,,,,,,8.8,,,,,,,4087,,,,,,,,,,,,,,,,,,,,,,,,,,,,,,,,,,,,,,,,,,,,CLEARWATER
2003-06-01,,,,,,9.6,,,,,,,4004,,,,,,,,,,,,,,,,,,,,,,,,,,,,,,,,,,,,,,,,,,,,CLEARWATER
2003-07-01,,,26.896865061335763,,,9.6,,,,,,203.0,3858,,,,,,,,,,,,,,,,,,,,,,,,,,,,,,,,,,,,,,,,,,,,CLEARWATER
2003-08-01,,,,,,7.8,,,,,,,3792,,,,,,,,,,,,,,,,,,,,,,,,,,,,,,,,,,,,,,,,,,,,CLEARWATER
2003-09-01,,,,,,7.3,,,,,,,3832,,,,,,,,,,,,,,,,,,,,,,,,,,,,,,,,,,,,,,,,,,,,CLEARWATER
2003-10-01,,,26.599634369287013,,,7.1,,,,,,200.0,3960,,,,,,,,,,,,,,,,,,,,,,,,,,,,,,,,,,,,,,,,,,,,CLEARWATER
2003-11-01,,,,,,9.1,,,,,,,3993,,,,,,,,,,,,,,,,,,,,,,,,,,,,,,,,,,,,,,,,,,,,CLEARWATER
2003-12-01,,,,,,11.9,,,,,,,4057,,,,,,,,,,,,,,,,,,,,,,,,,,,,,,,,,,,,,,,,,,,,CLEARWATER
2004-01-01,,,27.985246657445828,,,17.2,8.263,2.0,452.5,22268.0,34114.0,198.0,4224,380.7,188519.0,1403.0,,,,1039.0,12.4,,,,,,,,766.0,,,,8379.0,,,,32109.0,36245.0,1991.0,359.0,791.0,1286.0,9.4,15.4,,233.0,16.6,155.0,311.0,11.1,18.0,258.0,460.0,12.9,22.2,23.1,CLEARWATER
2004-02-01,,,,,,16.3,,,,,,,4185,,,,,,,,,,,,,,,,,,,,,,,,,,,,,,,,,,,,,,,,,,,,CLEARWATER
2004-03-01,,,,,,16.7,,,,,,,4198,,,,,,,,,,,,,,,,,,,,,,,,,,,,,,,,,,,,,,,,,,,,CLEARWATER
2004-04-01,,,26.42823966558291,,,12.6,,,,,,205.0,4074,,,,,,,,,,,,,,,,,,,,,,,,,,,,,,,,,,,,,,,,,,,,CLEARWATER
2004-05-01,,,,,,9.5,,,,,,,4011,,,,,,,,,,,,,,,,,,,,,,,,,,,,,,,,,,,,,,,,,,,,CLEARWATER
2004-06-01,,,,,,9.1,,,,,,,4055,,,,,,,,,,,,,,,,,,,,,,,,,,,,,,,,,,,,,,,,,,,,CLEARWATER
2004-07-01,,,25.49562010142923,,,8.3,,,,,,203.0,3955,,,,,,,,,,,,,,,,,,,,,,,,,,,,,,,,,,,,,,,,,,,,CLEARWATER
2004-08-01,,,,,,7.5,,,,,,,3837,,,,,,,,,,,,,,,,,,,,,,,,,,,,,,,,,,,,,,,,,,,,CLEARWATER
2004-09-01,,,,,,6.6,,,,,,,3884,,,,,,,,,,,,,,,,,,,,,,,,,,,,,,,,,,,,,,,,,,,,CLEARWATER
2004-10-01,,,27.938671209540033,,,6.8,,,,,,204.0,3877,,,,,,,,,,,,,,,,,,,,,,,,,,,,,,,,,,,,,,,,,,,,CLEARWATER
2004-11-01,,,,,,8.8,,,,,,,3941,,,,,,,,,,,,,,,,,,,,,,,,,,,,,,,,,,,,,,,,,,,,CLEARWATER
2004-12-01,,,,,,11.4,,,,,,,3955,,,,,,,,,,,,,,,,,,,,,,,,,,,,,,,,,,,,,,,,,,,,CLEARWATER
2005-01-01,,,27.920049968769522,,,15.5,8.222000000000001,7.0,437.2,22424.0,35777.0,198.0,4056,344.2,189954.0,1386.0,,,,1305.0,15.8,,166.0,,,,,,793.0,,,,8278.0,,,,33384.0,38170.0,1957.0,434.0,1057.0,1553.0,12.8,18.8,,281.0,20.3,214.0,348.0,15.4,22.2,338.0,531.0,17.3,25.1,27.1,CLEARWATER
2005-02-01,,,,,,15.7,,,,,,,4068,,,,,,,,,,,,,,,,,,,,,,,,,,,,,,,,,,,,,,,,,,,,CLEARWATER
2005-03-01,,,,,,15.5,,,,,,,4050,,,,,,,,,,,,,,,,,,,,,,,,,,,,,,,,,,,,,,,,,,,,CLEARWATER
2005-04-01,,,27.376171352074966,,,12.3,,,,,,207.0,3983,,,,,,,,,,,,,,,,,,,,,,,,,,,,,,,,,,,,,,,,,,,,CLEARWATER
2005-05-01,,,,,,8.4,,,,,,,3906,,,,,,,,,,,,,,,,,,,,,,,,,,,,,,,,,,,,,,,,,,,,CLEARWATER
2005-06-01,,,,,,8.3,,,,,,,3888,,,,,,,,,,,,,,,,,,,,,,,,,,,,,,,,,,,,,,,,,,,,CLEARWATER
2005-07-01,,,27.418181818181814,,,6.9,,,,,,211.0,3699,,,,,,,,,,,,,,,,,,,,,,,,,,,,,,,,,,,,,,,,,,,,CLEARWATER
2005-08-01,,,,,,6.2,,,,,,,3633,,,,,,,,,,,,,,,,,,,,,,,,,,,,,,,,,,,,,,,,,,,,CLEARWATER
2005-09-01,,,,,,6.1,,,,,,,3751,,,,,,,,,,,,,,,,,,,,,,,,,,,,,,,,,,,,,,,,,,,,CLEARWATER
2005-10-01,,,28.2591725214676,,,6.1,,,,,,212.0,3751,,,,,,,,,,,,,,,,,,,,,,,,,,,,,,,,,,,,,,,,,,,,CLEARWATER
2005-11-01,,,,,,8.1,,,,,,,3798,,,,,,,,,,,,,,,,,,,,,,,,,,,,,,,,,,,,,,,,,,,,CLEARWATER
2005-12-01,,,,,,10.6,,,,,,,3842,,,,,,,,,,,,,,,,,,,,,,,,,,,,,,,,,,,,,,,,,,,,CLEARWATER
2006-01-01,,,27.295285359801486,,,15.8,8.181000000000001,9.0,334.8,23370.0,35446.0,209.0,4063,259.1,198084.0,1385.0,,,,1383.0,16.7,,134.0,,,,,,785.0,,,,8264.0,,,,32900.0,37993.0,1987.0,475.0,1105.0,1660.0,13.4,20.1,,310.0,22.4,240.0,380.0,17.3,23.9,376.0,575.0,18.9,27.4,28.9,CLEARWATER
2006-02-01,,,,,,14.7,,,,,,,4050,,,,,,,,,,,,,,,,,,,,,,,,,,,,,,,,,,,,,,,,,,,,CLEARWATER
2006-03-01,,,,,,14.4,,,,,,,3985,,,,,,,,,,,,,,,,,,,,,,,,,,,,,,,,,,,,,,,,,,,,CLEARWATER
2006-04-01,,,27.249357326478147,,,10.8,,,,,,206.0,3880,,,,,,,,,,,,,,,,,,,,,,,,,,,,,,,,,,,,,,,,,,,,CLEARWATER
2006-05-01,,,,,,7.4,,,,,,,3766,,,,,,,,,,,,,,,,,,,,,,,,,,,,,,,,,,,,,,,,,,,,CLEARWATER
2006-06-01,,,,,,7.6,,,,,,,3690,,,,,,,,,,,,,,,,,,,,,,,,,,,,,,,,,,,,,,,,,,,,CLEARWATER
2006-07-01,,,27.833182230281054,,,7.0,,,,,,205.0,3615,,,,,,,,,,,,,,,,,,,,,,,,,,,,,,,,,,,,,,,,,,,,CLEARWATER
2006-08-01,,,,,,6.3,,,,,,,3548,,,,,,,,,,,,,,,,,,,,,,,,,,,,,,,,,,,,,,,,,,,,CLEARWATER
2006-09-01,,,,,,5.7,,,,,,,3690,,,,,,,,,,,,,,,,,,,,,,,,,,,,,,,,,,,,,,,,,,,,CLEARWATER
2006-10-01,,,27.821782178217827,,,6.0,,,,,,208.0,3717,,,,,,,,,,,,,,,,,,,,,,,,,,,,,,,,,,,,,,,,,,,,CLEARWATER
2006-11-01,,,,,,8.2,,,,,,,3722,,,,,,,,,,,,,,,,,,,,,,,,,,,,,,,,,,,,,,,,,,,,CLEARWATER
2006-12-01,,,,,,11.5,,,,,,,3801,,,,,,,,,,,,,,,,,,,,,,,,,,,,,,,,,,,,,,,,,,,,CLEARWATER
2007-01-01,,,27.920792079207924,,,16.8,8.206,8.0,345.3,24762.0,34503.0,206.0,4020,252.1,211489.0,1313.0,,,,1321.0,16.4,,171.0,,,,,,857.0,,,,8071.0,,,,31771.0,37236.0,1900.0,464.0,1050.0,1593.0,13.0,19.7,,295.0,22.5,219.0,371.0,16.7,24.4,353.0,575.0,18.6,28.3,30.3,CLEARWATER
2007-02-01,,,,,,15.3,,,,,,,4010,,,,,,,,,,,,,,,,,,,,,,,,,,,,,,,,,,,,,,,,,,,,CLEARWATER
2007-03-01,,,,,,15.3,,,,,,,4023,,,,,,,,,,,,,,,,,,,,,,,,,,,,,,,,,,,,,,,,,,,,CLEARWATER
2007-04-01,,,27.056277056277057,,,13.1,,,,,,210.0,3964,,,,,,,,,,,,,,,,,,,,,,,,,,,,,,,,,,,,,,,,,,,,CLEARWATER
2007-05-01,,,,,,8.4,,,,,,,3892,,,,,,,,,,,,,,,,,,,,,,,,,,,,,,,,,,,,,,,,,,,,CLEARWATER
2007-06-01,,,,,,8.3,,,,,,,3833,,,,,,,,,,,,,,,,,,,,,,,,,,,,,,,,,,,,,,,,,,,,CLEARWATER
2007-07-01,,,26.33832976445396,,,8.0,,,,,,210.0,3758,,,,,,,,,,,,,,,,,,,,,,,,,,,,,,,,,,,,,,,,,,,,CLEARWATER
2007-08-01,,,,,,6.5,,,,,,,3668,,,,,,,,,,,,,,,,,,,,,,,,,,,,,,,,,,,,,,,,,,,,CLEARWATER
2007-09-01,,,,,,6.1,,,,,,,3746,,,,,,,,,,,,,,,,,,,,,,,,,,,,,,,,,,,,,,,,,,,,CLEARWATER
2007-10-01,,,26.689576174112254,,,5.8,,,,,,211.0,3772,,,,,,,,,,,,,,,,,,,,,,,,,,,,,,,,,,,,,,,,,,,,CLEARWATER
2007-11-01,,,,,,7.1,,,,,,,3837,,,,,,,,,,,,,,,,,,,,,,,,,,,,,,,,,,,,,,,,,,,,CLEARWATER
2007-12-01,,,,,,11.0,,,,,,,3933,,,,,,,,,,,,,,,,,,,,,,,,,,,,,,,,,,,,,,,,,,,,CLEARWATER
2008-01-01,,,27.2294887039239,,,15.4,8.222999999999999,6.0,507.9,28052.0,38099.0,201.0,4044,372.3,241334.0,1283.0,,,,1154.0,14.3,109.799999952316,118.0,,,,,,908.0,,,,8077.0,,,,34449.0,41750.0,1883.0,433.0,927.0,1381.0,11.5,17.1,,277.0,21.6,210.0,344.0,16.4,23.0,336.0,530.0,17.8,26.8,28.1,CLEARWATER
2008-02-01,,,,,,15.2,,,,,,,4015,,,,,,,,,,,,,,,,,,,,,,,,,,,,,,,,,,,,,,,,,,,,CLEARWATER
2008-03-01,,,,,,14.7,,,,,,,4081,,,,,,,,,,,,,,,,,,,,,,,,,,,,,,,,,,,,,,,,,,,,CLEARWATER
2008-04-01,,,25.86826347305389,,,13.9,,,,,,204.0,4107,,,,,,,,,,,,,,,,,,,,,,,,,,,,,,,,,,,,,,,,,,,,CLEARWATER
2008-05-01,,,,,,8.7,,,,,,,3976,,,,,,,,,,,,,,,,,,,,,,,,,,,,,,,,,,,,,,,,,,,,CLEARWATER
2008-06-01,,,,,,8.5,,,,,,,3982,,,,,,,,,,,,,,,,,,,,,,,,,,,,,,,,,,,,,,,,,,,,CLEARWATER
2008-07-01,,,24.246079613992762,,,8.1,,,,,,202.0,3929,,,,,,,,,,,,,,,,,,,,,,,,,,,,,,,,,,,,,,,,,,,,CLEARWATER
2008-08-01,,,,,,7.9,,,,,,,3895,,,,,,,,,,,,,,,,,,,,,,,,,,,,,,,,,,,,,,,,,,,,CLEARWATER
2008-09-01,,,,,,8.2,,,,,,,4008,,,,,,,,,,,,,,,,,,,,,,,,,,,,,,,,,,,,,,,,,,,,CLEARWATER
2008-10-01,,,25.31172069825437,,,8.6,,,,,,202.0,4068,,,,,,,,,,,,,,,,,,,,,,,,,,,,,,,,,,,,,,,,,,,,CLEARWATER
2008-11-01,,,,,,11.7,,,,,,,4143,,,,,,,,,,,,,,,,,,,,,,,,,,,,,,,,,,,,,,,,,,,,CLEARWATER
2008-12-01,,,,,,15.7,,,,,,,4290,,,,,,,,,,,,,,,,,,,,,,,,,,,,,,,,,,,,,,,,,,,,CLEARWATER
2009-01-01,,42.8,23.852040816326532,26.41671606401897,90.0,19.9,8.221,5.0,404.1,28850.0,37993.0,188.0,4462,331.0,249412.0,1370.0,81.24295201102619,31.191709844559583,-275.0,1338.0,16.6,96.39999985694891,136.0,16.907506074860105,771.0,7235.0,37.0,28.0,1143.0,11.764705882352938,,,8065.0,,,,34796.0,41190.0,1970.0,503.0,1056.0,1620.0,13.1,20.1,22.7,335.0,24.5,261.0,409.0,19.1,25.5,395.0,612.0,20.1,29.9,31.1,CLEARWATER
2009-02-01,,,,,,20.6,,,,,,,4395,,,,,,,,,,,,,,,,,,,,,,,,,,,,,,,,,,,,,,,,,,,,CLEARWATER
2009-03-01,,,,,,20.3,,,,,,,4410,,,,,,,,,,,,,,,,,,,,,,,,,,,,,,,,,,,,,,,,,,,,CLEARWATER
2009-04-01,,,25.0,,,18.4,,,,,,190.0,4391,,,,,,,,,,,,,,,,,,,,,,,,,,,,,,,,,,,,,,,,,,,,CLEARWATER
2009-05-01,,,,,,13.6,,,,,,,4213,,,,,,,,,,,,,,,,,,,,,,,,,,,,,,,,,,,,,,,,,,,,CLEARWATER
2009-06-01,,,,,,12.7,,,,,,,4157,,,,,,,,,,,,,,,,,,,,,,,,,,,,,,,,,,,,,,,,,,,,CLEARWATER
2009-07-01,,,25.98425196850393,,,11.7,,,,,,187.0,4095,,,,,,,,,,,,,,,,,,,,,,,,,,,,,,,,,,,,,,,,,,,,CLEARWATER
2009-08-01,,,,,,12.0,,,,,,,4069,,,,,,,,,,,,,,,,,,,,,,,,,,,,,,,,,,,,,,,,,,,,CLEARWATER
2009-09-01,,,,,,10.3,,,,,,,4064,,,,,,,,,,,,,,,,,,,,,,,,,,,,,,,,,,,,,,,,,,,,CLEARWATER
2009-10-01,,,26.953125,,,9.9,,,,,,187.0,4084,,,,,,,,,,,,,,,,,,,,,,,,,,,,,,,,,,,,,,,,,,,,CLEARWATER
2009-11-01,,,,,,11.6,,,,,,,4142,,,,,,,,,,,,,,,,,,,,,,,,,,,,,,,,,,,,,,,,,,,,CLEARWATER
2009-12-01,,,,,,13.4,,,,,,,4198,,,,,,,,,,,,,,,,,,,,,,,,,,,,,,,,,,,,,,,,,,,,CLEARWATER
2010-01-01,11.096793116933908,42.1,26.058201058201057,24.93619489559165,118.0,16.3,8.705,3.0,402.5,30280.0,41913.0,185.0,4677,315.8,263494.0,1541.0,80.07164179104478,32.91253381424707,-253.0,1348.0,15.7,90.2699999809265,192.0,14.253758502598558,757.0,7491.0,60.0,85.0,1247.0,8.716707021791766,31.742043551088774,,8578.0,14.5,,84.4,39000.0,44826.0,2152.0,530.0,1056.0,1640.0,12.3,19.1,24.9,363.0,23.6,276.0,450.0,17.9,24.6,401.0,659.0,18.6,29.3,30.6,CLEARWATER
2010-02-01,,,,,,17.0,,,,,,,4776,,,,,,,,,,,,,,,,,,,,,,,,,,,,,,,,,,,,,,,,,,,,CLEARWATER
2010-03-01,,,,,,17.5,,,,,,,4778,,,,,,,,,,,,,,,,,,,,,,,,,,,,,,,,,,,,,,,,,,,,CLEARWATER
2010-04-01,,,26.098535286284953,,,14.4,,,,,,188.0,4732,,,,,,,,,,,,,,,,,,,,,,,,,,,,,,,,,,,,,,,,,,,,CLEARWATER
2010-05-01,,,,,,12.3,,,,,,,4716,,,,,,,,,,,,,,,,,,,,,,,,,,,,,,,,,,,,,,,,,,,,CLEARWATER
2010-06-01,,,,,,11.9,,,,,,,4551,,,,,,,,,,,,,,,,,,,,,,,,,,,,,,,,,,,,,,,,,,,,CLEARWATER
2010-07-01,,,26.187245590230667,,,11.3,,,,,,187.0,4493,,,,,,,,,,,,,,,,,,,,,,,,,,,,,,,,,,,,,,,,,,,,CLEARWATER
2010-08-01,,,,,,10.6,,,,,,,4372,,,,,,,,,,,,,,,,,,,,,,,,,,,,,,,,,,,,,,,,,,,,CLEARWATER
2010-09-01,,,,,,10.0,,,,,,,4333,,,,,,,,,,,,,,,,,,,,,,,,,,,,,,,,,,,,,,,,,,,,CLEARWATER
2010-10-01,,,26.092715231788077,,,9.3,,,,,,187.0,4428,,,,,,,,,,,,,,,,,,,,,,,,,,,,,,,,,,,,,,,,,,,,CLEARWATER
2010-11-01,,,,,,11.7,,,,,,,4574,,,,,,,,,,,,,,,,,,,,,,,,,,,,,,,,,,,,,,,,,,,,CLEARWATER
2010-12-01,,,,,,13.8,,,,,,,4631,,,,,,,,,,,,,,,,,,,,,,,,,,,,,,,,,,,,,,,,,,,,CLEARWATER
2011-01-01,11.203263670197536,42.7,26.42762284196547,24.759501187648453,115.0,16.5,8.719,2.0,402.6,32114.0,36697.0,188.0,4735,274.9,279420.0,1527.0,79.89206945096198,32.61278195488722,-190.0,1638.0,18.9,88.3389999996871,192.0,20.070740701114712,711.0,7522.0,55.0,81.0,1328.0,8.040201005025125,32.05309234679469,,8652.0,15.7,,84.6,34713.0,38681.0,2118.0,639.0,1369.0,1907.0,15.8,22.0,26.9,424.0,27.8,330.0,518.0,21.7,30.2,511.0,767.0,24.2,33.9,36.2,CLEARWATER
2011-02-01,,,,,,16.4,,,,,,,4697,,,,,,,,,,,,,,,,,,,,,,,,,,,,,,,,,,,,,,,,,,,,CLEARWATER
2011-03-01,,,,,,16.7,,,,,,,4755,,,,,,,,,,,,,,,,,,,,,,,,,,,,,,,,,,,,,,,,,,,,CLEARWATER
2011-04-01,,,25.806451612903228,,,14.6,,,,,,192.0,4646,,,,,,,,,,,,,,,,,,,,,,,,,,,,,,,,,,,,,,,,,,,,CLEARWATER
2011-05-01,,,,,,11.8,,,,,,,4667,,,,,,,,,,,,,,,,,,,,,,,,,,,,,,,,,,,,,,,,,,,,CLEARWATER
2011-06-01,,,,,,10.2,,,,,,,4577,,,,,,,,,,,,,,,,,,,,,,,,,,,,,,,,,,,,,,,,,,,,CLEARWATER
2011-07-01,,,26.07561929595828,,,10.5,,,,,,192.0,4647,,,,,,,,,,,,,,,,,,,,,,,,,,,,,,,,,,,,,,,,,,,,CLEARWATER
2011-08-01,,,,,,9.2,,,,,,,4417,,,,,,,,,,,,,,,,,,,,,,,,,,,,,,,,,,,,,,,,,,,,CLEARWATER
2011-09-01,,,,,,8.2,,,,,,,4379,,,,,,,,,,,,,,,,,,,,,,,,,,,,,,,,,,,,,,,,,,,,CLEARWATER
2011-10-01,,,27.100271002710024,,,7.6,,,,,,191.0,4416,,,,,,,,,,,,,,,,,,,,,,,,,,,,,,,,,,,,,,,,,,,,CLEARWATER
2011-11-01,,,,,,9.1,,,,,,,4458,,,,,,,,,,,,,,,,,,,,,,,,,,,,,,,,,,,,,,,,,,,,CLEARWATER
2011-12-01,,,,,,10.6,,,,,,,4480,,,,,,,,,,,,,,,,,,,,,,,,,,,,,,,,,,,,,,,,,,,,CLEARWATER
2012-01-01,11.321582598912432,42.3,26.394557823129247,25.547467394601153,117.0,15.4,8.676,3.0,657.6,32766.0,40704.0,188.0,4612,520.6,284085.0,1519.0,79.66775854000936,29.00990099009901,-127.0,1331.0,15.5,93.2579999994487,97.0,16.6051765100208,730.0,7514.0,48.0,51.0,1208.0,5.9405940594059405,30.33514752219994,,8584.0,14.1,15.1,84.9,38159.0,43249.0,2088.0,516.0,1083.0,1579.0,12.6,18.4,25.7,340.0,22.4,262.0,418.0,17.3,24.7,402.0,630.0,19.2,27.5,30.2,CLEARWATER
2012-02-01,,,,,,15.2,,,,,,,4535,,,,,,,,,,,,,,,,,,,,,,,,,,,,,,,,,,,,,,,,,,,,CLEARWATER
2012-03-01,,,,,,15.1,,,,,,,4530,,,,,,,,,,,,,,,,,,,,,,,,,,,,,,,,,,,,,,,,,,,,CLEARWATER
2012-04-01,,,25.30120481927711,,,11.5,,,,,,191.0,4452,,,,,,,,,,,,,,,,,,,,,,,,,,,,,,,,,,,,,,,,,,,,CLEARWATER
2012-05-01,,,,,,8.6,,,,,,,4430,,,,,,,,,,,,,,,,,,,,,,,,,,,,,,,,,,,,,,,,,,,,CLEARWATER
2012-06-01,,,,,,8.6,,,,,,,4405,,,,,,,,,,,,,,,,,,,,,,,,,,,,,,,,,,,,,,,,,,,,CLEARWATER
2012-07-01,,,25.437415881561236,,,8.8,,,,,,192.0,4405,,,,,,,,,,,,,,,,,,,,,,,,,,,,,,,,,,,,,,,,,,,,CLEARWATER
2012-08-01,,,,,,8.3,,,,,,,4289,,,,,,,,,,,,,,,,,,,,,,,,,,,,,,,,,,,,,,,,,,,,CLEARWATER
2012-09-01,,,,,,7.2,,,,,,,4270,,,,,,,,,,,,,,,,,,,,,,,,,,,,,,,,,,,,,,,,,,,,CLEARWATER
2012-10-01,,,25.067750677506773,,,7.1,,,,,,193.0,4247,,,,,,,,,,,,,,,,,,,,,,,,,,,,,,,,,,,,,,,,,,,,CLEARWATER
2012-11-01,,,,,,8.2,,,,,,,4313,,,,,,,,,,,,,,,,,,,,,,,,,,,,,,,,,,,,,,,,,,,,CLEARWATER
2012-12-01,,,,,,11.7,,,,,,,4421,,,,,,,,,,,,,,,,,,,,,,,,,,,,,,,,,,,,,,,,,,,,CLEARWATER
2013-01-01,11.670040677324755,42.7,24.731182795698924,25.55350553505535,130.0,15.8,8.783,3.0,524.7,34155.0,44123.0,187.0,4647,390.1,299748.0,1581.0,80.91310408921933,28.353658536585364,-92.0,1426.0,16.4,50.4619999998249,125.0,15.741849391484427,764.0,7535.0,42.0,10.0,1200.0,6.7669172932330826,29.08296943231441,,8705.0,13.3,16.5,85.4,40995.0,47251.0,2150.0,529.0,1172.0,1680.0,13.5,19.3,24.6,357.0,22.6,271.0,443.0,17.2,24.6,414.0,644.0,19.3,28.0,29.9,CLEARWATER
2013-02-01,,,,,,14.8,,,,,,,4595,,,,,,,,,,,,,,,,,,,,,,,,,,,,,,,,,,,,,,,,,,,,CLEARWATER
2013-03-01,,,,,,14.8,,,,,,,4604,,,,,,,,,,,,,,,,,,,,,,,,,,,,,,,,,,,,,,,,,,,,CLEARWATER
2013-04-01,,,24.238410596026487,,,13.5,,,,,,187.0,4545,,,,,,,,,,,,,,,,,,,,,,,,,,,,,,,,,,,,,,,,,,,,CLEARWATER
2013-05-01,,,,,,9.4,,,,,,,4404,,,,,,,,,,,,,,,,,,,,,,,,,,,,,,,,,,,,,,,,,,,,CLEARWATER
2013-06-01,,,,,,9.2,,,,,,,4457,,,,,,,,,,,,,,,,,,,,,,,,,,,,,,,,,,,,,,,,,,,,CLEARWATER
2013-07-01,,,23.78516624040921,,,8.8,,,,,,191.0,4380,,,,,,,,,,,,,,,,,,,,,,,,,,,,,,,,,,,,,,,,,,,,CLEARWATER
2013-08-01,,,,,,7.8,,,,,,,4395,,,,,,,,,,,,,,,,,,,,,,,,,,,,,,,,,,,,,,,,,,,,CLEARWATER
2013-09-01,,,,,,6.8,,,,,,,4386,,,,,,,,,,,,,,,,,,,,,,,,,,,,,,,,,,,,,,,,,,,,CLEARWATER
2013-10-01,,,22.61753494282084,,,6.5,,,,,,186.0,4376,,,,,,,,,,,,,,,,,,,,,,,,,,,,,,,,,,,,,,,,,,,,CLEARWATER
2013-11-01,,,,,,8.4,,,,,,,4396,,,,,,,,,,,,,,,,,,,,,,,,,,,,,,,,,,,,,,,,,,,,CLEARWATER
2013-12-01,,,,,,11.0,,,,,,,4494,,,,,,,,,,,,,,,,,,,,,,,,,,,,,,,,,,,,,,,,,,,,CLEARWATER
2014-01-01,11.973163710650942,42.1,24.652338811630848,26.068560840024706,134.0,15.3,8.794,3.0,802.3,36618.0,43674.0,185.0,4614,600.9,321216.0,1611.0,82.22943974016934,29.785056294779935,27.0,1540.0,17.8,32.572999999858396,148.0,17.14229141743099,746.0,7523.0,41.0,17.0,906.0,5.450236966824645,28.462664714494878,,8664.0,14.2,16.7,85.8,40488.0,46860.0,2139.0,574.0,1289.0,1791.0,14.9,20.7,25.1,382.0,23.7,297.0,467.0,18.4,26.8,457.0,691.0,21.3,29.0,32.3,CLEARWATER
2014-02-01,,,,,,15.6,,,,,,,4586,,,,,,,,,,,,,,,,,,,,,,,,,,,,,,,,,,,,,,,,,,,,CLEARWATER
2014-03-01,,,,,,15.9,,,,,,,4703,,,,,,,,,,,,,,,,,,,,,,,,,,,,,,,,,,,,,,,,,,,,CLEARWATER
2014-04-01,,,21.454993834771887,,,13.3,,,,,,188.0,4526,,,,,,,,,,,,,,,,,,,,,,,,,,,,,,,,,,,,,,,,,,,,CLEARWATER
2014-05-01,,,,,,9.6,,,,,,,4396,,,,,,,,,,,,,,,,,,,,,,,,,,,,,,,,,,,,,,,,,,,,CLEARWATER
2014-06-01,,,,,,8.5,,,,,,,4470,,,,,,,,,,,,,,,,,,,,,,,,,,,,,,,,,,,,,,,,,,,,CLEARWATER
2014-07-01,,,20.588235294117645,,,8.1,,,,,,192.0,4474,,,,,,,,,,,,,,,,,,,2.0,,,,,,,,,,,,,,,,,,,,,,,,,CLEARWATER
2014-08-01,,,,,,7.3,,,,,,,4445,,,,,,,,,,,,,,,,,,,,,,,,,,,,,,,,,,,,,,,,,,,,CLEARWATER
2014-09-01,,,,,,6.4,,,,,,,4456,,,,,,,,,,,,,,,,,,,,,,,,,,,,,,,,,,,,,,,,,,,,CLEARWATER
2014-10-01,,,21.766169154228848,,,5.8,,,,,,192.0,4618,,,,,,,,,,,,,,,,,,,,,,,,,,,,,,,,,,,,,,,,,,,,CLEARWATER
2014-11-01,,,,,,8.5,,,,,,,4622,,,,,,,,,,,,,,,,,,,,,,,,,,,,,,,,,,,,,,,,,,,,CLEARWATER
2014-12-01,,,,,,10.5,,,,,,,4636,,,,,,,,,,,,,,,,,,,,,,,,,,,,,,,,,,,,,,,,,,,,CLEARWATER
2015-01-01,12.64242926919178,42.5,20.35175879396985,25.348489380795694,138.0,12.8,8.804,4.0,488.2,38481.0,42689.0,188.0,4722,364.4,337672.0,1602.0,80.64142642121107,29.039301310043673,187.0,1267.0,14.6,35.7219999996014,114.0,4.0590879984096055,745.0,7507.0,37.0,22.0,813.0,5.517241379310344,28.76835480970932,,8677.0,14.9,16.9,86.6,40391.0,44987.0,2163.0,503.0,1007.0,1527.0,11.6,17.6,26.4,340.0,21.2,258.0,422.0,16.1,23.3,393.0,613.0,18.2,26.3,28.4,CLEARWATER
2015-02-01,,,,,,12.5,,,,,,,4663,,,,,,,,,,,,,,,,,,,,,,,,,,,,,,,,,,,,,,,,,,,,CLEARWATER
2015-03-01,,,,,,12.7,,,,,,,4757,,,,,,,,,,,,,,,,,,,,,,,,,,,,,,,,,,,,,,,,,,,,CLEARWATER
2015-04-01,,,20.52565707133917,,,10.5,,,,,,187.0,4590,,,,,,,,,,,,,,,,,,,,,,,,,,,,,,,,,,,,,,,,,,,,CLEARWATER
2015-05-01,,,,,,8.0,,,,,,,4535,,,,,,,,,,,,,,,,,,,,,,,,,,,,,,,,,,,,,,,,,,,,CLEARWATER
2015-06-01,,,,,,7.3,,,,,,,4591,,,,,,,,,,,,,,,,,,,,,,,,,,,,,,,,,,,,,,,,,,,,CLEARWATER
2015-07-01,,,21.139240506329113,,,7.0,,,,,,179.0,4463,,,,,,,,,,,,,,,,,,,,,,,,,,,,,,,,,,,,,,,,,,,,CLEARWATER
2015-08-01,,,,,,6.7,,,,,,,4470,,,,,,,,,,,,,,,,,,,,,,,,,,,,,,,,,,,,,,,,,,,,CLEARWATER
2015-09-01,,,,,,6.1,,,,,,,4525,,,,,,,,,,,,,,,,,,,,,,,,,,,,,,,,,,,,,,,,,,,,CLEARWATER
2015-10-01,,,21.059268600252206,,,6.2,,,,,,181.0,4635,,,,,,,,,,,,,,,,,,,,,,,,,,,,,,,,,,,,,,,,,,,,CLEARWATER
2015-11-01,,,,,,7.7,,,,,,,4689,,,,,,,,,,,,,,,,,,,,,,,,,,,,,,,,,,,,,,,,,,,,CLEARWATER
2015-12-01,,,,,,10.5,,,,,,,4885,,,,,,,,,,,,,,,,,,,,,,,,,,,,,,,,,,,,,,,,,,,,CLEARWATER
2016-01-01,14.008785784797633,42.6,19.87577639751553,25.80553050796513,150.0,12.7,8.861,6.0,534.8,39213.0,43797.0,182.0,4959,388.9,346135.0,1619.0,80.6313598519889,30.927835051546392,,1432.0,16.5,,109.0,8.984161760341747,795.0,7478.0,40.0,29.0,,5.429864253393665,28.398425673630037,,8697.0,14.6,16.7,86.5,40155.0,47439.0,2158.0,485.0,1219.0,1645.0,14.1,18.9,25.9,335.0,20.7,268.0,402.0,16.6,22.5,392.0,578.0,18.2,24.8,26.8,CLEARWATER
2016-02-01,,,,,,12.8,,,,,,,4894,,,,,,,,,,,,,,,,,,,,,,,,,,,,,,,,,,,,,,,,,,,,CLEARWATER
2016-03-01,,,,,,14.3,,,,,,,4939,,,,,,,,,,,,,,,,,,,,,,,,,,,,,,,,,,,,,,,,,,,,CLEARWATER
2016-04-01,,,20.39800995024876,,,11.5,,,,,,185.0,4789,,,,,,,,,,,,,,,,,,,,,,,,,,,,,,,,,,,,,,,,,,,,CLEARWATER
2016-05-01,,,,,,8.0,,,,,,,4707,,,,,,,,,,,,,,,,,,,,,,,,,,,,,,,,,,,,,,,,,,,,CLEARWATER
2016-06-01,,,,,,8.0,,,,,,,4726,,,,,,,,,,,,,,,,,,,,,,,,,,,,,,,,,,,,,,,,,,,,CLEARWATER
2016-07-01,,,20.0734394124847,,,7.8,,,,,,186.0,4664,,,,,,,,,,,,,,,,,,,,,,,,,,,,,,,,,,,,,,,,,,,,CLEARWATER
2016-08-01,,,,,,7.6,,,,,,,4573,,,,,,,,,,,,,,,,,,,,,,,,,,,,,,,,,,,,,,,,,,,,CLEARWATER
2016-09-01,,,,,,6.5,,,,,,,4573,,,,,,,,,,,,,,,,,,,,,,,,,,,,,,,,,,,,,,,,,,,,CLEARWATER
2016-10-01,,,19.756097560975608,,,6.4,,,,,,188.0,4643,,,,,,,,,,,,,,,,,,,,,,,,,,,,,,,,,,,,,,,,,,,,CLEARWATER
2016-11-01,,,,,,7.9,,,,,,,4595,,,,,,,,,,,,,,,,,,,,,,,,,,,,,,,,,,,,,,,,,,,,CLEARWATER
2016-12-01,,,,,,10.7,,,,,,,4727,,,,,,,,,,,,,,,,,,,,,,,,,,,,,,,,,,,,,,,,,,,,CLEARWATER
2017-01-01,,,19.19431279620853,,,14.6,8.878,2.0,,,,195.0,4841,,,,,,,,,,108.0,,,,,,,,,,,,,,,,,,,,,,,,,,,,,,,,,,CLEARWATER
2017-02-01,,,,,,13.5,,,,,,,4764,,,,,,,,,,,,,,,,,,,,,,,,,,,,,,,,,,,,,,,,,,,,CLEARWATER
2017-03-01,,,,,,12.8,,,,,,,4729,,,,,,,,,,,,,,,,,,,,,,,,,,,,,,,,,,,,,,,,,,,,CLEARWATER
2017-04-01,,,20.04744958481613,,,9.6,,,,,,192.0,4624,,,,,,,,,,,,,,,,,,,,,,,,,,,,,,,,,,,,,,,,,,,,CLEARWATER
2017-05-01,,,,,,6.7,,,,,,,4551,,,,,,,,,,,,,,,,,,,,,,,,,,,,,,,,,,,,,,,,,,,,CLEARWATER
2017-06-01,,,,,,6.3,,,,,,,4594,,,,,,,,,,,,,,,,,,,,,,,,,,,,,,,,,,,,,,,,,,,,CLEARWATER
2017-07-01,,,19.708029197080293,,,6.3,,,,,,193.0,4542,,,,,,,,,,,,,,,,,,,,,,,,,,,,,,,,,,,,,,,,,,,,CLEARWATER
2017-08-01,,,,,,6.2,,,,,,,4481,,,,,,,,,,,,,,,,,,,,,,,,,,,,,,,,,,,,,,,,,,,,CLEARWATER
2017-09-01,,,,,,5.0,,,,,,,4485,,,,,,,,,,,,,,,,,,,,,,,,,,,,,,,,,,,,,,,,,,,,CLEARWATER
2017-10-01,,,19.87730061349693,,,4.6,,,,,,195.0,4536,,,,,,,,,,,,,,,,,,,,,,,,,,,,,,,,,,,,,,,,,,,,CLEARWATER
2017-11-01,,,,,,7.9,,,,,,,4673,,,,,,,,,,,,,,,,,,,,,,,,,,,,,,,,,,,,,,,,,,,,CLEARWATER
2017-12-01,,,,,,9.8,,,,,,,4753,,,,,,,,,,,,,,,,,,,,,,,,,,,,,,,,,,,,,,,,,,,,CLEARWATER
2018-01-01,,,20.8955223880597,,,14.0,,,,,,196.0,4946,,,,,,,,,,,,,,,,,,,,,,,,,,,,,,,,,,,,,,,,,,,,CLEARWATER
2018-02-01,,,,,,12.5,,,,,,,4864,,,,,,,,,,,,,,,,,,,,,,,,,,,,,,,,,,,,,,,,,,,,CLEARWATER
2018-03-01,,,,,,12.8,,,,,,,4868,,,,,,,,,,,,,,,,,,,,,,,,,,,,,,,,,,,,,,,,,,,,CLEARWATER
2018-04-01,,,20.268620268620264,,,10.1,,,,,,,4776,,,,,,,,,,,,,,,,,,,,,,,,,,,,,,,,,,,,,,,,,,,,CLEARWATER
2018-05-01,,,,,,6.3,,,,,,,4704,,,,,,,,,,,,,,,,,,,,,,,,,,,,,,,,,,,,,,,,,,,,CLEARWATER
2018-06-01,,,,,,6.1,,,,,,,4691,,,,,,,,,,,,,,,,,,,,,,,,,,,,,,,,,,,,,,,,,,,,CLEARWATER
2018-07-01,,,,,,5.7,,,,,,,4630,,,,,,,,,,,,,,,,,,,,,,,,,,,,,,,,,,,,,,,,,,,,CLEARWATER
2018-08-01,,,,,,5.2,,,,,,,4472,,,,,,,,,,,,,,,,,,,,,,,,,,,,,,,,,,,,,,,,,,,,CLEARWATER
