DATE,MNCOOK1URN,MNCOOK1LFN,MHIMN27031A052NCEN,BPPRIV027031,ENU2703120510,CDC20N2U027031,HC01ESTVC1627031,2020RATIO027031,B14005DCYACS027031,PCPI27031,S1701ACS027031,MNCOOK1POP,HOWNRATEACS027031,NETMIGNACS027031,PEAAMN27031A647NCEN,PPAAMN27031A156NCEN,FBITC027031,RACEDISPARITY027031,PE5T17MN27031A647NCEN,CBR27031MNA647NCEN,PPU18MN27031A156NCEN,PI27031,DP04ACS027031,USPTOISSUED027031,PUAAMN27031A647NCEN,B01002001E027031,MNCOKA052SCEN,B080ACS027031,CDC20N2UAA027031,ATNHPIUS27031A,EQFXSUBPRIME027031,MNCOKA475SCEN,HC01ESTVC1727031,B03002003E027031,B03002006E027031,B03002012E027031,MHICILBMN27031A052NCEN,MHICIUBMN27031A052NCEN,B03002005E027031,PUA0T17MN27031A647NCEN,PUA5T17RMN27031A647NCEN,S1101SPHOUSE027031,PECILBAAMN27031A647NCEN,PECIUBAAMN27031A647NCEN,PPCILBAAMN27031A156NCEN,DMPCRATE027031,PPCIUBAAMN27031A156NCEN,S1501ACSTOTAL027031,PP5T17MN27031A156NCEN,PECILB5T17MN27031A647NCEN,PECIUB5T17MN27031A647NCEN,PPCILB5T17MN27031A156NCEN,PEU18MN27031A647NCEN,B03002004E027031,PECILBU18MN27031A647NCEN,PECIUBU18MN27031A647NCEN,PPCILBU18MN27031A156NCEN,PPCIUB5T17MN27031A156NCEN,PPCIUBU18MN27031A156NCEN,county
1991-01-01,10.3,2262,,67.0,174.0,,,,,17524.0,,3.988,,,,,,,,,,69887.0,,,,,,,,,,,,,,,,,,,,,,,,,,,,,,,,,,,,,,COOK
1991-02-01,10.2,2278,,,,,,,,,,,,,,,,,,,,,,,,,,,,,,,,,,,,,,,,,,,,,,,,,,,,,,,,,,COOK
1991-03-01,9.9,2275,,,,,,,,,,,,,,,,,,,,,,,,,,,,,,,,,,,,,,,,,,,,,,,,,,,,,,,,,,COOK
1991-04-01,10.3,2179,,,177.0,,,,,,,,,,,,,,,,,,,,,,,,,,,,,,,,,,,,,,,,,,,,,,,,,,,,,,,COOK
1991-05-01,6.7,2315,,,,,,,,,,,,,,,,,,,,,,,,,,,,,,,,,,,,,,,,,,,,,,,,,,,,,,,,,,COOK
1991-06-01,5.5,2604,,,,,,,,,,,,,,,,,,,,,,,,,,,,,,,,,,,,,,,,,,,,,,,,,,,,,,,,,,COOK
1991-07-01,4.5,2636,,,184.0,,,,,,,,,,,,,,,,,,,,,,,,,,,,,,,,,,,,,,,,,,,,,,,,,,,,,,,COOK
1991-08-01,3.6,2667,,,,,,,,,,,,,,,,,,,,,,,,,,,,,,,,,,,,,,,,,,,,,,,,,,,,,,,,,,COOK
1991-09-01,3.6,2554,,,,,,,,,,,,,,,,,,,,,,,,,,,,,,,,,,,,,,,,,,,,,,,,,,,,,,,,,,COOK
1991-10-01,3.7,2445,,,189.0,,,,,,,,,,,,,,,,,,,,,,,,,,,,,,,,,,,,,,,,,,,,,,,,,,,,,,,COOK
1991-11-01,6.9,2248,,,,,,,,,,,,,,,,,,,,,,,,,,,,,,,,,,,,,,,,,,,,,,,,,,,,,,,,,,COOK
1991-12-01,7.8,2280,,,,,,,,,,,,,,,,,,,,,,,,,,,,,,,,,,,,,,,,,,,,,,,,,,,,,,,,,,COOK
1992-01-01,9.0,2437,,76.0,185.0,,,,,19351.0,,4.132,,,,,,,,,,79958.0,,,,,,,,,,1.0,,,,,,,,,,,,,,,,,,,,,,,,,,,,COOK
1992-02-01,9.2,2452,,,,,,,,,,,,,,,,,,,,,,,,,,,,,,,,,,,,,,,,,,,,,,,,,,,,,,,,,,COOK
1992-03-01,9.1,2482,,,,,,,,,,,,,,,,,,,,,,,,,,,,,,,,,,,,,,,,,,,,,,,,,,,,,,,,,,COOK
1992-04-01,8.9,2483,,,185.0,,,,,,,,,,,,,,,,,,,,,,,,,,,,,,,,,,,,,,,,,,,,,,,,,,,,,,,COOK
1992-05-01,6.7,2601,,,,,,,,,,,,,,,,,,,,,,,,,,,,,,,,,,,,,,,,,,,,,,,,,,,,,,,,,,COOK
1992-06-01,5.8,2930,,,,,,,,,,,,,,,,,,,,,,,,,,,,,,,,,,,,,,,,,,,,,,,,,,,,,,,,,,COOK
1992-07-01,4.3,2932,,,189.0,,,,,,,,,,,,,,,,,,,,,,,,,,,,,,,,,,,,,,,,,,,,,,,,,,,,,,,COOK
1992-08-01,3.8,2986,,,,,,,,,,,,,,,,,,,,,,,,,,,,,,,,,,,,,,,,,,,,,,,,,,,,,,,,,,COOK
1992-09-01,3.6,2920,,,,,,,,,,,,,,,,,,,,,,,,,,,,,,,,,,,,,,,,,,,,,,,,,,,,,,,,,,COOK
1992-10-01,3.5,2702,,,193.0,,,,,,,,,,,,,,,,,,,,,,,,,,,,,,,,,,,,,,,,,,,,,,,,,,,,,,,COOK
1992-11-01,7.3,2553,,,,,,,,,,,,,,,,,,,,,,,,,,,,,,,,,,,,,,,,,,,,,,,,,,,,,,,,,,COOK
1992-12-01,7.1,2576,,,,,,,,,,,,,,,,,,,,,,,,,,,,,,,,,,,,,,,,,,,,,,,,,,,,,,,,,,COOK
1993-01-01,8.9,2572,28035.0,72.0,195.0,,,,,20061.0,,4.343999999999999,,,311.0,7.0,,,74.0,116.0,10.2,87147.0,,,,,,,,,,,,,,,25806.0,30253.0,,,,,243.0,378.0,5.5,,8.5,,9.3,54.0,93.0,6.8,110.0,,84.0,137.0,7.7,11.8,12.7,COOK
1993-02-01,8.6,2547,,,,,,,,,,,,,,,,,,,,,,,,,,,,,,,,,,,,,,,,,,,,,,,,,,,,,,,,,,COOK
1993-03-01,8.0,2522,,,,,,,,,,,,,,,,,,,,,,,,,,,,,,,,,,,,,,,,,,,,,,,,,,,,,,,,,,COOK
1993-04-01,6.8,2576,,,197.0,,,,,,,,,,,,,,,,,,,,,,,,,,,,,,,,,,,,,,,,,,,,,,,,,,,,,,,COOK
1993-05-01,5.6,2625,,,,,,,,,,,,,,,,,,,,,,,,,,,,,,,,,,,,,,,,,,,,,,,,,,,,,,,,,,COOK
1993-06-01,4.3,2939,,,,,,,,,,,,,,,,,,,,,,,,,,,,,,,,,,,,,,,,,,,,,,,,,,,,,,,,,,COOK
1993-07-01,3.0,3004,,,196.0,,,,,,,,,,,,,,,,,,,,,,,,,,,,,,,,,,,,,,,,,,,,,,,,,,,,,,,COOK
1993-08-01,3.1,3073,,,,,,,,,,,,,,,,,,,,,,,,,,,,,,,,,,,,,,,,,,,,,,,,,,,,,,,,,,COOK
1993-09-01,3.2,2980,,,,,,,,,,,,,,,,,,,,,,,,,,,,,,,,,,,,,,,,,,,,,,,,,,,,,,,,,,COOK
1993-10-01,4.0,2765,,,203.0,,,,,,,,,,,,,,,,,,,,,,,,,,,,,,,,,,,,,,,,,,,,,,,,,,,,,,,COOK
1993-11-01,6.8,2622,,,,,,,,,,,,,,,,,,,,,,,,,,,,,,,,,,,,,,,,,,,,,,,,,,,,,,,,,,COOK
1993-12-01,6.5,2613,,,,,,,,,,,,,,,,,,,,,,,,,,,,,,,,,,,,,,,,,,,,,,,,,,,,,,,,,,COOK
1994-01-01,9.7,2655,,75.0,201.0,,,,,21232.0,,4.498,,,,,,,,,,95503.0,,,,,,,,,,,,,,,,,,,,,,,,,,,,,,,,,,,,,,COOK
1994-02-01,8.4,2620,,,,,,,,,,,,,,,,,,,,,,,,,,,,,,,,,,,,,,,,,,,,,,,,,,,,,,,,,,COOK
1994-03-01,7.8,2616,,,,,,,,,,,,,,,,,,,,,,,,,,,,,,,,,,,,,,,,,,,,,,,,,,,,,,,,,,COOK
1994-04-01,7.7,2589,,,200.0,,,,,,,,,,,,,,,,,,,,,,,,,,,,,,,,,,,,,,,,,,,,,,,,,,,,,,,COOK
1994-05-01,5.0,2681,,,,,,,,,,,,,,,,,,,,,,,,,,,,,,,,,,,,,,,,,,,,,,,,,,,,,,,,,,COOK
1994-06-01,4.1,3047,,,,,,,,,,,,,,,,,,,,,,,,,,,,,,,,,,,,,,,,,,,,,,,,,,,,,,,,,,COOK
1994-07-01,3.3,3165,,,202.0,,,,,,,,,,,,,,,,,,,,,,,,,,,,,,,,,,,,,,,,,,,,,,,,,,,,,,,COOK
1994-08-01,3.4,3144,,,,,,,,,,,,,,,,,,,,,,,,,,,,,,,,,,,,,,,,,,,,,,,,,,,,,,,,,,COOK
1994-09-01,3.8,3016,,,,,,,,,,,,,,,,,,,,,,,,,,,,,,,,,,,,,,,,,,,,,,,,,,,,,,,,,,COOK
1994-10-01,4.2,2895,,,202.0,,,,,,,,,,,,,,,,,,,,,,,,,,,,,,,,,,,,,,,,,,,,,,,,,,,,,,,COOK
1994-11-01,6.2,2730,,,,,,,,,,,,,,,,,,,,,,,,,,,,,,,,,,,,,,,,,,,,,,,,,,,,,,,,,,COOK
1994-12-01,6.5,2817,,,,,,,,,,,,,,,,,,,,,,,,,,,,,,,,,,,,,,,,,,,,,,,,,,,,,,,,,,COOK
1995-01-01,8.0,2802,32891.0,103.0,205.0,,,,,22076.0,,4.6819999999999995,,,321.0,6.9,,,73.0,136.0,9.8,103359.0,,,,,,,,,,,,,,,29757.0,36007.0,,,,,252.0,390.0,5.4,,8.3,,8.9,55.0,91.0,6.8,109.0,,84.0,134.0,7.5,11.1,12.1,COOK
1995-02-01,8.3,2839,,,,,,,,,,,,,,,,,,,,,,,,,,,,,,,,,,,,,,,,,,,,,,,,,,,,,,,,,,COOK
1995-03-01,7.6,2801,,,,,,,,,,,,,,,,,,,,,,,,,,,,,,,,,,,,,,,,,,,,,,,,,,,,,,,,,,COOK
1995-04-01,8.5,2718,,,206.0,,,,,,,,,,,,,,,,,,,,,,,,,,,,,,,,,,,,,,,,,,,,,,,,,,,,,,,COOK
1995-05-01,6.2,2862,,,,,,,,,,,,,,,,,,,,,,,,,,,,,,,,,,,,,,,,,,,,,,,,,,,,,,,,,,COOK
1995-06-01,4.5,3178,,,,,,,,,,,,,,,,,,,,,,,,,,,,,,,,,,,,,,,,,,,,,,,,,,,,,,,,,,COOK
1995-07-01,3.9,3336,,,206.0,,,,,,,,,,,,,,,,,,,,,,,,,,,,,,,,,,,,,,,,,,,,,,,,,,,,,,,COOK
1995-08-01,3.2,3339,,,,,,,,,,,,,,,,,,,,,,,,,,,,,,,,,,,,,,,,,,,,,,,,,,,,,,,,,,COOK
1995-09-01,3.6,3214,,,,,,,,,,,,,,,,,,,,,,,,,,,,,,,,,,,,,,,,,,,,,,,,,,,,,,,,,,COOK
1995-10-01,3.7,2938,,,217.0,,,,,,,,,,,,,,,,,,,,,,,,,,,,,,,,,,,,,,,,,,,,,,,,,,,,,,,COOK
1995-11-01,6.5,2743,,,,,,,,,,,,,,,,,,,,,,,,,,,,,,,,,,,,,,,,,,,,,,,,,,,,,,,,,,COOK
1995-12-01,6.6,2829,,,,,,,,,,,,,,,,,,,,,,,,,,,,,,,,,,,,,,,,,,,,,,,,,,,,,,,,,,COOK
1996-01-01,7.4,2834,,75.0,220.0,,,,,22774.0,,4.802,,,,,,,,,,109363.0,,,,,,,,,,,,,,,,,,,,,,,,,,,,,,,,,,,,,,COOK
1996-02-01,7.6,2771,,,,,,,,,,,,,,,,,,,,,,,,,,,,,,,,,,,,,,,,,,,,,,,,,,,,,,,,,,COOK
1996-03-01,7.6,2824,,,,,,,,,,,,,,,,,,,,,,,,,,,,,,,,,,,,,,,,,,,,,,,,,,,,,,,,,,COOK
1996-04-01,8.3,2726,,,220.0,,,,,,,,,,,,,,,,,,,,,,,,,,,,,,,,,,,,,,,,,,,,,,,,,,,,,,,COOK
1996-05-01,5.7,2882,,,,,,,,,,,,,,,,,,,,,,,,,,,,,,,,,,,,,,,,,,,,,,,,,,,,,,,,,,COOK
1996-06-01,4.2,3246,,,,,,,,,,,,,,,,,,,,,,,,,,,,,,,,,,,,,,,,,,,,,,,,,,,,,,,,,,COOK
1996-07-01,4.1,3372,,,222.0,,,,,,,,,,,,,,,,,,,,,,,,,,,,,,,,,,,,,,,,,,,,,,,,,,,,,,,COOK
1996-08-01,3.3,3343,,,,,,,,,,,,,,,,,,,,,,,,,,,,,,,,,,,,,,,,,,,,,,,,,,,,,,,,,,COOK
1996-09-01,3.6,3139,,,,,,,,,,,,,,,,,,,,,,,,,,,,,,,,,,,,,,,,,,,,,,,,,,,,,,,,,,COOK
1996-10-01,3.5,2971,,,231.0,,,,,,,,,,,,,,,,,,,,,,,,,,,,,,,,,,,,,,,,,,,,,,,,,,,,,,,COOK
1996-11-01,6.4,2759,,,,,,,,,,,,,,,,,,,,,,,,,,,,,,,,,,,,,,,,,,,,,,,,,,,,,,,,,,COOK
1996-12-01,5.8,2722,,,,,,,,,,,,,,,,,,,,,,,,,,,,,,,,,,,,,,,,,,,,,,,,,,,,,,,,,,COOK
1997-01-01,7.2,2788,33460.0,71.0,233.0,,,,,23510.0,,4.935,,,367.0,7.7,,,97.0,94.0,11.8,116021.0,,,,,,,,,,,,,,,30372.0,36530.0,,,,,279.0,455.0,5.8,,9.6,,12.1,67.0,127.0,8.4,131.0,,95.0,166.0,8.6,15.8,15.0,COOK
1997-02-01,7.4,2739,,,,,,,,,,,,,,,,,,,,,,,,,,,,,,,,,,,,,,,,,,,,,,,,,,,,,,,,,,COOK
1997-03-01,7.6,2751,,,,,,,,,,,,,,,,,,,,,,,,,,,,,,,,,,,,,,,,,,,,,,,,,,,,,,,,,,COOK
1997-04-01,7.3,2770,,,241.0,,,,,,,,,,,,,,,,,,,,,,,,,,,,,,,,,,,,,,,,,,,,,,,,,,,,,,,COOK
1997-05-01,4.2,2946,,,,,,,,,,,,,,,,,,,,,,,,,,,,,,,,,,,,,,,,,,,,,,,,,,,,,,,,,,COOK
1997-06-01,3.6,3206,,,,,,,,,,,,,,,,,,,,,,,,,,,,,,,,,,,,,,,,,,,,,,,,,,,,,,,,,,COOK
1997-07-01,2.7,3337,,,242.0,,,,,,,,,,,,,,,,,,,,,,,,,,,,,,,,,,,,,,,,,,,,,,,,,,,,,,,COOK
1997-08-01,2.4,3315,,,,,,,,,,,,,,,,,,,,,,,,,,,,,,,,,,,,,,,,,,,,,,,,,,,,,,,,,,COOK
1997-09-01,2.9,3180,,,,,,,,,,,,,,,,,,,,,,,,,,,,,,,,,,,,,,,,,,,,,,,,,,,,,,,,,,COOK
1997-10-01,3.0,2967,,,239.0,,,,,,,,,,,,,,,,,,,,,,,,,,,,,,,,,,,,,,,,,,,,,,,,,,,,,,,COOK
1997-11-01,4.9,2707,,,,,,,,,,,,,,,,,,,,,,,,,,,,,,,,,,,,,,,,,,,,,,,,,,,,,,,,,,COOK
1997-12-01,4.9,2725,,,,,,,,,,,,,,,,,,,,,,,,,,,,,,,,,,,,,,,,,,,,,,,,,,,,,,,,,,COOK
1998-01-01,6.7,2827,35476.0,88.0,232.0,,,,,24812.0,,4.985,,,362.0,7.6,,,86.0,87.0,10.6,123690.0,,,4796.0,,,,,93.66,,,,,,,32428.0,38507.0,,1104.0,813.0,,277.0,448.0,5.8,,9.3,,10.6,56.0,116.0,6.9,117.0,,82.0,152.0,7.4,14.3,13.8,COOK
1998-02-01,6.2,2787,,,,,,,,,,,,,,,,,,,,,,,,,,,,,,,,,,,,,,,,,,,,,,,,,,,,,,,,,,COOK
1998-03-01,6.7,2776,,,,,,,,,,,,,,,,,,,,,,,,,,,,,,,,,,,,,,,,,,,,,,,,,,,,,,,,,,COOK
1998-04-01,5.1,2704,,,237.0,,,,,,,,,,,,,,,,,,,,,,,,,,,,,,,,,,,,,,,,,,,,,,,,,,,,,,,COOK
1998-05-01,3.2,2918,,,,,,,,,,,,,,,,,,,,,,,,,,,,,,,,,,,,,,,,,,,,,,,,,,,,,,,,,,COOK
1998-06-01,3.1,3310,,,,,,,,,,,,,,,,,,,,,,,,,,,,,,,,,,,,,,,,,,,,,,,,,,,,,,,,,,COOK
1998-07-01,2.5,3344,,,235.0,,,,,,,,,,,,,,,,,,,,,,,,,,,,,,,,,,,,,,,,,,,,,,,,,,,,,,,COOK
1998-08-01,2.2,3327,,,,,,,,,,,,,,,,,,,,,,,,,,,,,,,,,,,,,,,,,,,,,,,,,,,,,,,,,,COOK
1998-09-01,2.2,3174,,,,,,,,,,,,,,,,,,,,,,,,,,,,,,,,,,,,,,,,,,,,,,,,,,,,,,,,,,COOK
1998-10-01,2.5,2956,,,235.0,,,,,,,,,,,,,,,,,,,,,,,,,,,,,,,,,,,,,,,,,,,,,,,,,,,,,,,COOK
1998-11-01,4.4,2722,,,,,,,,,,,,,,,,,,,,,,,,,,,,,,,,,,,,,,,,,,,,,,,,,,,,,,,,,,COOK
1998-12-01,4.6,2778,,,,,,,,,,,,,,,,,,,,,,,,,,,,,,,,,,,,,,,,,,,,,,,,,,,,,,,,,,COOK
1999-01-01,6.3,2860,36510.0,82.0,239.0,431.3,,,,26468.0,,5.037,,,356.0,6.9,,,74.0,74.0,9.3,133318.0,,,5156.0,,,,346.2,93.22,20.86720867208672,,,,,,34213.0,38962.0,,1053.0,805.0,,260.0,453.0,5.0,,8.8,,9.2,45.0,103.0,5.6,98.0,,62.0,134.0,5.9,12.8,12.7,COOK
1999-02-01,5.4,2826,,,,,,,,,,,,,,,,,,,,,,,,,,,,,,,,,,,,,,,,,,,,,,,,,,,,,,,,,,COOK
1999-03-01,6.0,2821,,,,,,,,,,,,,,,,,,,,,,,,,,,,,,,,,,,,,,,,,,,,,,,,,,,,,,,,,,COOK
1999-04-01,5.1,2689,,,245.0,,,,,,,,,,,,,,,,,,,,,,,,,,21.288515406162464,,,,,,,,,,,,,,,,,,,,,,,,,,,,,COOK
1999-05-01,3.2,2946,,,,,,,,,,,,,,,,,,,,,,,,,,,,,,,,,,,,,,,,,,,,,,,,,,,,,,,,,,COOK
1999-06-01,3.1,3318,,,,,,,,,,,,,,,,,,,,,,,,,,,,,,,,,,,,,,,,,,,,,,,,,,,,,,,,,,COOK
1999-07-01,2.6,3292,,,243.0,,,,,,,,,,,,,,,,,,,,,,,,,,19.839142091152816,,,,,,,,,,,,,,,,,,,,,,,,,,,,,COOK
1999-08-01,2.0,3275,,,,,,,,,,,,,,,,,,,,,,,,,,,,,,,,,,,,,,,,,,,,,,,,,,,,,,,,,,COOK
1999-09-01,2.3,3158,,,,,,,,,,,,,,,,,,,,,,,,,,,,,,,,,,,,,,,,,,,,,,,,,,,,,,,,,,COOK
1999-10-01,1.6,3210,,,245.0,,,,,,,,,,,,,,,,,,,,,,,,,,20.61281337047354,,,,,,,,,,,,,,,,,,,,,,,,,,,,,COOK
1999-11-01,3.3,3382,,,,,,,,,,,,,,,,,,,,,,,,,,,,,,,,,,,,,,,,,,,,,,,,,,,,,,,,,,COOK
1999-12-01,3.9,3245,,,,,,,,,,,,,,,,,,,,,,,,,,,,,,,,,,,,,,,,,,,,,,,,,,,,,,,,,,COOK
2000-01-01,6.0,2997,38263.0,110.0,242.0,482.1,,,,27354.0,,5.184,,,362.0,7.1,,,68.0,65.0,10.5,141639.0,,,5128.0,,,,362.4,100.0,21.468926553672315,,,,,,35516.0,41223.0,,1005.0,765.0,,273.0,452.0,5.3,,8.8,,8.9,45.0,91.0,5.9,106.0,,75.0,137.0,7.5,11.9,13.6,COOK
2000-02-01,6.0,2943,,,,,,,,,,,,,,,,,,,,,,,,,,,,,,,,,,,,,,,,,,,,,,,,,,,,,,,,,,COOK
2000-03-01,6.2,2998,,,,,,,,,,,,,,,,,,,,,,,,,,,,,,,,,,,,,,,,,,,,,,,,,,,,,,,,,,COOK
2000-04-01,5.0,2912,,,247.0,,,,,,,,,,,,,,,,,,,,,,,,,,24.18478260869565,,,,,,,,,,,,,,,,,,,,,,,,,,,,,COOK
2000-05-01,3.3,3131,,,,,,,,,,,,,,,,,,,,,,,,,,,,,,,,,,,,,,,,,,,,,,,,,,,,,,,,,,COOK
2000-06-01,2.9,3497,,,,,,,,,,,,,,,,,,,,,,,,,,,,,,,,,,,,,,,,,,,,,,,,,,,,,,,,,,COOK
2000-07-01,2.6,3488,,,242.0,,,,,,,,,,,,,,,,,,,,,,,,,,22.63157894736842,,,,,,,,,,,,,,,,,,,,,,,,,,,,,COOK
2000-08-01,2.7,3490,,,,,,,,,,,,,,,,,,,,,,,,,,,,,,,,,,,,,,,,,,,,,,,,,,,,,,,,,,COOK
2000-09-01,2.7,3382,,,,,,,,,,,,,,,,,,,,,,,,,,,,,,,,,,,,,,,,,,,,,,,,,,,,,,,,,,COOK
2000-10-01,2.6,3142,,,246.0,,,,,,,,,,,,,,,,,,,,,,,,,,20.588235294117645,,,,,,,,,,,,,,,,,,,,,,,,,,,,,COOK
2000-11-01,4.7,2838,,,,,,,,,,,,,,,,,,,,,,,,,,,,,,,,,,,,,,,,,,,,,,,,,,,,,,,,,,COOK
2000-12-01,5.4,2846,,,,,,,,,,,,,,,,,,,,,,,,,,,,,,,,,,,,,,,,,,,,,,,,,,,,,,,,,,COOK
2001-01-01,6.9,3009,37478.0,114.0,237.0,273.9,,,,30309.0,,5.188,,,387.0,7.4,,,68.0,70.0,10.1,156244.0,,,5205.0,,,,214.1,110.91,21.09181141439206,,,,,,35008.0,40123.0,,999.0,773.0,,291.0,484.0,5.6,,9.3,,8.8,44.0,92.0,5.7,101.0,,70.0,131.0,7.0,11.9,13.2,COOK
2001-02-01,6.8,2977,,,,,,,,,,,,,,,,,,,,,,,,,,,,,,,,,,,,,,,,,,,,,,,,,,,,,,,,,,COOK
2001-03-01,7.4,2991,,,,,,,,,,,,,,,,,,,,,,,,,,,,,,,,,,,,,,,,,,,,,,,,,,,,,,,,,,COOK
2001-04-01,6.4,2931,,,240.0,,,,,,,,,,,,,,,,,,,,,,,,,,22.823529411764714,,,,,,,,,,,,,,,,,,,,,,,,,,,,,COOK
2001-05-01,3.6,3561,,,,,,,,,,,,,,,,,,,,,,,,,,,,,,,,,,,,,,,,,,,,,,,,,,,,,,,,,,COOK
2001-06-01,3.5,3587,,,,,,,,,,,,,,,,,,,,,,,,,,,,,,,,,,,,,,,,,,,,,,,,,,,,,,,,,,COOK
2001-07-01,3.0,3610,,,236.0,,,,,,,,,,,,,,,,,,,,,,,,,,20.758928571428573,,,,,,,,,,,,,,,,,,,,,,,,,,,,,COOK
2001-08-01,2.8,3579,,,,,,,,,,,,,,,,,,,,,,,,,,,,,,,,,,,,,,,,,,,,,,,,,,,,,,,,,,COOK
2001-09-01,2.8,3450,,,,,,,,,,,,,,,,,,,,,,,,,,,,,,,,,,,,,,,,,,,,,,,,,,,,,,,,,,COOK
2001-10-01,2.9,3168,,,234.0,,,,,,,,,,,,,,,,,,,,,,,,,,21.205357142857142,,,,,,,,,,,,,,,,,,,,,,,,,,,,,COOK
2001-11-01,4.9,2893,,,,,,,,,,,,,,,,,,,,,,,,,,,,,,,,,,,,,,,,,,,,,,,,,,,,,,,,,,COOK
2001-12-01,6.3,2873,,,,,,,,,,,,,,,,,,,,,,,,,,,,,,,,,,,,,,,,,,,,,,,,,,,,,,,,,,COOK
2002-01-01,7.8,2909,37678.0,117.0,236.0,337.5,,,,31178.0,,5.225,,,387.0,7.4,,,57.0,120.0,7.9,161004.0,,,5266.0,,,,252.4,120.1,19.75560081466395,,,,,,35179.0,40354.0,,978.0,763.0,,291.0,484.0,5.5,,9.2,,7.5,38.0,76.0,5.0,77.0,,55.0,100.0,5.6,9.9,10.2,COOK
2002-02-01,7.5,2869,,,,,,,,,,,,,,,,,,,,,,,,,,,,,,,,,,,,,,,,,,,,,,,,,,,,,,,,,,COOK
2002-03-01,7.5,2865,,,,,,,,,,,,,,,,,,,,,,,,,,,,,,,,,,,,,,,,,,,,,,,,,,,,,,,,,,COOK
2002-04-01,7.1,2933,,,240.0,,,,,,,,,,,,,,,,,,,,,,,,,,19.834710743801654,,,,,,,,,,,,,,,,,,,,,,,,,,,,,COOK
2002-05-01,4.4,3107,,,,,,,,,,,,,,,,,,,,,,,,,,,,,,,,,,,,,,,,,,,,,,,,,,,,,,,,,,COOK
2002-06-01,3.6,3494,,,,,,,,,,,,,,,,,,,,,,,,,,,,,,,,,,,,,,,,,,,,,,,,,,,,,,,,,,COOK
2002-07-01,3.0,3707,,,240.0,,,,,,,,,,,,,,,,,,,,,,,,,,22.894168466522675,,,,,,,,,,,,,,,,,,,,,,,,,,,,,COOK
2002-08-01,2.7,3620,,,,,,,,,,,,,,,,,,,,,,,,,,,,,,,,,,,,,,,,,,,,,,,,,,,,,,,,,,COOK
2002-09-01,2.6,3466,,,,,,,,,,,,,,,,,,,,,,,,,,,,,,,,,,,,,,,,,,,,,,,,,,,,,,,,,,COOK
2002-10-01,2.8,3306,,,239.0,,,,,,,,,,,,,,,,,,,,,,,,,,22.41014799154334,,,,,,,,,,,,,,,,,,,,,,,,,,,,,COOK
2002-11-01,4.8,2989,,,,,,,,,,,,,,,,,,,,,,,,,,,,,,,,,,,,,,,,,,,,,,,,,,,,,,,,,,COOK
2002-12-01,6.2,2917,,,,,,,,,,,,,,,,,,,,,,,,,,,,,,,,,,,,,,,,,,,,,,,,,,,,,,,,,,COOK
2003-01-01,6.9,2977,38728.0,110.0,238.0,274.2,,,,31186.0,,5.261,,,375.0,7.1,,,53.0,101.0,8.8,161294.0,,,5298.0,,,,211.4,130.33,22.198731501057075,,,,,,36381.0,41226.0,,957.0,753.0,,282.0,468.0,5.3,,8.8,,7.0,36.0,70.0,4.7,84.0,,60.0,109.0,6.3,9.3,11.4,COOK
2003-02-01,7.0,2907,,,,,,,,,,,,,,,,,,,,,,,,,,,,,,,,,,,,,,,,,,,,,,,,,,,,,,,,,,COOK
2003-03-01,6.7,2887,,,,,,,,,,,,,,,,,,,,,,,,,,,,,,,,,,,,,,,,,,,,,,,,,,,,,,,,,,COOK
2003-04-01,6.8,2853,,,242.0,,,,,,,,,,,,,,,,,,,,,,,,,,21.286031042128602,,,,,,,,,,,,,,,,,,,,,,,,,,,,,COOK
2003-05-01,4.2,3082,,,,,,,,,,,,,,,,,,,,,,,,,,,,,,,,,,,,,,,,,,,,,,,,,,,,,,,,,,COOK
2003-06-01,3.8,3484,,,,,,,,,,,,,,,,,,,,,,,,,,,,,,,,,,,,,,,,,,,,,,,,,,,,,,,,,,COOK
2003-07-01,3.1,3647,,,243.0,,,,,,,,,,,,,,,,,,,,,,,,,,21.13289760348584,,,,,,,,,,,,,,,,,,,,,,,,,,,,,COOK
2003-08-01,3.1,3590,,,,,,,,,,,,,,,,,,,,,,,,,,,,,,,,,,,,,,,,,,,,,,,,,,,,,,,,,,COOK
2003-09-01,3.2,3388,,,,,,,,,,,,,,,,,,,,,,,,,,,,,,,,,,,,,,,,,,,,,,,,,,,,,,,,,,COOK
2003-10-01,3.4,3202,,,243.0,,,,,,,,,,,,,,,,,,,,,,,,,,21.098901098901102,,,,,,,,,,,,,,,,,,,,,,,,,,,,,COOK
2003-11-01,5.2,2922,,,,,,,,,,,,,,,,,,,,,,,,,,,,,,,,,,,,,,,,,,,,,,,,,,,,,,,,,,COOK
2003-12-01,6.6,2924,,,,,,,,,,,,,,,,,,,,,,,,,,,,,,,,,,,,,,,,,,,,,,,,,,,,,,,,,,COOK
2004-01-01,7.2,3038,39471.0,141.0,230.0,253.0,,,,32763.0,,5.295,,,375.0,7.0,,,61.0,99.0,10.0,169712.0,,,5351.0,,,,182.6,144.98,19.501133786848076,,,,,,37074.0,42023.0,,942.0,718.0,,278.0,471.0,5.2,,8.8,,8.5,40.0,82.0,5.5,95.0,,66.0,123.0,7.0,11.5,13.1,COOK
2004-02-01,6.9,2977,,,,,,,,,,,,,,,,,,,,,,,,,,,,,,,,,,,,,,,,,,,,,,,,,,,,,,,,,,COOK
2004-03-01,6.8,2949,,,,,,,,,,,,,,,,,,,,,,,,,,,,,,,,,,,,,,,,,,,,,,,,,,,,,,,,,,COOK
2004-04-01,6.0,2939,,,241.0,,,,,,,,,,,,,,,,,,,,,,,,,,18.969555035128806,,,,,,,,,,,,,,,,,,,,,,,,,,,,,COOK
2004-05-01,4.4,3136,,,,,,,,,,,,,,,,,,,,,,,,,,,,,,,,,,,,,,,,,,,,,,,,,,,,,,,,,,COOK
2004-06-01,3.8,3462,,,,,,,,,,,,,,,,,,,,,,,,,,,,,,,,,,,,,,,,,,,,,,,,,,,,,,,,,,COOK
2004-07-01,3.2,3713,,,237.0,,,,,,,,,,,,,,,,,,,,,,,,,,16.447368421052634,,,,,,,,,,,,,,,,,,,,,,,,,,,,,COOK
2004-08-01,3.0,3758,,,,,,,,,,,,,,,,,,,,,,,,,,,,,,,,,,,,,,,,,,,,,,,,,,,,,,,,,,COOK
2004-09-01,3.2,3508,,,,,,,,,,,,,,,,,,,,,,,,,,,,,,,,,,,,,,,,,,,,,,,,,,,,,,,,,,COOK
2004-10-01,3.2,3241,,,238.0,,,,,,,,,,,,,,,,,,,,,,,,,,18.77729257641921,,,,,,,,,,,,,,,,,,,,,,,,,,,,,COOK
2004-11-01,4.6,2998,,,,,,,,,,,,,,,,,,,,,,,,,,,,,,,,,,,,,,,,,,,,,,,,,,,,,,,,,,COOK
2004-12-01,6.4,2894,,,,,,,,,,,,,,,,,,,,,,,,,,,,,,,,,,,,,,,,,,,,,,,,,,,,,,,,,,COOK
2005-01-01,6.9,2899,39934.0,114.0,237.0,275.0,,,,33613.0,,5.297999999999999,,,495.0,9.3,,,68.0,132.0,12.3,173378.0,,,5298.0,,,,168.3,156.19,18.75,1.0,,,,,36345.0,43522.0,,926.0,709.0,,399.0,592.0,7.5,,11.2,,9.6,51.0,85.0,7.2,113.0,,87.0,140.0,9.4,12.0,15.1,COOK
2005-02-01,6.9,2927,,,,,,,,,,,,,,,,,,,,,,,,,,,,,,,,,,,,,,,,,,,,,,,,,,,,,,,,,,COOK
2005-03-01,6.8,2972,,,,,,,,,,,,,,,,,,,,,,,,,,,,,,,,,,,,,,,,,,,,,,,,,,,,,,,,,,COOK
2005-04-01,6.1,2922,,,248.0,,,,,,,,,,,,,,,,,,,,,,,,,,17.592592592592588,,,,,,,,,,,,,,,,,,,,,,,,,,,,,COOK
2005-05-01,3.7,3142,,,,,,,,,,,,,,,,,,,,,,,,,,,,,,,,,,,,,,,,,,,,,,,,,,,,,,,,,,COOK
2005-06-01,3.2,3628,,,,,,,,,,,,,,,,,,,,,,,,,,,,,,,,,,,,,,,,,,,,,,,,,,,,,,,,,,COOK
2005-07-01,2.8,3698,,,251.0,,,,,,,,,,,,,,,,,,,,,,,,,,15.778688524590164,,,,,,,,,,,,,,,,,,,,,,,,,,,,,COOK
2005-08-01,2.5,3756,,,,,,,,,,,,,,,,,,,,,,,,,,,,,,,,,,,,,,,,,,,,,,,,,,,,,,,,,,COOK
2005-09-01,2.8,3544,,,,,,,,,,,,,,,,,,,,,,,,,,,,,,,,,,,,,,,,,,,,,,,,,,,,,,,,,,COOK
2005-10-01,2.7,3311,,,255.0,,,,,,,,,,,,,,,,,,,,,,,,,,18.70967741935484,,,,,,,,,,,,,,,,,,,,,,,,,,,,,COOK
2005-11-01,4.3,3098,,,,,,,,,,,,,,,,,,,,,,,,,,,,,,,,,,,,,,,,,,,,,,,,,,,,,,,,,,COOK
2005-12-01,5.2,2987,,,,,,,,,,,,,,,,,,,,,,,,,,,,,,,,,,,,,,,,,,,,,,,,,,,,,,,,,,COOK
2006-01-01,6.3,3028,42768.0,120.0,251.0,419.4,,,,33372.0,,5.377000000000001,,,507.0,9.6,127.0,,66.0,96.0,12.1,173869.0,,,5263.0,,,,263.9,162.97,16.483516483516482,,,,,,39351.0,46184.0,,886.0,698.0,,400.0,614.0,7.6,,11.7,,9.5,51.0,81.0,7.3,107.0,,84.0,130.0,9.5,11.6,14.7,COOK
2006-02-01,6.5,2993,,,,,,,,,,,,,,,,,,,,,,,,,,,,,,,,,,,,,,,,,,,,,,,,,,,,,,,,,,COOK
2006-03-01,6.1,2972,,,,,,,,,,,,,,,,,,,,,,,,,,,,,,,,,,,,,,,,,,,,,,,,,,,,,,,,,,COOK
2006-04-01,5.4,3052,,,250.0,,,,,,,,,,,,,,,,,,,,,,,,,,15.250544662309368,,,,,,,,,,,,,,,,,,,,,,,,,,,,,COOK
2006-05-01,3.9,3149,,,,,,,,,,,,,,,,,,,,,,,,,,,,,,,,,,,,,,,,,,,,,,,,,,,,,,,,,,COOK
2006-06-01,3.1,3375,,,,,,,,,,,,,,,,,,,,,,,,,,,,,,,,,,,,,,,,,,,,,,,,,,,,,,,,,,COOK
2006-07-01,2.8,3547,,,250.0,,,,,,,,,,,,,,,,,,,,,,,,,,16.458333333333332,,,,,,,,,,,,,,,,,,,,,,,,,,,,,COOK
2006-08-01,2.7,3591,,,,,,,,,,,,,,,,,,,,,,,,,,,,,,,,,,,,,,,,,,,,,,,,,,,,,,,,,,COOK
2006-09-01,2.8,3324,,,,,,,,,,,,,,,,,,,,,,,,,,,,,,,,,,,,,,,,,,,,,,,,,,,,,,,,,,COOK
2006-10-01,3.4,3125,,,250.0,,,,,,,,,,,,,,,,,,,,,,,,,,16.563146997929607,,,,,,,,,,,,,,,,,,,,,,,,,,,,,COOK
2006-11-01,5.0,2899,,,,,,,,,,,,,,,,,,,,,,,,,,,,,,,,,,,,,,,,,,,,,,,,,,,,,,,,,,COOK
2006-12-01,5.9,2997,,,,,,,,,,,,,,,,,,,,,,,,,,,,,,,,,,,,,,,,,,,,,,,,,,,,,,,,,,COOK
2007-01-01,7.3,3019,44159.0,133.0,250.0,419.8,,,,34368.0,,5.417000000000001,,,446.0,8.4,134.0,,65.0,127.0,12.1,179298.0,,,5333.0,,10618.0,,269.2,180.61,17.088607594936708,3.0,,,,,39826.0,48492.0,,935.0,702.0,,346.0,546.0,6.5,,10.2,,9.3,47.0,83.0,6.7,113.0,,84.0,142.0,9.0,11.8,15.2,COOK
2007-02-01,6.9,2956,,,,,,,,,,,,,,,,,,,,,,,,,,,,,,,,,,,,,,,,,,,,,,,,,,,,,,,,,,COOK
2007-03-01,6.8,2945,,,,,,,,,,,,,,,,,,,,,,,,,,,,,,,,,,,,,,,,,,,,,,,,,,,,,,,,,,COOK
2007-04-01,6.9,2865,,,254.0,,,,,,,,,,,,,,,,,,,,,,,,,,16.455696202531644,,,,,,,,,,,,,,,,,,,,,,,,,,,,,COOK
2007-05-01,4.4,3038,,,,,,,,,,,,,,,,,,,,,,,,,,,,,,,,,,,,,,,,,,,,,,,,,,,,,,,,,,COOK
2007-06-01,3.6,3429,,,,,,,,,,,,,,,,,,,,,,,,,,,,,,,,,,,,,,,,,,,,,,,,,,,,,,,,,,COOK
2007-07-01,3.3,3555,,,254.0,,,,,,,,,,,,,,,,,,,,,,,,,,15.271966527196653,,,,,,,,,,,,,,,,,,,,,,,,,,,,,COOK
2007-08-01,2.9,3607,,,,,,,,,,,,,,,,,,,,,,,,,,,,,,,,,,,,,,,,,,,,,,,,,,,,,,,,,,COOK
2007-09-01,3.3,3281,,,,,,,,,,,,,,,,,,,,,,,,,,,,,,,,,,,,,,,,,,,,,,,,,,,,,,,,,,COOK
2007-10-01,3.3,3090,,,258.0,,,,,,,,,,,,,,,,,,,,,,,,,,16.432865731462925,,,,,,,,,,,,,,,,,,,,,,,,,,,,,COOK
2007-11-01,4.5,2844,,,,,,,,,,,,,,,,,,,,,,,,,,,,,,,,,,,,,,,,,,,,,,,,,,,,,,,,,,COOK
2007-12-01,5.7,2963,,,,,,,,,,,,,,,,,,,,,,,,,,,,,,,,,,,,,,,,,,,,,,,,,,,,,,,,,,COOK
2008-01-01,7.0,2939,46406.0,70.0,254.0,332.7,,,,35798.0,,5.487,,,487.0,9.1,122.0,,70.0,168.0,12.9,188116.0,,,5373.0,,,,200.6,177.58,18.6046511627907,2.0,,,,,43325.0,49487.0,,943.0,686.0,,386.0,589.0,7.2,64.8499999046326,11.0,,10.2,53.0,87.0,7.7,122.0,,95.0,150.0,10.1,12.7,15.9,COOK
2008-02-01,6.6,2973,,,,,,,,,,,,,,,,,,,,,,,,,,,,,,,,,,,,,,,,,,,,,,,,,,,,,,,,,,COOK
2008-03-01,6.5,2979,,,,,,,,,,,,,,,,,,,,,,,,,,,,,,,,,,,,,,,,,,,,,,,,,,,,,,,,,,COOK
2008-04-01,6.3,2834,,,260.0,,,,,,,,,,,,,,,,,,,,,,,,,,16.293279022403258,,,,,,,,,,,,,,,,,,,,,,,,,,,,,COOK
2008-05-01,5.0,3043,,,,,,,,,,,,,,,,,,,,,,,,,,,,,,,,,,,,,,,,,,,,,,,,,,,,,,,,,,COOK
2008-06-01,4.6,3419,,,,,,,,,,,,,,,,,,,,,,,,,,,,,,,,,,,,,,,,,,,,,,,,,,,,,,,,,,COOK
2008-07-01,4.2,3502,,,264.0,,,,,,,,,,,,,,,,,,,,,,,,,,14.885496183206104,,,,,,,,,,,,,,,,,,,,,,,,,,,,,COOK
2008-08-01,4.1,3606,,,,,,,,,,,,,,,,,,,,,,,,,,,,,,,,,,,,,,,,,,,,,,,,,,,,,,,,,,COOK
2008-09-01,4.5,3282,,,,,,,,,,,,,,,,,,,,,,,,,,,,,,,,,,,,,,,,,,,,,,,,,,,,,,,,,,COOK
2008-10-01,4.9,3067,,,264.0,,,,,,,,,,,,,,,,,,,,,,,,,,15.355086372360844,,,,,,,,,,,,,,,,,,,,,,,,,,,,,COOK
2008-11-01,6.6,2850,,,,,,,,,,,,,,,,,,,,,,,,,,,,,,,,,,,,,,,,,,,,,,,,,,,,,,,,,,COOK
2008-12-01,7.4,2957,,,,,,,,,,,,,,,,,,,,,,,,,,,,,,,,,,,,,,,,,,,,,,,,,,,,,,,,,,COOK
2009-01-01,8.6,2949,44927.0,42.0,252.0,377.0,,,9.271523178807945,37450.0,,5.466,78.65210146269209,43.0,547.0,10.1,133.0,6.195244055068831,87.0,264.0,15.2,194853.0,,,5406.0,48.6,,14.42457231726283,235.2,169.51,15.414258188824661,1.0,,4794.0,89.0,61.0,41339.0,48515.0,323.0,906.0,666.0,32.73809523809524,417.0,677.0,7.7,74.0099999904633,12.5,35.8,13.1,66.0,108.0,9.9,138.0,12.0,106.0,170.0,11.7,16.2,18.8,COOK
2009-02-01,9.4,2917,,,,,,,,,,,,,,,,,,,,,,,,,,,,,,,,,,,,,,,,,,,,,,,,,,,,,,,,,,COOK
2009-03-01,9.7,2871,,,,,,,,,,,,,,,,,,,,,,,,,,,,,,,,,,,,,,,,,,,,,,,,,,,,,,,,,,COOK
2009-04-01,9.5,2770,,,259.0,,,,,,,,,,,,,,,,,,,,,,,,,,15.196998123827393,,,,,,,,,,,,,,,,,,,,,,,,,,,,,COOK
2009-05-01,7.9,3023,,,,,,,,,,,,,,,,,,,,,,,,,,,,,,,,,,,,,,,,,,,,,,,,,,,,,,,,,,COOK
2009-06-01,6.1,3430,,,,,,,,,,,,,,,,,,,,,,,,,,,,,,,,,,,,,,,,,,,,,,,,,,,,,,,,,,COOK
2009-07-01,5.2,3509,,,261.0,,,,,,,,,,,,,,,,,,,,,,,,,,14.126394052044608,,,,,,,,,,,,,,,,,,,,,,,,,,,,,COOK
2009-08-01,5.0,3610,,,,,,,,,,,,,,,,,,,,,,,,,,,,,,,,,,,,,,,,,,,,,,,,,,,,,,,,,,COOK
2009-09-01,5.1,3358,,,,,,,,,,,,,,,,,,,,,,,,,,,,,,,,,,,,,,,,,,,,,,,,,,,,,,,,,,COOK
2009-10-01,5.2,3098,,,258.0,,,,,,,,,,,,,,,,,,,,,,,,,,14.50381679389313,,,,,,,,,,,,,,,,,,,,,,,,,,,,,COOK
2009-11-01,6.9,2910,,,,,,,,,,,,,,,,,,,,,,,,,,,,,,,,,,,,,,,,,,,,,,,,,,,,,,,,,,COOK
2009-12-01,6.9,2953,,,,,,,,,,,,,,,,,,,,,,,,,,,,,,,,,,,,,,,,,,,,,,,,,,,,,,,,,,COOK
2010-01-01,9.6,2877,43694.0,37.0,252.0,316.3,93.0,11.7326335552142,0.0,38581.0,,5.1610000000000005,78.3586392465885,2.0,494.0,9.6,165.0,24.80416958761316,89.0,304.0,15.8,199192.0,25.78968412634946,,5120.0,49.5,,16.995163240628777,199.6,161.96,14.314115308151093,1.0,32.9,4578.0,34.0,80.0,39606.0,47782.0,317.0,882.0,649.0,27.95454545454545,375.0,613.0,7.3,32.569999933242805,11.9,41.0,13.7,67.0,111.0,10.3,139.0,15.0,105.0,173.0,12.0,17.1,19.6,COOK
2010-02-01,9.7,2874,,,,,,,,,,,,,,,,,,,,,,1.0,,,,,,,,,,,,,,,,,,,,,,,,,,,,,,,,,,,,COOK
2010-03-01,9.4,2870,,,,,,,,,,,,,,,,,,,,,,,,,,,,,,,,,,,,,,,,,,,,,,,,,,,,,,,,,,COOK
2010-04-01,8.4,2898,,,259.0,,,,,,,,,,,,,,,,,,,,,,,,,,14.285714285714285,,,,,,,,,,,,,,,,,,,,,,,,,,,,,COOK
2010-05-01,6.4,3034,,,,,,,,,,,,,,,,,,,,,,,,,,,,,,,,,,,,,,,,,,,,,,,,,,,,,,,,,,COOK
2010-06-01,5.7,3255,,,,,,,,,,,,,,,,,,,,,,,,,,,,,,,,,,,,,,,,,,,,,,,,,,,,,,,,,,COOK
2010-07-01,5.4,3362,,,260.0,,,,,,,,,,,,,,,,,,,,,,,,,,13.619402985074627,,,,,,,,,,,,,,,,,,,,,,,,,,,,,COOK
2010-08-01,5.1,3366,,,,,,,,,,,,,,,,,,,,,,,,,,,,,,,,,,,,,,,,,,,,,,,,,,,,,,,,,,COOK
2010-09-01,5.0,3243,,,,,,,,,,,,,,,,,,,,,,,,,,,,,,,,,,,,,,,,,,,,,,,,,,,,,,,,,,COOK
2010-10-01,5.7,3061,,,260.0,,,,,,,,,,,,,,,,,,,,,,,,,,14.972273567467651,,,,,,,,,,,,,,,,,,,,,,,,,,,,,COOK
2010-11-01,7.9,2921,,,,,,,,,,,,,,,,,,,,,,,,,,,,,,,,,,,,,,,,,,,,,,,,,,,,,,,,,,COOK
2010-12-01,8.9,2916,,,,,,,,,,,,,,,,,,,,,,,,,,,,,,,,,,,,,,,,,,,,,,,,,,,,,,,,,,COOK
2011-01-01,9.4,2913,44278.0,38.0,257.0,252.4,93.3,10.244723048590453,0.6211180124223602,41246.0,,5.207999999999999,77.28337236533956,-91.0,562.0,10.9,162.0,33.58375191089757,91.0,324.0,16.6,214726.0,23.429951690821262,,5166.0,49.6,,16.383279483037153,204.6,156.97,15.289982425307558,2.0,34.4,4579.0,23.0,31.0,39793.0,48763.0,306.0,870.0,647.0,37.17277486910996,447.0,677.0,8.7,56.2879999997094,13.1,42.7,14.1,70.0,112.0,10.8,144.0,41.0,113.0,175.0,13.0,17.4,20.2,COOK
2011-02-01,9.2,2880,,,,,,,,,,,,,,,,,,,,,,,,,,,,,,,,,,,,,,,,,,,,,,,,,,,,,,,,,,COOK
2011-03-01,8.8,2883,,,,,,,,,,,,,,,,,,,,,,,,,,,,,,,,,,,,,,,,,,,,,,,,,,,,,,,,,,COOK
2011-04-01,8.5,2866,,,262.0,,,,,,,,,,,,,,,,,,,,,,,,,,13.573883161512027,,,,,,,,,,,,,,,,,,,,,,,,,,,,,COOK
2011-05-01,6.8,3020,,,,,,,,,,,,,,,,,,,,,,,,,,,,,,,,,,,,,,,,,,,,,,,,,,,,,,,,,,COOK
2011-06-01,5.8,3227,,,,,,,,,,,,,,,,,,,,,,,,,,,,,,,,,,,,,,,,,,,,,,,,,,,,,,,,,,COOK
2011-07-01,6.2,3389,,,261.0,,,,,,,,,,,,,,,,,,,,,,,,,,13.712374581939798,,,,,,,,,,,,,,,,,,,,,,,,,,,,,COOK
2011-08-01,5.1,3410,,,,,,,,,,,,,,,,,,,,,,,,,,,,,,,,,,,,,,,,,,,,,,,,,,,,,,,,,,COOK
2011-09-01,4.7,3274,,,,,,,,,,,,,,,,,,,,,,,,,,,,,,,,,,,,,,,,,,,,,,,,,,,,,,,,,,COOK
2011-10-01,4.9,3006,,,261.0,,,,,,,,,,,,,,,,,,,,,,,,,,14.125200642054574,,,,,,,,,,,,,,,,,,,,,,,,,,,,,COOK
2011-11-01,6.5,2878,,,,,,,,,,,,,,,,,,,,,,,,,,,,,,,,,,,,,,,,,,,,,,,,,,,,,,,,,,COOK
2011-12-01,7.2,2870,,,,,,,,,,,,,,,,,,,,,,,,,,,,,,,,,,,,,,,,,,,,,,,,,,,,,,,,,,COOK
2012-01-01,8.6,2878,46621.0,50.0,259.0,275.5,93.4,13.4812899833494,0.7092198581560284,43240.0,9.8,5.18,76.59699159992185,17.0,577.0,11.2,173.0,34.93502974914294,86.0,313.0,17.3,224115.0,22.97352342158859,,5134.0,49.8,,16.56972111553785,192.2,153.56,13.408723747980616,3.0,36.3,4551.0,39.0,36.0,42839.0,50403.0,347.0,854.0,627.0,35.42372881355932,476.0,678.0,9.2,43.3959999997169,13.2,44.90000000000001,13.7,65.0,107.0,10.4,148.0,28.0,118.0,178.0,13.8,17.0,20.8,COOK
2012-02-01,9.0,2814,,,,,,,,,,,,,,,,,,,,,,,,,,,,,,,,,,,,,,,,,,,,,,,,,,,,,,,,,,COOK
2012-03-01,8.9,2825,,,,,,,,,,,,,,,,,,,,,,,,,,,,,,,,,,,,,,,,,,,,,,,,,,,,,,,,,,COOK
2012-04-01,8.3,2901,,,264.0,,,,,,,,,,,,,,,,,,,,,,,,,,14.218009478672984,,,,,,,,,,,,,,,,,,,,,,,,,,,,,COOK
2012-05-01,6.7,3036,,,,,,,,,,,,,,,,,,,,,,,,,,,,,,,,,,,,,,,,,,,,,,,,,,,,,,,,,,COOK
2012-06-01,5.3,3232,,,,,,,,,,,,,,,,,,,,,,,,,,,,,,,,,,,,,,,,,,,,,,,,,,,,,,,,,,COOK
2012-07-01,4.6,3418,,,267.0,,,,,,,,,,,,,,,,,,,,,,,,,,13.282442748091604,,,,,,,,,,,,,,,,,,,,,,,,,,,,,COOK
2012-08-01,4.4,3422,,,,,,,,,,,,,,,,,,,,,,,,,,,,,,,,,,,,,,,,,,,,,,,,,,,,,,,,,,COOK
2012-09-01,4.0,3255,,,,,,,,,,,,,,,,,,,,,,,,,,,,,,,,,,,,,,,,,,,,,,,,,,,,,,,,,,COOK
2012-10-01,4.3,3015,,,268.0,,,,,,,,,,,,,,,,,,,,,,,,,,13.670133729569091,,,,,,,,,,,,,,,,,,,,,,,,,,,,,COOK
2012-11-01,5.5,2879,,,,,,,,,,,,,,,,,,,,,,,,,,,,,,,,,,,,,,,,,,,,,,,,,,,,,,,,,,COOK
2012-12-01,6.6,2905,,,,,,,,,,,,,,,,,,,,,,,,,,,,,,,,,,,,,,,,,,,,,,,,,,,,,,,,,,COOK
2013-01-01,8.6,2882,48124.0,36.0,260.0,424.7,94.8,12.63284947933102,0.6369426751592357,42657.0,8.3,5.187,77.7777777777778,63.0,522.0,10.1,163.0,36.16881679312496,92.0,379.0,16.5,220793.0,22.809123649459785,,5144.0,50.2,,16.733490566037734,326.9,154.19,13.362701908957415,1.0,37.4,4517.0,37.0,43.0,43952.0,52296.0,350.0,856.0,609.0,37.98319327731093,404.0,640.0,7.8,47.6759999999776,12.4,45.5,15.1,68.0,116.0,11.2,141.0,30.0,109.0,173.0,12.7,19.0,20.3,COOK
2013-02-01,8.2,2824,,,,,,,,,,,,,,,,,,,,,,,,,,,,,,,,,,,,,,,,,,,,,,,,,,,,,,,,,,COOK
2013-03-01,8.1,2784,,,,,,,,,,,,,,,,,,,,,,,,,,,,,,,,,,,,,,,,,,,,,,,,,,,,,,,,,,COOK
2013-04-01,7.5,2850,,,268.0,,,,,,,,,,,,,,,,,,,,,,,,,,12.407680945347119,,,,,,,,,,,,,,,,,,,,,,,,,,,,,COOK
2013-05-01,6.1,3022,,,,,,,,,,,,,,,,,,,,,,,,,,,,,,,,,,,,,,,,,,,,,,,,,,,,,,,,,,COOK
2013-06-01,4.9,3246,,,,,,,,,,,,,,,,,,,,,,,,,,,,,,,,,,,,,,,,,,,,,,,,,,,,,,,,,,COOK
2013-07-01,4.2,3442,,,268.0,,,,,,,,,,,,,,,,,,,,,,,,,,11.634756995581734,,,,,,,,,,,,,,,,,,,,,,,,,,,,,COOK
2013-08-01,3.7,3461,,,,,,,,,,,,,,,,,,,,,,,,,,,,,,,,,,,,,,,,,,,,,,,,,,,,,,,,,,COOK
2013-09-01,3.6,3282,,,,,,,,,,,,,,,,,,,,,,,,,,,,,,,,,,,,,,,,,,,,,,,,,,,,,,,,,,COOK
2013-10-01,4.3,3076,,,263.0,,,,,,,,,,,,,,,,,,,,,,,,,,12.1301775147929,,,,,,,,,,,,,,,,,,,,,,,,,,,,,COOK
2013-11-01,5.2,2859,,,,,,,,,,,,,,,,,,,,,,,,,,,,,,,,,,,,,,,,,,,,,,,,,,,,,,,,,,COOK
2013-12-01,6.5,2929,,,,,,,,,,,,,,,,,,,,,,,,,,,,,,,,,,,,,,,,,,,,,,,,,,,,,,,,,,COOK
2014-01-01,8.4,2900,48593.0,38.0,261.0,336.6,95.2,14.063353724964385,0.6369426751592357,43737.0,8.7,5.235,78.2753226437231,55.0,537.0,10.4,120.0,31.625644532517384,90.0,330.0,16.2,228306.0,25.939248601119104,,5179.0,51.2,,18.508080409932987,257.0,157.94,12.667660208643815,2.0,40.6,4502.0,44.0,84.0,43934.0,53252.0,365.0,842.0,625.0,33.51158645276293,418.0,656.0,8.1,17.5399999998044,12.7,49.4,14.4,67.0,113.0,10.8,136.0,50.0,103.0,169.0,12.3,18.0,20.1,COOK
2014-02-01,8.3,2857,,,,,,,,,,,,,,,,,,,,,,,,,,,,,,,,,,,,,,,,,,,,,,,,,,,,,,,,,,COOK
2014-03-01,8.8,2731,,,,,,,,,,,,,,,,,,,,,,,,,,,,,,,,,,,,,,,,,,,,,,,,,,,,,,,,,,COOK
2014-04-01,7.5,2957,,,258.0,,,,,,,,,,,,,,,,,,,,,,,,,,11.958146487294467,,,,,,,,,,,,,,,,,,,,,,,,,,,,,COOK
2014-05-01,5.6,2979,,,,,,,,,,,,,,,,,,,,,,,,,,,,,,,,,,,,,,,,,,,,,,,,,,,,,,,,,,COOK
2014-06-01,4.7,3225,,,,,,,,,,,,,,,,,,,,,,,,,,,,,,,,,,,,,,,,,,,,,,,,,,,,,,,,,,COOK
2014-07-01,4.0,3408,,,263.0,,,,,,,,,,,,,,,,,,,,,,,,,,11.976911976911977,,,,,,,,,,,,,,,,,,,,,,,,,,,,,COOK
2014-08-01,3.7,3436,,,,,,,,,,,,,,,,,,,,,,,,,,,,,,,,,,,,,,,,,,,,,,,,,,,,,,,,,,COOK
2014-09-01,3.4,3329,,,,,,,,,,,,,,,,,,,,,,,,,,,,,,,,,,,,,,,,,,,,,,,,,,,,,,,,,,COOK
2014-10-01,3.4,3053,,,264.0,,,,,,,,,,,,,,,,,,,,,,,,,,10.672514619883039,,,,,,,,,,,,,,,,,,,,,,,,,,,,,COOK
2014-11-01,5.2,2891,,,,,,,,,,,,,,,,,,,,,,,,,,,,,,,,,,,,,,,,,,,,,,,,,,,,,,,,,,COOK
2014-12-01,6.0,2909,,,,,,,,,,,,,,,,,,,,,,,,,,,,,,,,,,,,,,,,,,,,,,,,,,,,,,,,,,COOK
2015-01-01,6.7,2969,50350.0,54.0,255.0,296.0,95.6,13.557516841476936,1.2658227848101269,45901.0,11.4,5.218999999999999,78.8856304985337,86.0,571.0,11.1,79.0,33.43885839311473,93.0,292.0,17.8,239055.0,26.975259377494016,,5141.0,51.3,,16.921994370727784,173.0,151.28,11.83431952662722,1.0,39.0,4491.0,48.0,89.0,45677.0,55023.0,385.0,783.0,579.0,36.39921722113503,466.0,676.0,9.1,52.9199999999255,13.1,49.40000000000001,16.1,75.0,111.0,13.0,139.0,47.0,114.0,164.0,14.6,19.2,21.0,COOK
2015-02-01,6.6,2961,,,,,,,,,,,,,,,,,,,,,,,,,,,,,,,,,,,,,,,,,,,,,,,,,,,,,,,,,,COOK
2015-03-01,6.3,2980,,,,,,,,,,,,,,,,,,,,,,,,,,,,,,,,,,,,,,,,,,,,,,,,,,,,,,,,,,COOK
2015-04-01,5.5,3048,,,253.0,,,,,,,,,,,,,,,,,,,,,,,,,,11.224489795918366,,,,,,,,,,,,,,,,,,,,,,,,,,,,,COOK
2015-05-01,4.1,3116,,,,,,,,,,,,,,,,,,,,,,,,,,,,,,,,,,,,,,,,,,,,,,,,,,,,,,,,,,COOK
2015-06-01,3.5,3352,,,,,,,,,,,,,,,,,,,,,,,,,,,,,,,,,,,,,,,,,,,,,,,,,,,,,,,,,,COOK
2015-07-01,3.1,3481,,,248.0,,,,,,,,,,,,,,,,,,,,,,,,,,13.169319826338642,,,,,,,,,,,,,,,,,,,,,,,,,,,,,COOK
2015-08-01,2.6,3489,,,,,,,,,,,,,,,,,,,,,,,,,,,,,,,,,,,,,,,,,,,,,,,,,,,,,,,,,,COOK
2015-09-01,2.6,3376,,,,,,,,,,,,,,,,,,,,,,,,,,,,,,,,,,,,,,,,,,,,,,,,,,,,,,,,,,COOK
2015-10-01,2.9,3118,,,246.0,,,,,,,,,,,,,,,,,,,,,,,,,,12.191582002902758,,,,,,,,,,,,,,,,,,,,,,,,,,,,,COOK
2015-11-01,4.2,2951,,,,,,,,,,,,,,,,,,,,,,,,,,,,,,,,,,,,,,,,,,,,,,,,,,,,,,,,,,COOK
2015-12-01,5.3,3007,,,,,,,,,,,,,,,,,,,,,,,,,,,,,,,,,,,,,,,,,,,,,,,,,,,,,,,,,,COOK
2016-01-01,6.1,2911,48884.0,38.0,241.0,521.9,95.6,15.529373184671602,1.257861635220126,46609.0,11.9,5.311,78.89408099688472,,526.0,10.1,120.0,31.52356919796082,64.0,,12.2,246375.0,28.62176977290525,,5231.0,51.8,,16.648261758691206,281.5,156.55,13.541666666666664,1.0,39.6,4497.0,48.0,98.0,44014.0,53754.0,428.0,809.0,570.0,33.261339092872575,424.0,628.0,8.2,,12.0,50.0,11.2,48.0,80.0,8.3,99.0,15.0,75.0,123.0,9.3,14.1,15.1,COOK
2016-02-01,6.0,2900,,,,,,,,,,,,,,,,,,,,,,,,,,,,,,,,,,,,,,,,,,,,,,,,,,,,,,,,,,COOK
2016-03-01,6.0,2865,,,,,,,,,,,,,,,,,,,,,,,,,,,,,,,,,,,,,,,,,,,,,,,,,,,,,,,,,,COOK
2016-04-01,5.8,2965,,,250.0,,,,,,,,,,,,,,,,,,,,,,,,,,11.651917404129795,,,,,,,,,,,,,,,,,,,,,,,,,,,,,COOK
2016-05-01,4.0,3062,,,,,,,,,,,,,,,,,,,,,,,,,,,,,,,,,,,,,,,,,,,,,,,,,,,,,,,,,,COOK
2016-06-01,3.6,3334,,,,,,,,,,,,,,,,,,,,,,,,,,,,,,,,,,,,,,,,,,,,,,,,,,,,,,,,,,COOK
2016-07-01,3.3,3440,,,249.0,,,,,,,,,,,,,,,,,,,,,,,,,,11.275964391691394,,,,,,,,,,,,,,,,,,,,,,,,,,,,,COOK
2016-08-01,3.3,3447,,,,,,,,,,,,,,,,,,,,,,,,,,,,,,,,,,,,,,,,,,,,,,,,,,,,,,,,,,COOK
2016-09-01,3.1,3313,,,,,,,,,,,,,,,,,,,,,,,,,,,,,,,,,,,,,,,,,,,,,,,,,,,,,,,,,,COOK
2016-10-01,3.1,3070,,,250.0,,,,,,,,,,,,,,,,,,,,,,,,,,11.773255813953488,,,,,,,,,,,,,,,,,,,,,,,,,,,,,COOK
2016-11-01,4.8,2962,,,,,,,,,,,,,,,,,,,,,,,,,,,,,,,,,,,,,,,,,,,,,,,,,,,,,,,,,,COOK
2016-12-01,5.8,2996,,,,,,,,,,,,,,,,,,,,,,,,,,,,,,,,,,,,,,,,,,,,,,,,,,,,,,,,,,COOK
2017-01-01,6.4,2960,,93.0,247.0,,,,,,,5.398,,,,,95.0,,,,,,,,,,,,,171.61,12.855007473841553,,,,,,,,,,,,,,,,,,,,,,,,,,,,,COOK
2017-02-01,6.2,2917,,,,,,,,,,,,,,,,,,,,,,,,,,,,,,,,,,,,,,,,,,,,,,,,,,,,,,,,,,COOK
2017-03-01,5.6,2907,,,,,,,,,,,,,,,,,,,,,,,,,,,,,,,,,,,,,,,,,,,,,,,,,,,,,,,,,,COOK
2017-04-01,4.9,2904,,,253.0,,,,,,,,,,,,,,,,,,,,,,,,,,11.915535444947212,,,,,,,,,,,,,,,,,,,,,,,,,,,,,COOK
2017-05-01,3.3,3017,,,,,,,,,,,,,,,,,,,,,,,,,,,,,,,,,,,,,,,,,,,,,,,,,,,,,,,,,,COOK
2017-06-01,2.6,3309,,,,,,,,,,,,,,,,,,,,,,,,,,,,,,,,,,,,,,,,,,,,,,,,,,,,,,,,,,COOK
2017-07-01,2.3,3447,,,263.0,,,,,,,,,,,,,,,,,,,,,,,,,,10.773899848254931,,,,,,,,,,,,,,,,,,,,,,,,,,,,,COOK
2017-08-01,2.2,3444,,,,,,,,,,,,,,,,,,,,,,,,,,,,,,,,,,,,,,,,,,,,,,,,,,,,,,,,,,COOK
2017-09-01,2.0,3319,,,,,,,,,,,,,,,,,,,,,,,,,,,,,,,,,,,,,,,,,,,,,,,,,,,,,,,,,,COOK
2017-10-01,1.9,3325,,,266.0,,,,,,,,,,,,,,,,,,,,,,,,,,11.09375,,,,,,,,,,,,,,,,,,,,,,,,,,,,,COOK
2017-11-01,3.8,3378,,,,,,,,,,,,,,,,,,,,,,,,,,,,,,,,,,,,,,,,,,,,,,,,,,,,,,,,,,COOK
2017-12-01,4.7,3408,,,,,,,,,,,,,,,,,,,,,,,,,,,,,,,,,,,,,,,,,,,,,,,,,,,,,,,,,,COOK
2018-01-01,5.2,3381,,,265.0,,,,,,,,,,,,,,,,,,,,,,,,,,10.559006211180122,,,,,,,,,,,,,,,,,,,,,,,,,,,,,COOK
2018-02-01,5.1,3370,,,,,,,,,,,,,,,,,,,,,,,,,,,,,,,,,,,,,,,,,,,,,,,,,,,,,,,,,,COOK
2018-03-01,4.9,3334,,,,,,,,,,,,,,,,,,,,,,,,,,,,,,,,,,,,,,,,,,,,,,,,,,,,,,,,,,COOK
2018-04-01,4.1,3408,,,,,,,,,,,,,,,,,,,,,,,,,,,,,10.493827160493826,,,,,,,,,,,,,,,,,,,,,,,,,,,,,COOK
2018-05-01,2.5,3547,,,,,,,,,,,,,,,,,,,,,,,,,,,,,,,,,,,,,,,,,,,,,,,,,,,,,,,,,,COOK
2018-06-01,2.1,3842,,,,,,,,,,,,,,,,,,,,,,,,,,,,,,,,,,,,,,,,,,,,,,,,,,,,,,,,,,COOK
2018-07-01,1.8,4029,,,,,,,,,,,,,,,,,,,,,,,,,,,,,,,,,,,,,,,,,,,,,,,,,,,,,,,,,,COOK
2018-08-01,1.5,3970,,,,,,,,,,,,,,,,,,,,,,,,,,,,,,,,,,,,,,,,,,,,,,,,,,,,,,,,,,COOK
