DATE,MNCOTT3URN,PCPI27033,MHIMN27033A052NCEN,MNCOTT3POP,PUA0T17MN27033A647NCEN,PEAAMN27033A647NCEN,RACEDISPARITY027033,B03002004E027033,PI27033,2020RATIO027033,B14005DCYACS027033,DP04ACS027033,MNCOTT3LFN,CDC20N2U027033,PUAAMN27033A647NCEN,B01002001E027033,B080ACS027033,CDC20N2UAA027033,ATNHPIUS27033A,EQFXSUBPRIME027033,HC01ESTVC1727033,S1701ACS027033,HC01ESTVC1627033,B03002003E027033,B03002006E027033,B03002012E027033,ENU2703320510,BPPRIV027033,MHICILBMN27033A052NCEN,MHICIUBMN27033A052NCEN,B03002005E027033,PUA5T17RMN27033A647NCEN,HOWNRATEACS027033,NETMIGNACS027033,S1101SPHOUSE027033,PPAAMN27033A156NCEN,PECILBAAMN27033A647NCEN,PECIUBAAMN27033A647NCEN,PPCILBAAMN27033A156NCEN,DMPCRATE027033,PPCIUBAAMN27033A156NCEN,FBITC027033,S1501ACSTOTAL027033,PE5T17MN27033A647NCEN,PP5T17MN27033A156NCEN,PECILB5T17MN27033A647NCEN,PECIUB5T17MN27033A647NCEN,PPCILB5T17MN27033A156NCEN,CBR27033MNA647NCEN,PEU18MN27033A647NCEN,PPU18MN27033A156NCEN,PECILBU18MN27033A647NCEN,PECIUBU18MN27033A647NCEN,PPCILBU18MN27033A156NCEN,PPCIUB5T17MN27033A156NCEN,PPCIUBU18MN27033A156NCEN,county
1991-01-01,6.6,15995.0,,12.485999999999999,,,,,199708.0,,,,5814,,,,,,,,,,,,,,358.0,14.0,,,,,,,,,,,,,,,,,,,,,,,,,,,,,COTTONWOOD
1991-02-01,6.0,,,,,,,,,,,,5730,,,,,,,,,,,,,,,,,,,,,,,,,,,,,,,,,,,,,,,,,,,,COTTONWOOD
1991-03-01,6.1,,,,,,,,,,,,5784,,,,,,,,,,,,,,,,,,,,,,,,,,,,,,,,,,,,,,,,,,,,COTTONWOOD
1991-04-01,4.9,,,,,,,,,,,,5818,,,,,,,,,,,,,,354.0,,,,,,,,,,,,,,,,,,,,,,,,,,,,,,COTTONWOOD
1991-05-01,4.5,,,,,,,,,,,,5865,,,,,,,,,,,,,,,,,,,,,,,,,,,,,,,,,,,,,,,,,,,,COTTONWOOD
1991-06-01,5.6,,,,,,,,,,,,6044,,,,,,,,,,,,,,,,,,,,,,,,,,,,,,,,,,,,,,,,,,,,COTTONWOOD
1991-07-01,6.6,,,,,,,,,,,,5677,,,,,,,,,,,,,,350.0,,,,,,,,,,,,,,,,,,,,,,,,,,,,,,COTTONWOOD
1991-08-01,11.4,,,,,,,,,,,,6050,,,,,,,,,,,,,,,,,,,,,,,,,,,,,,,,,,,,,,,,,,,,COTTONWOOD
1991-09-01,6.1,,,,,,,,,,,,5758,,,,,,,,,,,,,,,,,,,,,,,,,,,,,,,,,,,,,,,,,,,,COTTONWOOD
1991-10-01,4.7,,,,,,,,,,,,5798,,,,,,,,,,,,,,345.0,,,,,,,,,,,,,,,,,,,,,,,,,,,,,,COTTONWOOD
1991-11-01,5.5,,,,,,,,,,,,5655,,,,,,,,,,,,,,,,,,,,,,,,,,,,,,,,,,,,,,,,,,,,COTTONWOOD
1991-12-01,5.8,,,,,,,,,,,,5627,,,,,,,,,,,,,,,,,,,,,,,,,,,,,,,,,,,,,,,,,,,,COTTONWOOD
1992-01-01,7.7,16925.0,,12.575,,,,,212835.0,,,,5652,,,,,,68.78,,,,,,,,345.0,19.0,,,,,,,,,,,,,,,,,,,,,,,,,,,,,COTTONWOOD
1992-02-01,7.2,,,,,,,,,,,,5658,,,,,,,,,,,,,,,,,,,,,,,,,,,,,,,,,,,,,,,,,,,,COTTONWOOD
1992-03-01,7.1,,,,,,,,,,,,5607,,,,,,,,,,,,,,,,,,,,,,,,,,,,,,,,,,,,,,,,,,,,COTTONWOOD
1992-04-01,5.5,,,,,,,,,,,,5794,,,,,,,,,,,,,,342.0,,,,,,,,,,,,,,,,,,,,,,,,,,,,,,COTTONWOOD
1992-05-01,5.3,,,,,,,,,,,,5929,,,,,,,,,,,,,,,,,,,,,,,,,,,,,,,,,,,,,,,,,,,,COTTONWOOD
1992-06-01,12.9,,,,,,,,,,,,6337,,,,,,,,,,,,,,,,,,,,,,,,,,,,,,,,,,,,,,,,,,,,COTTONWOOD
1992-07-01,12.3,,,,,,,,,,,,6064,,,,,,,,,,,,,,344.0,,,,,,,,,,,,,,,,,,,,,,,,,,,,,,COTTONWOOD
1992-08-01,11.3,,,,,,,,,,,,6083,,,,,,,,,,,,,,,,,,,,,,,,,,,,,,,,,,,,,,,,,,,,COTTONWOOD
1992-09-01,5.4,,,,,,,,,,,,5887,,,,,,,,,,,,,,,,,,,,,,,,,,,,,,,,,,,,,,,,,,,,COTTONWOOD
1992-10-01,4.6,,,,,,,,,,,,5901,,,,,,,,,,,,,,346.0,,,,,,,,,,,,,,,,,,,,,,,,,,,,,,COTTONWOOD
1992-11-01,5.2,,,,,,,,,,,,5986,,,,,,,,,,,,,,,,,,,,,,,,,,,,,,,,,,,,,,,,,,,,COTTONWOOD
1992-12-01,5.6,,,,,,,,,,,,5880,,,,,,,,,,,,,,,,,,,,,,,,,,,,,,,,,,,,,,,,,,,,COTTONWOOD
1993-01-01,6.9,15009.0,26868.0,12.592,,1580.0,,,188990.0,,,,6067,,,,,,71.61,,,,,,,,351.0,17.0,24493.0,29229.0,,,,,,12.7,1247.0,1913.0,10.0,,15.3,,,398.0,15.6,299.0,498.0,11.7,855.0,561.0,16.9,435.0,688.0,13.1,19.5,20.7,COTTONWOOD
1993-02-01,6.1,,,,,,,,,,,,6027,,,,,,,,,,,,,,,,,,,,,,,,,,,,,,,,,,,,,,,,,,,,COTTONWOOD
1993-03-01,5.3,,,,,,,,,,,,6100,,,,,,,,,,,,,,,,,,,,,,,,,,,,,,,,,,,,,,,,,,,,COTTONWOOD
1993-04-01,4.6,,,,,,,,,,,,6083,,,,,,,,,,,,,,348.0,,,,,,,,,,,,,,,,,,,,,,,,,,,,,,COTTONWOOD
1993-05-01,4.2,,,,,,,,,,,,6250,,,,,,,,,,,,,,,,,,,,,,,,,,,,,,,,,,,,,,,,,,,,COTTONWOOD
1993-06-01,4.6,,,,,,,,,,,,6399,,,,,,,,,,,,,,,,,,,,,,,,,,,,,,,,,,,,,,,,,,,,COTTONWOOD
1993-07-01,12.1,,,,,,,,,,,,6246,,,,,,,,,,,,,,344.0,,,,,,,,,,,,,,,,,,,,,,,,,,,,,,COTTONWOOD
1993-08-01,9.8,,,,,,,,,,,,6360,,,,,,,,,,,,,,,,,,,,,,,,,,,,,,,,,,,,,,,,,,,,COTTONWOOD
1993-09-01,4.4,,,,,,,,,,,,6094,,,,,,,,,,,,,,,,,,,,,,,,,,,,,,,,,,,,,,,,,,,,COTTONWOOD
1993-10-01,4.1,,,,,,,,,,,,6114,,,,,,,,,,,,,,347.0,,,,,,,,,,,,,,,,,,,,,,,,,,,,,,COTTONWOOD
1993-11-01,4.2,,,,,,,,,,,,6130,,,,,,,,,,,,,,,,,,,,,,,,,,,,,,,,,,,,,,,,,,,,COTTONWOOD
1993-12-01,4.7,,,,,,,,,,,,6240,,,,,,,,,,,,,,,,,,,,,,,,,,,,,,,,,,,,,,,,,,,,COTTONWOOD
1994-01-01,6.9,19175.0,,12.605,,,,,241699.0,,,,6243,,,,,,76.2,,,,,,,,355.0,24.0,,,,,,,,,,,,,,,,,,,,,,,,,,,,,COTTONWOOD
1994-02-01,5.9,,,,,,,,,,,,6111,,,,,,,,,,,,,,,,,,,,,,,,,,,,,,,,,,,,,,,,,,,,COTTONWOOD
1994-03-01,5.7,,,,,,,,,,,,6103,,,,,,,,,,,,,,,,,,,,,,,,,,,,,,,,,,,,,,,,,,,,COTTONWOOD
1994-04-01,4.3,,,,,,,,,,,,6119,,,,,,,,,,,,,,359.0,,,,,,,,,,,,,,,,,,,,,,,,,,,,,,COTTONWOOD
1994-05-01,3.4,,,,,,,,,,,,6252,,,,,,,,,,,,,,,,,,,,,,,,,,,,,,,,,,,,,,,,,,,,COTTONWOOD
1994-06-01,4.7,,,,,,,,,,,,6449,,,,,,,,,,,,,,,,,,,,,,,,,,,,,,,,,,,,,,,,,,,,COTTONWOOD
1994-07-01,9.8,,,,,,,,,,,,6539,,,,,,,,,,,,,,347.0,,,,,,,,,,,,,,,,,,,,,,,,,,,,,,COTTONWOOD
1994-08-01,6.1,,,,,,,,,,,,6352,,,,,,,,,,,,,,,,,,,,,,,,,,,,,,,,,,,,,,,,,,,,COTTONWOOD
1994-09-01,4.9,,,,,,,,,,,,6376,,,,,,,,,,,,,,,,,,,,,,,,,,,,,,,,,,,,,,,,,,,,COTTONWOOD
1994-10-01,4.0,,,,,,,,,,,,6339,,,,,,,,,,,,,,360.0,,,,,,,,,,,,,,,,,,,,,,,,,,,,,,COTTONWOOD
1994-11-01,3.9,,,,,,,,,,,,6402,,,,,,,,,,,,,,,,,,,,,,,,,,,,,,,,,,,,,,,,,,,,COTTONWOOD
1994-12-01,5.1,,,,,,,,,,,,6168,,,,,,,,,,,,,,,,,,,,,,,,,,,,,,,,,,,,,,,,,,,,COTTONWOOD
1995-01-01,6.4,18121.0,28324.0,12.562999999999999,,1227.0,,,227657.0,,,,5990,,,,,,86.7,,,,,,,,357.0,20.0,25175.0,31457.0,,,,,,10.0,966.0,1488.0,7.9,,12.1,,,286.0,11.5,217.0,355.0,8.7,666.0,427.0,13.2,328.0,525.0,10.1,14.3,16.2,COTTONWOOD
1995-02-01,5.6,,,,,,,,,,,,6014,,,,,,,,,,,,,,,,,,,,,,,,,,,,,,,,,,,,,,,,,,,,COTTONWOOD
1995-03-01,5.0,,,,,,,,,,,,6081,,,,,,,,,,,,,,,,,,,,,,,,,,,,,,,,,,,,,,,,,,,,COTTONWOOD
1995-04-01,5.0,,,,,,,,,,,,6307,,,,,,,,,,,,,,354.0,,,,,,,,,,,,,,,,,,,,,,,,,,,,,,COTTONWOOD
1995-05-01,4.1,,,,,,,,,,,,6142,,,,,,,,,,,,,,,,,,,,,,,,,,,,,,,,,,,,,,,,,,,,COTTONWOOD
1995-06-01,13.4,,,,,,,,,,,,6900,,,,,,,,,,,,,,,,,,,,,,,,,,,,,,,,,,,,,,,,,,,,COTTONWOOD
1995-07-01,13.6,,,,,,,,,,,,6152,,,,,,,,,,,,,,343.0,,,,,,,,,,,,,,,,,,,,,,,,,,,,,,COTTONWOOD
1995-08-01,10.8,,,,,,,,,,,,6333,,,,,,,,,,,,,,,,,,,,,,,,,,,,,,,,,,,,,,,,,,,,COTTONWOOD
1995-09-01,6.0,,,,,,,,,,,,6041,,,,,,,,,,,,,,,,,,,,,,,,,,,,,,,,,,,,,,,,,,,,COTTONWOOD
1995-10-01,4.3,,,,,,,,,,,,6041,,,,,,,,,,,,,,353.0,,,,,,,,,,,,,,,,,,,,,,,,,,,,,,COTTONWOOD
1995-11-01,4.5,,,,,,,,,,,,5995,,,,,,,,,,,,,,,,,,,,,,,,,,,,,,,,,,,,,,,,,,,,COTTONWOOD
1995-12-01,4.7,,,,,,,,,,,,6086,,,,,,,,,,,,,,,,,,,,,,,,,,,,,,,,,,,,,,,,,,,,COTTONWOOD
1996-01-01,6.4,21403.0,,12.475999999999999,,,,,267025.0,,,,6043,,,,,,88.26,,,,,,,,355.0,18.0,,,,,,,,,,,,,,,,,,,,,,,,,,,,,COTTONWOOD
1996-02-01,6.1,,,,,,,,,,,,6131,,,,,,,,,,,,,,,,,,,,,,,,,,,,,,,,,,,,,,,,,,,,COTTONWOOD
1996-03-01,5.8,,,,,,,,,,,,6167,,,,,,,,,,,,,,,,,,,,,,,,,,,,,,,,,,,,,,,,,,,,COTTONWOOD
1996-04-01,6.8,,,,,,,,,,,,6264,,,,,,,,,,,,,,355.0,,,,,,,,,,,,,,,,,,,,,,,,,,,,,,COTTONWOOD
1996-05-01,5.9,,,,,,,,,,,,6333,,,,,,,,,,,,,,,,,,,,,,,,,,,,,,,,,,,,,,,,,,,,COTTONWOOD
1996-06-01,15.2,,,,,,,,,,,,6660,,,,,,,,,,,,,,,,,,,,,,,,,,,,,,,,,,,,,,,,,,,,COTTONWOOD
1996-07-01,12.5,,,,,,,,,,,,6659,,,,,,,,,,,,,,353.0,,,,,,,,,,,,,,,,,,,,,,,,,,,,,,COTTONWOOD
1996-08-01,6.2,,,,,,,,,,,,6161,,,,,,,,,,,,,,,,,,,,,,,,,,,,,,,,,,,,,,,,,,,,COTTONWOOD
1996-09-01,5.9,,,,,,,,,,,,6248,,,,,,,,,,,,,,,,,,,,,,,,,,,,,,,,,,,,,,,,,,,,COTTONWOOD
1996-10-01,4.6,,,,,,,,,,,,6160,,,,,,,,,,,,,,355.0,,,,,,,,,,,,,,,,,,,,,,,,,,,,,,COTTONWOOD
1996-11-01,4.3,,,,,,,,,,,,6064,,,,,,,,,,,,,,,,,,,,,,,,,,,,,,,,,,,,,,,,,,,,COTTONWOOD
1996-12-01,5.8,,,,,,,,,,,,6032,,,,,,,,,,,,,,,,,,,,,,,,,,,,,,,,,,,,,,,,,,,,COTTONWOOD
1997-01-01,5.8,21220.0,31272.0,12.357000000000001,,1306.0,,,262221.0,,,,5988,,,,,,96.49,,,,,,,,351.0,22.0,28148.0,34378.0,,,,,,11.0,1001.0,1611.0,8.4,,13.5,,,365.0,15.6,255.0,475.0,10.9,474.0,518.0,16.7,380.0,657.0,12.3,20.3,21.2,COTTONWOOD
1997-02-01,4.7,,,,,,,,,,,,6064,,,,,,,,,,,,,,,,,,,,,,,,,,,,,,,,,,,,,,,,,,,,COTTONWOOD
1997-03-01,5.2,,,,,,,,,,,,6041,,,,,,,,,,,,,,,,,,,,,,,,,,,,,,,,,,,,,,,,,,,,COTTONWOOD
1997-04-01,4.0,,,,,,,,,,,,6135,,,,,,,,,,,,,,356.0,,,,,,,,,,,,,,,,,,,,,,,,,,,,,,COTTONWOOD
1997-05-01,2.9,,,,,,,,,,,,6160,,,,,,,,,,,,,,,,,,,,,,,,,,,,,,,,,,,,,,,,,,,,COTTONWOOD
1997-06-01,9.7,,,,,,,,,,,,6182,,,,,,,,,,,,,,,,,,,,,,,,,,,,,,,,,,,,,,,,,,,,COTTONWOOD
1997-07-01,8.4,,,,,,,,,,,,6253,,,,,,,,,,,,,,371.0,,,,,,,,,,,,,,,,,,,,,,,,,,,,,,COTTONWOOD
1997-08-01,2.9,,,,,,,,,,,,6070,,,,,,,,,,,,,,,,,,,,,,,,,,,,,,,,,,,,,,,,,,,,COTTONWOOD
1997-09-01,3.1,,,,,,,,,,,,6084,,,,,,,,,,,,,,,,,,,,,,,,,,,,,,,,,,,,,,,,,,,,COTTONWOOD
1997-10-01,2.7,,,,,,,,,,,,6163,,,,,,,,,,,,,,363.0,,,,,,,,,,,,,,,,,,,,,,,,,,,,,,COTTONWOOD
1997-11-01,3.1,,,,,,,,,,,,6096,,,,,,,,,,,,,,,,,,,,,,,,,,,,,,,,,,,,,,,,,,,,COTTONWOOD
1997-12-01,3.5,,,,,,,,,,,,6127,,,,,,,,,,,,,,,,,,,,,,,,,,,,,,,,,,,,,,,,,,,,COTTONWOOD
1998-01-01,4.4,22923.0,32006.0,12.29,3060.0,1397.0,,,281724.0,,,,5589,,11879.0,,,,98.39,,,,,,,,363.0,28.0,28921.0,35075.0,,2357.0,,,,11.8,1074.0,1719.0,9.0,,14.5,,,353.0,15.0,231.0,475.0,9.8,462.0,518.0,16.9,368.0,668.0,12.0,20.1,21.8,COTTONWOOD
1998-02-01,3.9,,,,,,,,,,,,5678,,,,,,,,,,,,,,,,,,,,,,,,,,,,,,,,,,,,,,,,,,,,COTTONWOOD
1998-03-01,4.4,,,,,,,,,,,,5603,,,,,,,,,,,,,,,,,,,,,,,,,,,,,,,,,,,,,,,,,,,,COTTONWOOD
1998-04-01,2.9,,,,,,,,,,,,5600,,,,,,,,,,,,,,361.0,,,,,,,,,,,,,,,,,,,,,,,,,,,,,,COTTONWOOD
1998-05-01,2.3,,,,,,,,,,,,5679,,,,,,,,,,,,,,,,,,,,,,,,,,,,,,,,,,,,,,,,,,,,COTTONWOOD
1998-06-01,4.5,,,,,,,,,,,,5615,,,,,,,,,,,,,,,,,,,,,,,,,,,,,,,,,,,,,,,,,,,,COTTONWOOD
1998-07-01,9.9,,,,,,,,,,,,5581,,,,,,,,,,,,,,365.0,,,,,,,,,,,,,,,,,,,,,,,,,,,,,,COTTONWOOD
1998-08-01,11.4,,,,,,,,,,,,5580,,,,,,,,,,,,,,,,,,,,,,,,,,,,,,,,,,,,,,,,,,,,COTTONWOOD
1998-09-01,3.2,,,,,,,,,,,,5412,,,,,,,,,,,,,,,,,,,,,,,,,,,,,,,,,,,,,,,,,,,,COTTONWOOD
1998-10-01,8.8,,,,,,,,,,,,5541,,,,,,,,,,,,,,363.0,,,,,,,,,,,,,,,,,,,,,,,,,,,,,,COTTONWOOD
1998-11-01,3.9,,,,,,,,,,,,5559,,,,,,,,,,,,,,,,,,,,,,,,,,,,,,,,,,,,,,,,,,,,COTTONWOOD
1998-12-01,3.7,,,,,,,,,,,,5643,,,,,,,,,,,,,,,,,,,,,,,,,,,,,,,,,,,,,,,,,,,,COTTONWOOD
1999-01-01,4.2,23149.0,32408.0,12.25,3013.0,1176.0,,,283575.0,,,,5666,541.5,11990.0,,,433.5,98.15,18.715341959334566,,,,,,,363.0,18.0,30306.0,34655.0,,2261.0,,,,9.8,877.0,1476.0,7.3,,12.3,,,332.0,14.7,202.0,462.0,8.9,400.0,404.0,13.4,259.0,549.0,8.6,20.4,18.2,COTTONWOOD
1999-02-01,4.0,,,,,,,,,,,,5700,,,,,,,,,,,,,,,,,,,,,,,,,,,,,,,,,,,,,,,,,,,,COTTONWOOD
1999-03-01,3.9,,,,,,,,,,,,5604,,,,,,,,,,,,,,,,,,,,,,,,,,,,,,,,,,,,,,,,,,,,COTTONWOOD
1999-04-01,3.0,,,,,,,,,,,,5691,,,,,,,18.83920076117983,,,,,,,363.0,,,,,,,,,,,,,,,,,,,,,,,,,,,,,,COTTONWOOD
1999-05-01,2.2,,,,,,,,,,,,5750,,,,,,,,,,,,,,,,,,,,,,,,,,,,,,,,,,,,,,,,,,,,COTTONWOOD
1999-06-01,3.6,,,,,,,,,,,,5799,,,,,,,,,,,,,,,,,,,,,,,,,,,,,,,,,,,,,,,,,,,,COTTONWOOD
1999-07-01,10.0,,,,,,,,,,,,6405,,,,,,,17.61633428300095,,,,,,,358.0,,,,,,,,,,,,,,,,,,,,,,,,,,,,,,COTTONWOOD
1999-08-01,4.0,,,,,,,,,,,,6068,,,,,,,,,,,,,,,,,,,,,,,,,,,,,,,,,,,,,,,,,,,,COTTONWOOD
1999-09-01,3.7,,,,,,,,,,,,5967,,,,,,,,,,,,,,,,,,,,,,,,,,,,,,,,,,,,,,,,,,,,COTTONWOOD
1999-10-01,6.9,,,,,,,,,,,,5212,,,,,,,18.691125433812594,,,,,,,362.0,,,,,,,,,,,,,,,,,,,,,,,,,,,,,,COTTONWOOD
1999-11-01,3.2,,,,,,,,,,,,5332,,,,,,,,,,,,,,,,,,,,,,,,,,,,,,,,,,,,,,,,,,,,COTTONWOOD
1999-12-01,3.7,,,,,,,,,,,,5404,,,,,,,,,,,,,,,,,,,,,,,,,,,,,,,,,,,,,,,,,,,,COTTONWOOD
2000-01-01,4.7,24396.0,33897.0,12.152999999999999,2861.0,1142.0,,,296824.0,,,,6272,309.9,11855.0,,,233.4,100.0,18.65562591329761,,,,,,,361.0,15.0,31429.0,36560.0,,2129.0,,,,9.6,879.0,1406.0,7.4,,11.9,,,272.0,12.8,182.0,362.0,8.6,426.0,422.0,14.7,302.0,542.0,10.5,17.0,18.9,COTTONWOOD
2000-02-01,4.3,,,,,,,,,,,,6361,,,,,,,,,,,,,,,,,,,,,,,,,,,,,,,,,,,,,,,,,,,,COTTONWOOD
2000-03-01,4.3,,,,,,,,,,,,6376,,,,,,,,,,,,,,,,,,,,,,,,,,,,,,,,,,,,,,,,,,,,COTTONWOOD
2000-04-01,3.1,,,,,,,,,,,,6369,,,,,,,17.57852077001013,,,,,,,360.0,,,,,,,,,,,,,,,,,,,,,,,,,,,,,,COTTONWOOD
2000-05-01,2.8,,,,,,,,,,,,6375,,,,,,,,,,,,,,,,,,,,,,,,,,,,,,,,,,,,,,,,,,,,COTTONWOOD
2000-06-01,4.3,,,,,,,,,,,,6059,,,,,,,,,,,,,,,,,,,,,,,,,,,,,,,,,,,,,,,,,,,,COTTONWOOD
2000-07-01,7.4,,,,,,,,,,,,6082,,,,,,,19.167904903417536,,,,,,,358.0,,,,,,,,,,,,,,,,,,,,,,,,,,,,,,COTTONWOOD
2000-08-01,10.5,,,,,,,,,,,,6264,,,,,,,,,,,,,,,,,,,,,,,,,,,,,,,,,,,,,,,,,,,,COTTONWOOD
2000-09-01,4.7,,,,,,,,,,,,6323,,,,,,,,,,,,,,,,,,,,,,,,,,,,,,,,,,,,,,,,,,,,COTTONWOOD
2000-10-01,4.7,,,,,,,,,,,,6225,,,,,,,16.560820713238886,,,,,,,360.0,,,,,,,,,,,,,,,,,,,,,,,,,,,,,,COTTONWOOD
2000-11-01,3.5,,,,,,,,,,,,6323,,,,,,,,,,,,,,,,,,,,,,,,,,,,,,,,,,,,,,,,,,,,COTTONWOOD
2000-12-01,3.7,,,,,,,,,,,,6314,,,,,,,,,,,,,,,,,,,,,,,,,,,,,,,,,,,,,,,,,,,,COTTONWOOD
2001-01-01,4.8,24667.0,33356.0,12.071,2818.0,1130.0,,,299455.0,,,,6298,425.2,11787.0,,,330.6,108.11,18.711136235161106,,,,,,,359.0,37.0,31113.0,35760.0,,2114.0,,,,9.6,867.0,1394.0,7.4,,11.8,,,262.0,12.4,171.0,353.0,8.1,467.0,391.0,13.9,274.0,509.0,9.7,16.7,18.0,COTTONWOOD
2001-02-01,4.3,,,,,,,,,,,,6270,,,,,,,,,,,,,,,,,,,,,,,,,,,,,,,,,,,,,,,,,,,,COTTONWOOD
2001-03-01,4.6,,,,,,,,,,,,6299,,,,,,,,,,,,,,,,,,,,,,,,,,,,,,,,,,,,,,,,,,,,COTTONWOOD
2001-04-01,3.9,,,,,,,,,,,,6512,,,,,,,17.569982132221554,,,,,,,357.0,,,,,,,,,,,,,,,,,,,,,,,,,,,,,,COTTONWOOD
2001-05-01,3.0,,,,,,,,,,,,6510,,,,,,,,,,,,,,,,,,,,,,,,,,,,,,,,,,,,,,,,,,,,COTTONWOOD
2001-06-01,5.0,,,,,,,,,,,,6712,,,,,,,,,,,,,,,,,,,,,,,,,,,,,,,,,,,,,,,,,,,,COTTONWOOD
2001-07-01,4.1,,,,,,,,,,,,6568,,,,,,,18.05210918114144,,,,,,,357.0,,,,,,,,,,,,,,,,,,,,,,,,,,,,,,COTTONWOOD
2001-08-01,3.1,,,,,,,,,,,,6671,,,,,,,,,,,,,,,,,,,,,,,,,,,,,,,,,,,,,,,,,,,,COTTONWOOD
2001-09-01,3.1,,,,,,,,,,,,6512,,,,,,,,,,,,,,,,,,,,,,,,,,,,,,,,,,,,,,,,,,,,COTTONWOOD
2001-10-01,2.7,,,,,,,,,,,,6478,,,,,,,17.780580075662037,,,,,,,355.0,,,,,,,,,,,,,,,,,,,,,,,,,,,,,,COTTONWOOD
2001-11-01,3.1,,,,,,,,,,,,6403,,,,,,,,,,,,,,,,,,,,,,,,,,,,,,,,,,,,,,,,,,,,COTTONWOOD
2001-12-01,3.5,,,,,,,,,,,,6427,,,,,,,,,,,,,,,,,,,,,,,,,,,,,,,,,,,,,,,,,,,,COTTONWOOD
2002-01-01,4.6,25804.0,34010.0,11.978,2834.0,1107.0,,,312337.0,,,,6330,410.7,11830.0,,,334.2,115.25,17.91530944625407,,,,,,,356.0,14.0,31703.0,36485.0,,2120.0,,,,9.4,837.0,1376.0,7.1,,11.6,,,259.0,12.2,174.0,344.0,8.2,499.0,345.0,12.2,244.0,446.0,8.6,16.2,15.7,COTTONWOOD
2002-02-01,4.3,,,,,,,,,,,,6353,,,,,,,,,,,,,,,,,,,,,,,,,,,,,,,,,,,,,,,,,,,,COTTONWOOD
2002-03-01,4.6,,,,,,,,,,,,6472,,,,,,,,,,,,,,,,,,,,,,,,,,,,,,,,,,,,,,,,,,,,COTTONWOOD
2002-04-01,4.1,,,,,,,,,,,,6530,,,,,,,17.232202262142383,,,,,,,356.0,,,,,,,,,,,,,,,,,,,,,,,,,,,,,,COTTONWOOD
2002-05-01,3.2,,,,,,,,,,,,6486,,,,,,,,,,,,,,,,,,,,,,,,,,,,,,,,,,,,,,,,,,,,COTTONWOOD
2002-06-01,3.8,,,,,,,,,,,,6565,,,,,,,,,,,,,,,,,,,,,,,,,,,,,,,,,,,,,,,,,,,,COTTONWOOD
2002-07-01,4.4,,,,,,,,,,,,6157,,,,,,,17.933333333333334,,,,,,,355.0,,,,,,,,,,,,,,,,,,,,,,,,,,,,,,COTTONWOOD
2002-08-01,3.7,,,,,,,,,,,,6206,,,,,,,,,,,,,,,,,,,,,,,,,,,,,,,,,,,,,,,,,,,,COTTONWOOD
2002-09-01,6.7,,,,,,,,,,,,6794,,,,,,,,,,,,,,,,,,,,,,,,,,,,,,,,,,,,,,,,,,,,COTTONWOOD
2002-10-01,3.3,,,,,,,,,,,,6557,,,,,,,17.950481430536453,,,,,,,354.0,,,,,,,,,,,,,,,,,,,,,,,,,,,,,,COTTONWOOD
2002-11-01,3.6,,,,,,,,,,,,6533,,,,,,,,,,,,,,,,,,,,,,,,,,,,,,,,,,,,,,,,,,,,COTTONWOOD
2002-12-01,3.7,,,,,,,,,,,,6510,,,,,,,,,,,,,,,,,,,,,,,,,,,,,,,,,,,,,,,,,,,,COTTONWOOD
2003-01-01,4.8,28003.0,36066.0,11.912,2777.0,1117.0,,,338720.0,,,,6355,372.9,11765.0,,,308.1,117.66,17.777777777777782,,,,,,,354.0,21.0,33783.0,38504.0,,2061.0,,,,9.5,846.0,1389.0,7.2,,11.8,,,235.0,11.4,160.0,310.0,7.8,565.0,374.0,13.5,268.0,480.0,9.7,15.0,17.3,COTTONWOOD
2003-02-01,4.2,,,,,,,,,,,,6408,,,,,,,,,,,,,,,,,,,,,,,,,,,,,,,,,,,,,,,,,,,,COTTONWOOD
2003-03-01,4.4,,,,,,,,,,,,6786,,,,,,,,,,,,,,,,,,,,,,,,,,,,,,,,,,,,,,,,,,,,COTTONWOOD
2003-04-01,4.0,,,,,,,,,,,,6811,,,,,,,17.22448979591837,,,,,,,353.0,,,,,,,,,,,,,,,,,,,,,,,,,,,,,,COTTONWOOD
2003-05-01,3.9,,,,,,,,,,,,6888,,,,,,,,,,,,,,,,,,,,,,,,,,,,,,,,,,,,,,,,,,,,COTTONWOOD
2003-06-01,4.3,,,,,,,,,,,,6992,,,,,,,,,,,,,,,,,,,,,,,,,,,,,,,,,,,,,,,,,,,,COTTONWOOD
2003-07-01,7.6,,,,,,,,,,,,6849,,,,,,,18.50040749796251,,,,,,,353.0,,,,,,,,,,,,,,,,,,,,,,,,,,,,,,COTTONWOOD
2003-08-01,4.3,,,,,,,,,,,,6702,,,,,,,,,,,,,,,,,,,,,,,,,,,,,,,,,,,,,,,,,,,,COTTONWOOD
2003-09-01,4.5,,,,,,,,,,,,6444,,,,,,,,,,,,,,,,,,,,,,,,,,,,,,,,,,,,,,,,,,,,COTTONWOOD
2003-10-01,4.6,,,,,,,,,,,,6650,,,,,,,18.72410936205468,,,,,,,349.0,,,,,,,,,,,,,,,,,,,,,,,,,,,,,,COTTONWOOD
2003-11-01,4.8,,,,,,,,,,,,6685,,,,,,,,,,,,,,,,,,,,,,,,,,,,,,,,,,,,,,,,,,,,COTTONWOOD
2003-12-01,4.0,,,,,,,,,,,,6635,,,,,,,,,,,,,,,,,,,,,,,,,,,,,,,,,,,,,,,,,,,,COTTONWOOD
2004-01-01,5.5,31115.0,38299.0,11.905,2697.0,1087.0,,,378082.0,,,,6451,276.1,11642.0,,,202.3,124.26,18.436703483432453,,,,,,,328.0,20.0,35876.0,40886.0,,1993.0,,,,9.3,813.0,1360.0,7.0,,11.7,,,231.0,11.6,151.0,311.0,7.6,605.0,371.0,13.8,261.0,481.0,9.7,15.6,17.8,COTTONWOOD
2004-02-01,5.0,,,,,,,,,,,,6361,,,,,,,,,,,,,,,,,,,,,,,,,,,,,,,,,,,,,,,,,,,,COTTONWOOD
2004-03-01,5.3,,,,,,,,,,,,6435,,,,,,,,,,,,,,,,,,,,,,,,,,,,,,,,,,,,,,,,,,,,COTTONWOOD
2004-04-01,4.0,,,,,,,,,,,,6415,,,,,,,18.82046834345186,,,,,,,335.0,,,,,,,,,,,,,,,,,,,,,,,,,,,,,,COTTONWOOD
2004-05-01,3.9,,,,,,,,,,,,6417,,,,,,,,,,,,,,,,,,,,,,,,,,,,,,,,,,,,,,,,,,,,COTTONWOOD
2004-06-01,4.0,,,,,,,,,,,,6569,,,,,,,,,,,,,,,,,,,,,,,,,,,,,,,,,,,,,,,,,,,,COTTONWOOD
2004-07-01,3.8,,,,,,,,,,,,6386,,,,,,,19.271758436944943,,,,,,,336.0,,,,,,,,,,,,,,,,,,,,,,,,,,,,,,COTTONWOOD
2004-08-01,8.5,,,,,,,,,,,,6646,,,,,,,,,,,,,,,,,,,,,,,,,,,,,,,,,,,,,,,,,,,,COTTONWOOD
2004-09-01,3.9,,,,,,,,,,,,6296,,,,,,,,,,,,,,,,,,,,,,,,,,,,,,,,,,,,,,,,,,,,COTTONWOOD
2004-10-01,3.4,,,,,,,,,,,,6174,,,,,,,20.262008733624455,,,,,,,341.0,,,,,,,,,,,,,,,,,,,,,,,,,,,,,,COTTONWOOD
2004-11-01,4.1,,,,,,,,,,,,6267,,,,,,,,,,,,,,,,,,,,,,,,,,,,,,,,,,,,,,,,,,,,COTTONWOOD
2004-12-01,4.8,,,,,,,,,,,,6264,,,,,,,,,,,,,,,,,,,,,,,,,,,,,,,,,,,,,,,,,,,,COTTONWOOD
2005-01-01,5.2,30728.0,40180.0,11.665,2638.0,1179.0,,,367725.0,,,,6291,386.4,11387.0,,,321.8,129.32,19.929140832595216,,,,,,,345.0,19.0,37417.0,42942.0,,1965.0,,,,10.4,948.0,1410.0,8.3,,12.4,44.0,,258.0,13.1,194.0,322.0,9.9,532.0,399.0,15.1,308.0,490.0,11.7,16.4,18.6,COTTONWOOD
2005-02-01,4.5,,,,,,,,,,,,6297,,,,,,,,,,,,,,,,,,,,,,,,,,,,,,,,,,,,,,,,,,,,COTTONWOOD
2005-03-01,4.4,,,,,,,,,,,,6294,,,,,,,,,,,,,,,,,,,,,,,,,,,,,,,,,,,,,,,,,,,,COTTONWOOD
2005-04-01,3.5,,,,,,,,,,,,6334,,,,,,,18.74439461883408,,,,,,,354.0,,,,,,,,,,,,,,,,,,,,,,,,,,,,,,COTTONWOOD
2005-05-01,3.4,,,,,,,,,,,,6385,,,,,,,,,,,,,,,,,,,,,,,,,,,,,,,,,,,,,,,,,,,,COTTONWOOD
2005-06-01,3.4,,,,,,,,,,,,6527,,,,,,,,,,,,,,,,,,,,,,,,,,,,,,,,,,,,,,,,,,,,COTTONWOOD
2005-07-01,3.8,,,,,,,,,,,,6275,,,,,,,19.733333333333334,,,,,,,361.0,,,,,,,,,,,,,,,,,,,,,,,,,,,,,,COTTONWOOD
2005-08-01,7.1,,,,,,,,,,,,6470,,,,,,,,,,,,,,,,,,,,,,,,,,,,,,,,,,,,,,,,,,,,COTTONWOOD
2005-09-01,4.1,,,,,,,,,,,,6221,,,,,,,,,,,,,,,,,,,,,,,,,,,,,,,,,,,,,,,,,,,,COTTONWOOD
2005-10-01,3.4,,,,,,,,,,,,6125,,,,,,,19.634703196347033,,,,,,,367.0,,,,,,,,,,,,,,,,,,,,,,,,,,,,,,COTTONWOOD
2005-11-01,4.4,,,,,,,,,,,,6196,,,,,,,,,,,,,,,,,,,,,,,,,,,,,,,,,,,,,,,,,,,,COTTONWOOD
2005-12-01,4.7,,,,,,,,,,,,6311,,,,,,,,,,,,,,,,,,,,,,,,,,,,,,,,,,,,,,,,,,,,COTTONWOOD
2006-01-01,5.1,30880.0,36638.0,11.433,2683.0,1409.0,,,364046.0,,,,6203,351.9,11359.0,,,288.2,135.11,20.313942751615887,,,,,,,349.0,14.0,35314.0,37962.0,,1945.0,,,,12.4,1141.0,1677.0,10.0,,14.8,51.0,,264.0,13.6,202.0,326.0,10.4,573.0,420.0,15.7,331.0,508.0,12.3,16.8,18.9,COTTONWOOD
2006-02-01,4.7,,,,,,,,,,,,6239,,,,,,,,,,,,,,,,,,,,,,,,,,,,,,,,,,,,,,,,,,,,COTTONWOOD
2006-03-01,4.6,,,,,,,,,,,,6328,,,,,,,,,,,,,,,,,,,,,,,,,,,,,,,,,,,,,,,,,,,,COTTONWOOD
2006-04-01,3.6,,,,,,,,,,,,6372,,,,,,,19.505494505494507,,,,,,,353.0,,,,,,,,,,,,,,,,,,,,,,,,,,,,,,COTTONWOOD
2006-05-01,3.0,,,,,,,,,,,,6316,,,,,,,,,,,,,,,,,,,,,,,,,,,,,,,,,,,,,,,,,,,,COTTONWOOD
2006-06-01,3.4,,,,,,,,,,,,6443,,,,,,,,,,,,,,,,,,,,,,,,,,,,,,,,,,,,,,,,,,,,COTTONWOOD
2006-07-01,3.8,,,,,,,,,,,,6393,,,,,,,21.435142594296227,,,,,,,346.0,,,,,,,,,,,,,,,,,,,,,,,,,,,,,,COTTONWOOD
2006-08-01,3.4,,,,,,,,,,,,6384,,,,,,,,,,,,,,,,,,,,,,,,,,,,,,,,,,,,,,,,,,,,COTTONWOOD
2006-09-01,7.9,,,,,,,,,,,,6719,,,,,,,,,,,,,,,,,,,,,,,,,,,,,,,,,,,,,,,,,,,,COTTONWOOD
2006-10-01,6.2,,,,,,,,,,,,6602,,,,,,,20.67352666043031,,,,,,,347.0,,,,,,,,,,,,,,,,,,,,,,,,,,,,,,COTTONWOOD
2006-11-01,3.5,,,,,,,,,,,,6403,,,,,,,,,,,,,,,,,,,,,,,,,,,,,,,,,,,,,,,,,,,,COTTONWOOD
2006-12-01,3.7,,,,,,,,,,,,6415,,,,,,,,,,,,,,,,,,,,,,,,,,,,,,,,,,,,,,,,,,,,COTTONWOOD
2007-01-01,5.0,32676.0,40476.0,11.344000000000001,2612.0,1178.0,,,383879.0,,,,6189,411.0,11054.0,,,294.2,139.0,19.86754966887417,,,,,,,337.0,8.0,38697.0,42254.0,,1912.0,,,,10.7,922.0,1433.0,8.3,,13.0,48.0,,261.0,13.7,194.0,328.0,10.1,598.0,418.0,16.0,317.0,520.0,12.1,17.2,19.9,COTTONWOOD
2007-02-01,4.5,,,,,,,,,,,,6208,,,,,,,,,,,,,,,,,,,,,,,,,,,,,,,,,,,,,,,,,,,,COTTONWOOD
2007-03-01,4.4,,,,,,,,,,,,6281,,,,,,,,,,,,,,,,,,,,,,,,,,,,,,,,,,,,,,,,,,,,COTTONWOOD
2007-04-01,4.0,,,,,,,,,,,,6297,,,,,,,19.464944649446494,,,,,,,340.0,,,,,,,,,,,,,,,,,,,,,,,,,,,,,,COTTONWOOD
2007-05-01,3.4,,,,,,,,,,,,6268,,,,,,,,,,,,,,,,,,,,,,,,,,,,,,,,,,,,,,,,,,,,COTTONWOOD
2007-06-01,3.9,,,,,,,,,,,,6345,,,,,,,,,,,,,,,,,,,,,,,,,,,,,,,,,,,,,,,,,,,,COTTONWOOD
2007-07-01,4.0,,,,,,,,,,,,6300,,,,,,,19.79458450046685,,,,,,,338.0,,,,,,,,,,,,,,,,,,,,,,,,,,,,,,COTTONWOOD
2007-08-01,3.6,,,,,,,,,,,,6189,,,,,,,,,,,,,,,,,,,,,,,,,,,,,,,,,,,,,,,,,,,,COTTONWOOD
2007-09-01,4.0,,,,,,,,,,,,6295,,,,,,,,,,,,,,,,,,,,,,,,,,,,,,,,,,,,,,,,,,,,COTTONWOOD
2007-10-01,3.7,,,,,,,,,,,,6292,,,,,,,20.51039697542533,,,,,,,340.0,,,,,,,,,,,,,,,,,,,,,,,,,,,,,,COTTONWOOD
2007-11-01,3.3,,,,,,,,,,,,6249,,,,,,,,,,,,,,,,,,,,,,,,,,,,,,,,,,,,,,,,,,,,COTTONWOOD
2007-12-01,4.4,,,,,,,,,,,,6217,,,,,,,,,,,,,,,,,,,,,,,,,,,,,,,,,,,,,,,,,,,,COTTONWOOD
2008-01-01,4.8,36269.0,40366.0,11.248,2601.0,1313.0,,,424388.0,,,,6136,410.4,10990.0,,,325.1,140.48,19.63249516441006,,,,,,,332.0,11.0,37211.0,43521.0,,1879.0,,,,11.9,1061.0,1564.0,9.7,53.79999995231629,14.2,47.0,,255.0,13.6,196.0,314.0,10.4,682.0,410.0,15.8,321.0,498.0,12.3,16.7,19.1,COTTONWOOD
2008-02-01,4.6,,,,,,,,,,,,6092,,,,,,,,,,,,,,,,,,,,,,,,,,,,,,,,,,,,,,,,,,,,COTTONWOOD
2008-03-01,4.8,,,,,,,,,,,,6161,,,,,,,,,,,,,,,,,,,,,,,,,,,,,,,,,,,,,,,,,,,,COTTONWOOD
2008-04-01,4.3,,,,,,,,,,,,6256,,,,,,,19.545903257650547,,,,,,,336.0,,,,,,,,,,,,,,,,,,,,,,,,,,,,,,COTTONWOOD
2008-05-01,4.6,,,,,,,,,,,,6321,,,,,,,,,,,,,,,,,,,,,,,,,,,,,,,,,,,,,,,,,,,,COTTONWOOD
2008-06-01,9.9,,,,,,,,,,,,6743,,,,,,,,,,,,,,,,,,,,,,,,,,,,,,,,,,,,,,,,,,,,COTTONWOOD
2008-07-01,5.1,,,,,,,,,,,,6215,,,,,,,20.985221674876847,,,,,,,337.0,,,,,,,,,,,,,,,,,,,,,,,,,,,,,,COTTONWOOD
2008-08-01,5.2,,,,,,,,,,,,6117,,,,,,,,,,,,,,,,,,,,,,,,,,,,,,,,,,,,,,,,,,,,COTTONWOOD
2008-09-01,5.2,,,,,,,,,,,,6206,,,,,,,,,,,,,,,,,,,,,,,,,,,,,,,,,,,,,,,,,,,,COTTONWOOD
2008-10-01,4.5,,,,,,,,,,,,6304,,,,,,,22.168441432720233,,,,,,,342.0,,,,,,,,,,,,,,,,,,,,,,,,,,,,,,COTTONWOOD
2008-11-01,4.6,,,,,,,,,,,,6318,,,,,,,,,,,,,,,,,,,,,,,,,,,,,,,,,,,,,,,,,,,,COTTONWOOD
2008-12-01,5.0,,,,,,,,,,,,6603,,,,,,,,,,,,,,,,,,,,,,,,,,,,,,,,,,,,,,,,,,,,COTTONWOOD
2009-01-01,6.8,35205.0,40708.0,11.130999999999998,2709.0,1100.0,43.8413178389972,54.0,409506.0,,2.1834061135371177,,6353,323.4,10816.0,43.1,14.762283668191767,244.1,136.51,21.896383186705766,,,,10342.0,270.0,501.0,330.0,12.0,37395.0,44021.0,29.0,2004.0,84.70640968175705,-10.0,23.851030110935024,10.2,845.0,1355.0,7.8,42.6299999952316,12.5,40.0,25.8,262.0,13.1,198.0,326.0,9.9,824.0,406.0,15.0,311.0,501.0,11.5,16.3,18.5,COTTONWOOD
2009-02-01,6.7,,,,,,,,,,,,6330,,,,,,,,,,,,,,,,,,,,,,,,,,,,,,,,,,,,,,,,,,,,COTTONWOOD
2009-03-01,6.8,,,,,,,,,,,,6450,,,,,,,,,,,,,,,,,,,,,,,,,,,,,,,,,,,,,,,,,,,,COTTONWOOD
2009-04-01,5.5,,,,,,,,,,,,6483,,,,,,,20.73050345508391,,,,,,,334.0,,,,,,,,,,,,,,,,,,,,,,,,,,,,,,COTTONWOOD
2009-05-01,5.4,,,,,,,,,,,,6482,,,,,,,,,,,,,,,,,,,,,,,,,,,,,,,,,,,,,,,,,,,,COTTONWOOD
2009-06-01,10.1,,,,,,,,,,,,6942,,,,,,,,,,,,,,,,,,,,,,,,,,,,,,,,,,,,,,,,,,,,COTTONWOOD
2009-07-01,6.4,,,,,,,,,,,,6576,,,,,,,21.661721068249264,,,,,,,334.0,,,,,,,,,,,,,,,,,,,,,,,,,,,,,,COTTONWOOD
2009-08-01,5.8,,,,,,,,,,,,6447,,,,,,,,,,,,,,,,,,,,,,,,,,,,,,,,,,,,,,,,,,,,COTTONWOOD
2009-09-01,5.3,,,,,,,,,,,,6434,,,,,,,,,,,,,,,,,,,,,,,,,,,,,,,,,,,,,,,,,,,,COTTONWOOD
2009-10-01,5.3,,,,,,,,,,,,6373,,,,,,,21.896383186705766,,,,,,,339.0,,,,,,,,,,,,,,,,,,,,,,,,,,,,,,COTTONWOOD
2009-11-01,5.1,,,,,,,,,,,,6394,,,,,,,,,,,,,,,,,,,,,,,,,,,,,,,,,,,,,,,,,,,,COTTONWOOD
2009-12-01,6.0,,,,,,,,,,,,6462,,,,,,,,,,,,,,,,,,,,,,,,,,,,,,,,,,,,,,,,,,,,COTTONWOOD
2010-01-01,7.3,36717.0,44219.0,11.716,2781.0,1269.0,40.9140856098561,37.0,429556.0,12.119393724516929,2.44299674267101,26.058563303138822,5912,340.0,11490.0,43.6,15.640776699029127,267.0,134.85,21.01010101010101,15.7,,84.9,10547.0,245.0,624.0,341.0,5.0,40954.0,47484.0,68.0,2059.0,84.91837263539777,77.0,28.748068006182386,11.0,993.0,1545.0,8.6,36.939999938011205,13.4,38.0,24.1,275.0,13.4,205.0,345.0,10.0,979.0,432.0,15.5,327.0,537.0,11.7,16.8,19.3,COTTONWOOD
2010-02-01,6.7,,,,,,,,,,,,6179,,,,,,,,,,,,,,,,,,,,,,,,,,,,,,,,,,,,,,,,,,,,COTTONWOOD
2010-03-01,6.7,,,,,,,,,,,,6388,,,,,,,,,,,,,,,,,,,,,,,,,,,,,,,,,,,,,,,,,,,,COTTONWOOD
2010-04-01,5.6,,,,,,,,,,,,6408,,,,,,,21.04208416833667,,,,,,,338.0,,,,,,,,,,,,,,,,,,,,,,,,,,,,,,COTTONWOOD
2010-05-01,5.3,,,,,,,,,,,,6458,,,,,,,,,,,,,,,,,,,,,,,,,,,,,,,,,,,,,,,,,,,,COTTONWOOD
2010-06-01,5.8,,,,,,,,,,,,6272,,,,,,,,,,,,,,,,,,,,,,,,,,,,,,,,,,,,,,,,,,,,COTTONWOOD
2010-07-01,6.5,,,,,,,,,,,,6198,,,,,,,21.54308617234469,,,,,,,343.0,,,,,,,,,,,,,,,,,,,,,,,,,,,,,,COTTONWOOD
2010-08-01,6.1,,,,,,,,,,,,6005,,,,,,,,,,,,,,,,,,,,,,,,,,,,,,,,,,,,,,,,,,,,COTTONWOOD
2010-09-01,5.7,,,,,,,,,,,,6230,,,,,,,,,,,,,,,,,,,,,,,,,,,,,,,,,,,,,,,,,,,,COTTONWOOD
2010-10-01,9.6,,,,,,,,,,,,6256,,,,,,,22.634146341463413,,,,,,,347.0,,,,,,,,,,,,,,,,,,,,,,,,,,,,,,COTTONWOOD
2010-11-01,6.8,,,,,,,,,,,,6180,,,,,,,,,,,,,,,,,,,,,,,,,,,,,,,,,,,,,,,,,,,,COTTONWOOD
2010-12-01,6.1,,,,,,,,,,,,6240,,,,,,,,,,,,,,,,,,,,,,,,,,,,,,,,,,,,,,,,,,,,COTTONWOOD
2011-01-01,6.6,41184.0,44504.0,11.713,2745.0,1347.0,42.229093873346216,61.0,483710.0,9.431677766187915,0.8695652173913043,25.949637217242852,6145,415.6,11485.0,43.6,15.195373250388807,309.6,132.3,21.22093023255814,17.1,,85.0,10479.0,259.0,676.0,340.0,6.0,40539.0,48469.0,43.0,2030.0,84.54127629485593,-76.0,33.35654596100279,11.7,1063.0,1631.0,9.2,39.522999999579,14.2,40.0,26.4,278.0,13.7,202.0,354.0,10.0,1159.0,457.0,16.6,348.0,566.0,12.6,17.4,20.6,COTTONWOOD
2011-02-01,6.3,,,,,,,,,,,,6196,,,,,,,,,,,,,,,,,,,,,,,,,,,,,,,,,,,,,,,,,,,,COTTONWOOD
2011-03-01,6.3,,,,,,,,,,,,6317,,,,,,,,,,,,,,,,,,,,,,,,,,,,,,,,,,,,,,,,,,,,COTTONWOOD
2011-04-01,5.3,,,,,,,,,,,,6251,,,,,,,20.8984375,,,,,,,346.0,,,,,,,,,,,,,,,,,,,,,,,,,,,,,,COTTONWOOD
2011-05-01,5.4,,,,,,,,,,,,6333,,,,,,,,,,,,,,,,,,,,,,,,,,,,,,,,,,,,,,,,,,,,COTTONWOOD
2011-06-01,6.6,,,,,,,,,,,,6272,,,,,,,,,,,,,,,,,,,,,,,,,,,,,,,,,,,,,,,,,,,,COTTONWOOD
2011-07-01,7.4,,,,,,,,,,,,6182,,,,,,,20.662768031189078,,,,,,,346.0,,,,,,,,,,,,,,,,,,,,,,,,,,,,,,COTTONWOOD
2011-08-01,6.7,,,,,,,,,,,,6018,,,,,,,,,,,,,,,,,,,,,,,,,,,,,,,,,,,,,,,,,,,,COTTONWOOD
2011-09-01,6.5,,,,,,,,,,,,5936,,,,,,,,,,,,,,,,,,,,,,,,,,,,,,,,,,,,,,,,,,,,COTTONWOOD
2011-10-01,6.4,,,,,,,,,,,,5916,,,,,,,20.436507936507933,,,,,,,349.0,,,,,,,,,,,,,,,,,,,,,,,,,,,,,,COTTONWOOD
2011-11-01,5.3,,,,,,,,,,,,5964,,,,,,,,,,,,,,,,,,,,,,,,,,,,,,,,,,,,,,,,,,,,COTTONWOOD
2011-12-01,4.9,,,,,,,,,,,,6133,,,,,,,,,,,,,,,,,,,,,,,,,,,,,,,,,,,,,,,,,,,,COTTONWOOD
2012-01-01,5.8,44740.0,44449.0,11.575,2686.0,1363.0,36.85421903169123,63.0,520599.0,11.110653628409677,4.655493482309125,25.68690095846645,5937,312.7,11400.0,43.6,15.423151750972762,247.0,133.16,20.710059171597635,18.3,12.7,85.6,10398.0,271.0,728.0,353.0,9.0,41353.0,47545.0,26.0,1966.0,84.34214014314747,-9.0,24.883359253499226,12.0,1117.0,1609.0,9.8,26.387999999802602,14.2,55.0,27.7,289.0,14.7,221.0,357.0,11.3,1179.0,450.0,16.8,352.0,548.0,13.1,18.1,20.5,COTTONWOOD
2012-02-01,6.2,,,,,,,,,,,,5983,,,,,,,,,,,,,,,,,,,,,,,,,,,,,,,,,,,,,,,,,,,,COTTONWOOD
2012-03-01,6.3,,,,,,,,,,,,6064,,,,,,,,,,,,,,,,,,,,,,,,,,,,,,,,,,,,,,,,,,,,COTTONWOOD
2012-04-01,4.9,,,,,,,,,,,,6028,,,,,,,19.524281466798808,,,,,,,352.0,,,,,,,,,,,,,,,,,,,,,,,,,,,,,,COTTONWOOD
2012-05-01,4.7,,,,,,,,,,,,6190,,,,,,,,,,,,,,,,,,,,,,,,,,,,,,,,,,,,,,,,,,,,COTTONWOOD
2012-06-01,6.2,,,,,,,,,,,,6111,,,,,,,,,,,,,,,,,,,,,,,,,,,,,,,,,,,,,,,,,,,,COTTONWOOD
2012-07-01,10.4,,,,,,,,,,,,6000,,,,,,,19.3158953722334,,,,,,,356.0,,,,,,,,,,,,,,,,,,,,,,,,,,,,,,COTTONWOOD
2012-08-01,6.6,,,,,,,,,,,,5827,,,,,,,,,,,,,,,,,,,,,,,,,,,,,,,,,,,,,,,,,,,,COTTONWOOD
2012-09-01,6.3,,,,,,,,,,,,5775,,,,,,,,,,,,,,,,,,,,,,,,,,,,,,,,,,,,,,,,,,,,COTTONWOOD
2012-10-01,10.4,,,,,,,,,,,,5638,,,,,,,19.97971602434077,,,,,,,355.0,,,,,,,,,,,,,,,,,,,,,,,,,,,,,,COTTONWOOD
2012-11-01,5.4,,,,,,,,,,,,5842,,,,,,,,,,,,,,,,,,,,,,,,,,,,,,,,,,,,,,,,,,,,COTTONWOOD
2012-12-01,5.0,,,,,,,,,,,,5964,,,,,,,,,,,,,,,,,,,,,,,,,,,,,,,,,,,,,,,,,,,,COTTONWOOD
2013-01-01,6.2,46930.0,45453.0,11.556,2658.0,1653.0,32.6911187597514,61.0,545232.0,11.784882169853267,3.7478705281090288,25.04302925989673,5847,429.6,11403.0,44.4,15.905875417567303,318.8,137.85,19.77687626774848,17.2,13.7,88.4,10327.0,402.0,551.0,353.0,8.0,41144.0,49762.0,42.0,1923.0,82.12334801762114,46.0,28.808208366219414,14.5,1379.0,1927.0,12.1,43.238999999593894,16.9,47.0,27.700000000000006,337.0,17.5,258.0,416.0,13.4,1155.0,505.0,19.0,402.0,608.0,15.1,21.6,22.9,COTTONWOOD
2013-02-01,5.7,,,,,,,,,,,,5757,,,,,,,,,,,,,,,,,,,,,,,,,,,,,,,,,,,,,,,,,,,,COTTONWOOD
2013-03-01,5.7,,,,,,,,,,,,5787,,,,,,,,,,,,,,,,,,,,,,,,,,,,,,,,,,,,,,,,,,,,COTTONWOOD
2013-04-01,5.0,,,,,,,,,,,,5740,,,,,,,19.23454367026497,,,,,,,355.0,,,,,,,,,,,,,,,,,,,,,,,,,,,,,,COTTONWOOD
2013-05-01,4.7,,,,,,,,,,,,5823,,,,,,,,,,,,,,,,,,,,,,,,,,,,,,,,,,,,,,,,,,,,COTTONWOOD
2013-06-01,5.3,,,,,,,,,,,,5914,,,,,,,,,,,,,,,,,,,,,,,,,,,,,,,,,,,,,,,,,,,,COTTONWOOD
2013-07-01,10.7,,,,,,,,,,,,5711,,,,,,,21.173235563703024,,,,,,,360.0,,,,,,,,,,,,,,,,,,,,,,,,,,,,,,COTTONWOOD
2013-08-01,4.6,,,,,,,,,,,,5801,,,,,,,,,,,,,,,,,,,,,,,,,,,,,,,,,,,,,,,,,,,,COTTONWOOD
2013-09-01,4.1,,,,,,,,,,,,5688,,,,,,,,,,,,,,,,,,,,,,,,,,,,,,,,,,,,,,,,,,,,COTTONWOOD
2013-10-01,9.6,,,,,,,,,,,,5497,,,,,,,21.64383561643836,,,,,,,351.0,,,,,,,,,,,,,,,,,,,,,,,,,,,,,,COTTONWOOD
2013-11-01,4.0,,,,,,,,,,,,5725,,,,,,,,,,,,,,,,,,,,,,,,,,,,,,,,,,,,,,,,,,,,COTTONWOOD
2013-12-01,4.2,,,,,,,,,,,,5777,,,,,,,,,,,,,,,,,,,,,,,,,,,,,,,,,,,,,,,,,,,,COTTONWOOD
2014-01-01,5.4,43418.0,48176.0,11.507,2718.0,1473.0,19.128254932578365,65.0,501735.0,11.892029539088364,6.70391061452514,24.56066059707813,5580,354.0,11426.0,43.8,16.072564612326044,276.9,134.22,19.982078853046595,17.0,16.2,88.6,10282.0,257.0,799.0,346.0,11.0,44190.0,52162.0,50.0,1938.0,78.95245627911062,408.0,27.445034116755124,12.9,1198.0,1748.0,10.5,36.048999999649794,15.3,45.0,27.6,344.0,17.8,268.0,420.0,13.9,1105.0,513.0,18.9,403.0,623.0,14.9,21.7,22.9,COTTONWOOD
2014-02-01,5.4,,,,,,,,,,,,5574,,,,,,,,,,,,,,,,,,,,,,,,,,,,,,,,,,,,,,,,,,,,COTTONWOOD
2014-03-01,5.2,,,,,,,,,,,,5607,,,,,,,,,,,,,,,,,,,,,,,,,,,,,,,,,,,,,,,,,,,,COTTONWOOD
2014-04-01,4.2,,,,,,,,,,,,5541,,,,,,,19.87410071942446,,,,,,,352.0,,,,,,,,,,,,,,,,,,,,,,,,,,,,,,COTTONWOOD
2014-05-01,4.0,,,,,,,,,,,,5488,,,,,,,,,,,,,,,,,,,,,,,,,,,,,,,,,,,,,,,,,,,,COTTONWOOD
2014-06-01,8.3,,,,,,,,,,,,5447,,,,,,,,,,,,,,,,,,,,,,,,,,,,,,,,,,,,,,,,,,,,COTTONWOOD
2014-07-01,5.2,,,,,,,,,,,,5666,,,,,,,20.283436669619128,,,,,,,358.0,,,,,,,,,,,,,,,,,,,,,,,,,,,,,,COTTONWOOD
2014-08-01,4.0,,,,,,,,,,,,5618,,,,,,,,,,,,,,,,,,,,,,,,,,,,,,,,,,,,,,,,,,,,COTTONWOOD
2014-09-01,4.4,,,,,,,,,,,,5549,,,,,,,,,,,,,,,,,,,,,,,,,,,,,,,,,,,,,,,,,,,,COTTONWOOD
2014-10-01,9.1,,,,,,,,,,,,5524,,,,,,,21.769911504424783,,,,,,,358.0,,,,,,,,,,,,,,,,,,,,,,,,,,,,,,COTTONWOOD
2014-11-01,3.4,,,,,,,,,,,,5632,,,,,,,,,,,,,,,,,,,,,,,,,,,,,,,,,,,,,,,,,,,,COTTONWOOD
2014-12-01,4.1,,,,,,,,,,,,5733,,,,,,,,,,,,,,,,,,,,,,,,,,,,,,,,,,,,,,,,,,,,COTTONWOOD
2015-01-01,4.6,45215.0,49448.0,11.43,2724.0,1554.0,24.09704839271837,65.0,520157.0,11.866856711662614,6.191369606003753,23.290920854000436,5738,473.7,11343.0,42.8,17.267194157029824,359.6,147.6,19.746376811594203,18.5,16.8,89.4,10196.0,318.0,818.0,350.0,9.0,45184.0,53712.0,58.0,1947.0,78.69718309859155,477.0,25.163398692810453,13.7,1303.0,1805.0,11.5,41.142999999690794,15.9,24.0,29.0,337.0,17.3,264.0,410.0,13.6,1027.0,521.0,19.1,423.0,619.0,15.5,21.0,22.7,COTTONWOOD
2015-02-01,4.4,,,,,,,,,,,,5662,,,,,,,,,,,,,,,,,,,,,,,,,,,,,,,,,,,,,,,,,,,,COTTONWOOD
2015-03-01,4.4,,,,,,,,,,,,5903,,,,,,,,,,,,,,,,,,,,,,,,,,,,,,,,,,,,,,,,,,,,COTTONWOOD
2015-04-01,3.6,,,,,,,,,,,,5778,,,,,,,19.576719576719576,,,,,,,348.0,,,,,,,,,,,,,,,,,,,,,,,,,,,,,,COTTONWOOD
2015-05-01,3.9,,,,,,,,,,,,5762,,,,,,,,,,,,,,,,,,,,,,,,,,,,,,,,,,,,,,,,,,,,COTTONWOOD
2015-06-01,5.1,,,,,,,,,,,,5914,,,,,,,,,,,,,,,,,,,,,,,,,,,,,,,,,,,,,,,,,,,,COTTONWOOD
2015-07-01,4.3,,,,,,,,,,,,5728,,,,,,,20.206362854686155,,,,,,,348.0,,,,,,,,,,,,,,,,,,,,,,,,,,,,,,COTTONWOOD
2015-08-01,4.6,,,,,,,,,,,,5600,,,,,,,,,,,,,,,,,,,,,,,,,,,,,,,,,,,,,,,,,,,,COTTONWOOD
2015-09-01,5.2,,,,,,,,,,,,5750,,,,,,,,,,,,,,,,,,,,,,,,,,,,,,,,,,,,,,,,,,,,COTTONWOOD
2015-10-01,5.9,,,,,,,,,,,,5959,,,,,,,20.33014769765421,,,,,,,351.0,,,,,,,,,,,,,,,,,,,,,,,,,,,,,,COTTONWOOD
2015-11-01,4.3,,,,,,,,,,,,5783,,,,,,,,,,,,,,,,,,,,,,,,,,,,,,,,,,,,,,,,,,,,COTTONWOOD
2015-12-01,6.5,,,,,,,,,,,,5878,,,,,,,,,,,,,,,,,,,,,,,,,,,,,,,,,,,,,,,,,,,,COTTONWOOD
2016-01-01,5.9,43205.0,47437.0,11.395999999999999,2717.0,1346.0,24.17708988268029,63.0,495567.0,13.033029310192154,5.313092979127135,22.36476373743853,5702,356.0,11259.0,43.2,16.821689683184402,244.5,149.77,18.664383561643838,19.9,16.0,89.9,10136.0,331.0,786.0,336.0,19.0,42738.0,52136.0,52.0,1902.0,78.6747094828351,,29.47103274559194,12.0,1097.0,1595.0,9.8,,14.2,17.0,29.5,289.0,15.2,214.0,364.0,11.3,,433.0,15.9,330.0,536.0,12.1,19.1,19.7,COTTONWOOD
2016-02-01,6.1,,,,,,,,,,,,5536,,,,,,,,,,,,,,,,,,,,,,,,,,,,,,,,,,,,,,,,,,,,COTTONWOOD
2016-03-01,5.9,,,,,,,,,,,,5654,,,,,,,,,,,,,,,,,,,,,,,,,,,,,,,,,,,,,,,,,,,,COTTONWOOD
2016-04-01,4.5,,,,,,,,,,,,5569,,,,,,,16.782006920415224,,,,,,,338.0,,,,,,,,,,,,,,,,,,,,,,,,,,,,,,COTTONWOOD
2016-05-01,5.3,,,,,,,,,,,,5556,,,,,,,,,,,,,,,,,,,,,,,,,,,,,,,,,,,,,,,,,,,,COTTONWOOD
2016-06-01,7.7,,,,,,,,,,,,5712,,,,,,,,,,,,,,,,,,,,,,,,,,,,,,,,,,,,,,,,,,,,COTTONWOOD
2016-07-01,12.7,,,,,,,,,,,,5407,,,,,,,17.304347826086953,,,,,,,338.0,,,,,,,,,,,,,,,,,,,,,,,,,,,,,,COTTONWOOD
2016-08-01,8.6,,,,,,,,,,,,5405,,,,,,,,,,,,,,,,,,,,,,,,,,,,,,,,,,,,,,,,,,,,COTTONWOOD
2016-09-01,8.8,,,,,,,,,,,,5369,,,,,,,,,,,,,,,,,,,,,,,,,,,,,,,,,,,,,,,,,,,,COTTONWOOD
2016-10-01,10.9,,,,,,,,,,,,5546,,,,,,,17.368873602751506,,,,,,,341.0,,,,,,,,,,,,,,,,,,,,,,,,,,,,,,COTTONWOOD
2016-11-01,5.2,,,,,,,,,,,,5624,,,,,,,,,,,,,,,,,,,,,,,,,,,,,,,,,,,,,,,,,,,,COTTONWOOD
2016-12-01,5.2,,,,,,,,,,,,5596,,,,,,,,,,,,,,,,,,,,,,,,,,,,,,,,,,,,,,,,,,,,COTTONWOOD
2017-01-01,5.7,,,11.295,,,,,,,,,5641,,,,,,151.88,17.88756388415673,,,,,,,338.0,8.0,,,,,,,,,,,,,,44.0,,,,,,,,,,,,,,,COTTONWOOD
2017-02-01,5.1,,,,,,,,,,,,5496,,,,,,,,,,,,,,,,,,,,,,,,,,,,,,,,,,,,,,,,,,,,COTTONWOOD
2017-03-01,4.8,,,,,,,,,,,,5600,,,,,,,,,,,,,,,,,,,,,,,,,,,,,,,,,,,,,,,,,,,,COTTONWOOD
2017-04-01,4.1,,,,,,,,,,,,5632,,,,,,,16.265060240963855,,,,,,,341.0,,,,,,,,,,,,,,,,,,,,,,,,,,,,,,COTTONWOOD
2017-05-01,3.6,,,,,,,,,,,,5817,,,,,,,,,,,,,,,,,,,,,,,,,,,,,,,,,,,,,,,,,,,,COTTONWOOD
2017-06-01,4.1,,,,,,,,,,,,5910,,,,,,,,,,,,,,,,,,,,,,,,,,,,,,,,,,,,,,,,,,,,COTTONWOOD
2017-07-01,4.9,,,,,,,,,,,,5756,,,,,,,16.93262411347518,,,,,,,347.0,,,,,,,,,,,,,,,,,,,,,,,,,,,,,,COTTONWOOD
2017-08-01,11.4,,,,,,,,,,,,5635,,,,,,,,,,,,,,,,,,,,,,,,,,,,,,,,,,,,,,,,,,,,COTTONWOOD
2017-09-01,9.5,,,,,,,,,,,,5662,,,,,,,,,,,,,,,,,,,,,,,,,,,,,,,,,,,,,,,,,,,,COTTONWOOD
2017-10-01,3.8,,,,,,,,,,,,5558,,,,,,,18.805704099821746,,,,,,,350.0,,,,,,,,,,,,,,,,,,,,,,,,,,,,,,COTTONWOOD
2017-11-01,3.5,,,,,,,,,,,,5476,,,,,,,,,,,,,,,,,,,,,,,,,,,,,,,,,,,,,,,,,,,,COTTONWOOD
2017-12-01,3.8,,,,,,,,,,,,5455,,,,,,,,,,,,,,,,,,,,,,,,,,,,,,,,,,,,,,,,,,,,COTTONWOOD
2018-01-01,4.8,,,,,,,,,,,,5395,,,,,,,17.515638963360146,,,,,,,349.0,,,,,,,,,,,,,,,,,,,,,,,,,,,,,,COTTONWOOD
2018-02-01,4.6,,,,,,,,,,,,5413,,,,,,,,,,,,,,,,,,,,,,,,,,,,,,,,,,,,,,,,,,,,COTTONWOOD
2018-03-01,4.3,,,,,,,,,,,,5463,,,,,,,,,,,,,,,,,,,,,,,,,,,,,,,,,,,,,,,,,,,,COTTONWOOD
2018-04-01,3.7,,,,,,,,,,,,5494,,,,,,,17.348754448398573,,,,,,,,,,,,,,,,,,,,,,,,,,,,,,,,,,,,,COTTONWOOD
2018-05-01,2.7,,,,,,,,,,,,5585,,,,,,,,,,,,,,,,,,,,,,,,,,,,,,,,,,,,,,,,,,,,COTTONWOOD
2018-06-01,3.8,,,,,,,,,,,,5563,,,,,,,,,,,,,,,,,,,,,,,,,,,,,,,,,,,,,,,,,,,,COTTONWOOD
2018-07-01,5.5,,,,,,,,,,,,5508,,,,,,,,,,,,,,,,,,,,,,,,,,,,,,,,,,,,,,,,,,,,COTTONWOOD
2018-08-01,6.1,,,,,,,,,,,,5237,,,,,,,,,,,,,,,,,,,,,,,,,,,,,,,,,,,,,,,,,,,,COTTONWOOD
