DATE,MNDODG9URN,S1701ACS027039,MHIMN27039A052NCEN,MNDODG9POP,PCPI27039,RACEDISPARITY027039,CBR27039MNA647NCEN,CDC20N2U027039,S1101SPHOUSE027039,PPU18MN27039A156NCEN,NETMIGNACS027039,PUAAMN27039A647NCEN,B03002005E027039,PUA0T17MN27039A647NCEN,PUA5T17RMN27039A647NCEN,MHICILBMN27039A052NCEN,MHICIUBMN27039A052NCEN,B01002001E027039,2020RATIO027039,EQFXSUBPRIME027039,B03002003E027039,PI27039,USPTOISSUED027039,MNDODG9LFN,ENU2703920510,ATNHPIUS27039A,BPPRIV027039,B03002012E027039,PEAAMN27039A647NCEN,PPAAMN27039A156NCEN,PECILBAAMN27039A647NCEN,PECIUBAAMN27039A647NCEN,PPCILBAAMN27039A156NCEN,B03002006E027039,FBITC027039,DP04ACS027039,PPCIUBAAMN27039A156NCEN,B14005DCYACS027039,B03002004E027039,HC01ESTVC1727039,HC01ESTVC1627039,HOWNRATEACS027039,DMPCRATE027039,CDC20N2UAA027039,B080ACS027039,S1501ACSTOTAL027039,PEU18MN27039A647NCEN,PECILBU18MN27039A647NCEN,PECIUBU18MN27039A647NCEN,PPCILBU18MN27039A156NCEN,PE5T17MN27039A647NCEN,PP5T17MN27039A156NCEN,PECILB5T17MN27039A647NCEN,PECIUB5T17MN27039A647NCEN,PPCILB5T17MN27039A156NCEN,PPCIUBU18MN27039A156NCEN,PPCIUB5T17MN27039A156NCEN,county
1991-01-01,8.9,,,15.998,16940.0,,,,,,,,,,,,,,,,,271005.0,,8096.0,317.0,64.17,66.0,,,,,,,,,,,,,,,,,,,,,,,,,,,,,,,DODGE
1991-02-01,9.1,,,,,,,,,,,,,,,,,,,,,,,8013.0,,,,,,,,,,,,,,,,,,,,,,,,,,,,,,,,,,DODGE
1991-03-01,8.9,,,,,,,,,,,,,,,,,,,,,,,8036.0,,,,,,,,,,,,,,,,,,,,,,,,,,,,,,,,,,DODGE
1991-04-01,6.6,,,,,,,,,,,,,,,,,,,,,,,8249.0,319.0,,,,,,,,,,,,,,,,,,,,,,,,,,,,,,,,,DODGE
1991-05-01,5.0,,,,,,,,,,,,,,,,,,,,,,,8102.0,,,,,,,,,,,,,,,,,,,,,,,,,,,,,,,,,,DODGE
1991-06-01,5.3,,,,,,,,,,,,,,,,,,,,,,,8142.0,,,,,,,,,,,,,,,,,,,,,,,,,,,,,,,,,,DODGE
1991-07-01,4.5,,,,,,,,,,,,,,,,,,,,,,,7819.0,317.0,,,,,,,,,,,,,,,,,,,,,,,,,,,,,,,,,DODGE
1991-08-01,4.5,,,,,,,,,,,,,,,,,,,,,,,7703.0,,,,,,,,,,,,,,,,,,,,,,,,,,,,,,,,,,DODGE
1991-09-01,5.5,,,,,,,,,,,,,,,,,,,,,,,7986.0,,,,,,,,,,,,,,,,,,,,,,,,,,,,,,,,,,DODGE
1991-10-01,4.5,,,,,,,,,,,,,,,,,,,,,,,8124.0,317.0,,,,,,,,,,,,,,,,,,,,,,,,,,,,,,,,,DODGE
1991-11-01,4.4,,,,,,,,,,,,,,,,,,,,,,,8008.0,,,,,,,,,,,,,,,,,,,,,,,,,,,,,,,,,,DODGE
1991-12-01,6.0,,,,,,,,,,,,,,,,,,,,,,,8004.0,,,,,,,,,,,,,,,,,,,,,,,,,,,,,,,,,,DODGE
1992-01-01,8.3,,,16.206,17515.0,,,,,,,,,,,,,,,,,283848.0,,8345.0,309.0,66.37,109.0,,,,,,,,,,,,,,,,,,,,,,,,,,,,,,,DODGE
1992-02-01,8.3,,,,,,,,,,,,,,,,,,,,,,,8220.0,,,,,,,,,,,,,,,,,,,,,,,,,,,,,,,,,,DODGE
1992-03-01,8.0,,,,,,,,,,,,,,,,,,,,,,,8418.0,,,,,,,,,,,,,,,,,,,,,,,,,,,,,,,,,,DODGE
1992-04-01,5.8,,,,,,,,,,,,,,,,,,,,,,,8500.0,314.0,,,,,,,,,,,,,,,,,,,,,,,,,,,,,,,,,DODGE
1992-05-01,4.7,,,,,,,,,,,,,,,,,,,,,,,8678.0,,,,,,,,,,,,,,,,,,,,,,,,,,,,,,,,,,DODGE
1992-06-01,5.9,,,,,,,,,,,,,,,,,,,,,,,8685.0,,,,,,,,,,,,,,,,,,,,,,,,,,,,,,,,,,DODGE
1992-07-01,4.8,,,,,,,,,,,,,,,,,,,,,,,7871.0,318.0,,,,,,,,,,,,,,,,,,,,,,,,,,,,,,,,,DODGE
1992-08-01,4.7,,,,,,,,,,,,,,,,,,,,,,,8009.0,,,,,,,,,,,,,,,,,,,,,,,,,,,,,,,,,,DODGE
1992-09-01,4.9,,,,,,,,,,,,,,,,,,,,,,,8613.0,,,,,,,,,,,,,,,,,,,,,,,,,,,,,,,,,,DODGE
1992-10-01,3.9,,,,,,,,,,,,,,,,,,,,,,,8297.0,319.0,,,,,,,,,,,,,,,,,,,,,,,,,,,,,,,,,DODGE
1992-11-01,4.7,,,,,,,,,,,,,,,,,,,,,,,8386.0,,,,,,,,,,,,,,,,,,,,,,,,,,,,,,,,,,DODGE
1992-12-01,6.4,,,,,,,,,,,,,,,,,,,,,,,8336.0,,,,,,,,,,,,,,,,,,,,,,,,,,,,,,,,,,DODGE
1993-01-01,8.9,,35510.0,16.435,17052.0,,1006.0,,,10.2,,,,,,33231.0,37777.0,,,,,280256.0,,8314.0,318.0,69.27,83.0,,1480.0,8.8,1167.0,1793.0,7.0,,,,10.7,,,,,,,,,,548.0,423.0,673.0,7.9,352.0,8.8,264.0,440.0,6.6,12.6,11.1,DODGE
1993-02-01,8.9,,,,,,,,,,,,,,,,,,,,,,,8213.0,,,,,,,,,,,,,,,,,,,,,,,,,,,,,,,,,,DODGE
1993-03-01,8.6,,,,,,,,,,,,,,,,,,,,,,,8432.0,,,,,,,,,,,,,,,,,,,,,,,,,,,,,,,,,,DODGE
1993-04-01,7.0,,,,,,,,,,,,,,,,,,,,,,,8670.0,316.0,,,,,,,,,,,,,,,,,,,,,,,,,,,,,,,,,DODGE
1993-05-01,6.0,,,,,,,,,,,,,,,,,,,,,,,9023.0,,,,,,,,,,,,,,,,,,,,,,,,,,,,,,,,,,DODGE
1993-06-01,6.5,,,,,,,,,,,,,,,,,,,,,,,9244.0,,,,,,,,,,,,,,,,,,,,,,,,,,,,,,,,,,DODGE
1993-07-01,5.1,,,,,,,,,,,,,,,,,,,,,,,8483.0,318.0,,,,,,,,,,,,,,,,,,,,,,,,,,,,,,,,,DODGE
1993-08-01,4.6,,,,,,,,,,,,,,,,,,,,,,,8304.0,,,,,,,,,,,,,,,,,,,,,,,,,,,,,,,,,,DODGE
1993-09-01,4.7,,,,,,,,,,,,,,,,,,,,,,,8622.0,,,,,,,,,,,,,,,,,,,,,,,,,,,,,,,,,,DODGE
1993-10-01,5.0,,,,,,,,,,,,,,,,,,,,,,,8913.0,320.0,,,,,,,,,,,,,,,,,,,,,,,,,,,,,,,,,DODGE
1993-11-01,5.3,,,,,,,,,,,,,,,,,,,,,,,8801.0,,,,,,,,,,,,,,,,,,,,,,,,,,,,,,,,,,DODGE
1993-12-01,6.1,,,,,,,,,,,,,,,,,,,,,,,8756.0,,,,,,,,,,,,,,,,,,,,,,,,,,,,,,,,,,DODGE
1994-01-01,9.3,,,16.541,19295.0,,,,,,,,,,,,,,,,,319161.0,,8928.0,321.0,70.35,85.0,,,,,,,,,,,,,,,,,,,,,,,,,,,,,,,DODGE
1994-02-01,8.0,,,,,,,,,,,,,,,,,,,,,,,8988.0,,,,,,,,,,,,,,,,,,,,,,,,,,,,,,,,,,DODGE
1994-03-01,8.0,,,,,,,,,,,,,,,,,,,,,,,9064.0,,,,,,,,,,,,,,,,,,,,,,,,,,,,,,,,,,DODGE
1994-04-01,6.6,,,,,,,,,,,,,,,,,,,,,,,9295.0,318.0,,,,,,,,,,,,,,,,,,,,,,,,,,,,,,,,,DODGE
1994-05-01,4.8,,,,,,,,,,,,,,,,,,,,,,,9357.0,,,,,,,,,,,,,,,,,,,,,,,,,,,,,,,,,,DODGE
1994-06-01,5.0,,,,,,,,,,,,,,,,,,,,,,,9225.0,,,,,,,,,,,,,,,,,,,,,,,,,,,,,,,,,,DODGE
1994-07-01,5.1,,,,,,,,,,,,,,,,,,,,,,,8295.0,322.0,,,,,,,,,,,,,,,,,,,,,,,,,,,,,,,,,DODGE
1994-08-01,4.9,,,,,,,,,,,,,,,,,,,,,,,8459.0,,,,,,,,,,,,,,,,,,,,,,,,,,,,,,,,,,DODGE
1994-09-01,4.7,,,,,,,,,,,,,,,,,,,,,,,9075.0,,,,,,,,,,,,,,,,,,,,,,,,,,,,,,,,,,DODGE
1994-10-01,4.4,,,,,,,,,,,,,,,,,,,,,,,9140.0,319.0,,,,,,,,,,,,,,,,,,,,,,,,,,,,,,,,,DODGE
1994-11-01,4.4,,,,,,,,,,,,,,,,,,,,,,,9182.0,,,,,,,,,,,,,,,,,,,,,,,,,,,,,,,,,,DODGE
1994-12-01,5.6,,,,,,,,,,,,,,,,,,,,,,,8945.0,,,,,,,,,,,,,,,,,,,,,,,,,,,,,,,,,,DODGE
1995-01-01,8.1,,38669.0,16.679000000000002,19208.0,,880.0,,,7.9,,,,,,35544.0,41777.0,,,,,320364.0,,9180.0,319.0,74.77,68.0,,1172.0,6.9,926.0,1418.0,5.5,,,,8.4,,,,,,,,,,423.0,328.0,519.0,6.1,280.0,7.0,216.0,344.0,5.4,9.7,8.6,DODGE
1995-02-01,7.4,,,,,,,,,,,,,,,,,,,,,,,9221.0,,,,,,,,,,,,,,,,,,,,,,,,,,,,,,,,,,DODGE
1995-03-01,7.1,,,,,,,,,,,,,,,,,,,,,,,9216.0,,,,,,,,,,,,,,,,,,,,,,,,,,,,,,,,,,DODGE
1995-04-01,6.3,,,,,,,,,,,,,,,,,,,,,,,9487.0,318.0,,,,,,,,,,,,,,,,,,,,,,,,,,,,,,,,,DODGE
1995-05-01,4.6,,,,,,,,,,,,,,,,,,,,,,,9392.0,,,,,,,,,,,,,,,,,,,,,,,,,,,,,,,,,,DODGE
1995-06-01,4.7,,,,,,,,,,,,,,,,,,,,,,,9588.0,,,,,,,,,,,,,,,,,,,,,,,,,,,,,,,,,,DODGE
1995-07-01,4.5,,,,,,,,,,,,,,,,,,,,,,,8742.0,312.0,,,,,,,,,,,,,,,,,,,,,,,,,,,,,,,,,DODGE
1995-08-01,4.4,,,,,,,,,,,,,,,,,,,,,,,8618.0,,,,,,,,,,,,,,,,,,,,,,,,,,,,,,,,,,DODGE
1995-09-01,4.8,,,,,,,,,,,,,,,,,,,,,,,8620.0,,,,,,,,,,,,,,,,,,,,,,,,,,,,,,,,,,DODGE
1995-10-01,4.1,,,,,,,,,,,,,,,,,,,,,,,8834.0,331.0,,,,,,,,,,,,,,,,,,,,,,,,,,,,,,,,,DODGE
1995-11-01,3.9,,,,,,,,,,,,,,,,,,,,,,,8800.0,,,,,,,,,,,,,,,,,,,,,,,,,,,,,,,,,,DODGE
1995-12-01,5.3,,,,,,,,,,,,,,,,,,,,,,,8720.0,,,,,,,,,,,,,,,,,,,,,,,,,,,,,,,,,,DODGE
1996-01-01,7.5,,,16.801,21196.0,,,,,,,,,,,,,,,,,356122.0,,8856.0,330.0,78.39,68.0,,,,,,,,,,,,,,,,,,,,,,,,,,,,,,,DODGE
1996-02-01,7.3,,,,,,,,,,,,,,,,,,,,,,,8855.0,,,,,,,,,,,,,,,,,,,,,,,,,,,,,,,,,,DODGE
1996-03-01,7.8,,,,,,,,,,,,,,,,,,,,,,,9009.0,,,,,,,,,,,,,,,,,,,,,,,,,,,,,,,,,,DODGE
1996-04-01,6.7,,,,,,,,,,,,,,,,,,,,,,,9223.0,335.0,,,,,,,,,,,,,,,,,,,,,,,,,,,,,,,,,DODGE
1996-05-01,4.9,,,,,,,,,,,,,,,,,,,,,,,9094.0,,,,,,,,,,,,,,,,,,,,,,,,,,,,,,,,,,DODGE
1996-06-01,5.1,,,,,,,,,,,,,,,,,,,,,,,9300.0,,,,,,,,,,,,,,,,,,,,,,,,,,,,,,,,,,DODGE
1996-07-01,5.1,,,,,,,,,,,,,,,,,,,,,,,8422.0,336.0,,,,,,,,,,,,,,,,,,,,,,,,,,,,,,,,,DODGE
1996-08-01,4.6,,,,,,,,,,,,,,,,,,,,,,,8580.0,,,,,,,,,,,,,,,,,,,,,,,,,,,,,,,,,,DODGE
1996-09-01,4.9,,,,,,,,,,,,,,,,,,,,,,,9205.0,,,,,,,,,,,,,,,,,,,,,,,,,,,,,,,,,,DODGE
1996-10-01,3.9,,,,,,,,,,,,,,,,,,,,,,,8914.0,340.0,,,,,,,,,,,,,,,,,,,,,,,,,,,,,,,,,DODGE
1996-11-01,4.7,,,,,,,,,,,,,,,,,,,,,,,8794.0,,,,,,,,,,,,,,,,,,,,,,,,,,,,,,,,,,DODGE
1996-12-01,5.1,,,,,,,,,,,,,,,,,,,,,,,8732.0,,,,,,,,,,,,,,,,,,,,,,,,,,,,,,,,,,DODGE
1997-01-01,7.7,,42511.0,17.047,22076.0,,552.0,,,8.9,,,,,,39365.0,45641.0,,,,,376324.0,,8775.0,339.0,83.14,84.0,,1196.0,6.9,921.0,1471.0,5.3,,,,8.5,,,,,,,,,,489.0,363.0,616.0,6.6,336.0,8.4,238.0,434.0,5.9,11.2,10.8,DODGE
1997-02-01,6.4,,,,,,,,,,,,,,,,,,,,,,,8674.0,,,,,,,,,,,,,,,,,,,,,,,,,,,,,,,,,,DODGE
1997-03-01,6.2,,,,,,,,,,,,,,,,,,,,,,,8761.0,,,,,,,,,,,,,,,,,,,,,,,,,,,,,,,,,,DODGE
1997-04-01,5.1,,,,,,,,,,,,,,,,,,,,,,,9038.0,351.0,,,,,,,,,,,,,,,,,,,,,,,,,,,,,,,,,DODGE
1997-05-01,3.3,,,,,,,,,,,,,,,,,,,,,,,9002.0,,,,,,,,,,,,,,,,,,,,,,,,,,,,,,,,,,DODGE
1997-06-01,3.8,,,,,,,,,,,,,,,,,,,,,,,8900.0,,,,,,,,,,,,,,,,,,,,,,,,,,,,,,,,,,DODGE
1997-07-01,3.4,,,,,,,,,,,,,,,,,,,,,,,8438.0,368.0,,,,,,,,,,,,,,,,,,,,,,,,,,,,,,,,,DODGE
1997-08-01,3.0,,,,,,,,,,,,,,,,,,,,,,,8783.0,,,,,,,,,,,,,,,,,,,,,,,,,,,,,,,,,,DODGE
1997-09-01,3.1,,,,,,,,,,,,,,,,,,,,,,,9337.0,,,,,,,,,,,,,,,,,,,,,,,,,,,,,,,,,,DODGE
1997-10-01,2.9,,,,,,,,,,,,,,,,,,,,,,,9248.0,366.0,,,,,,,,,,,,,,,,,,,,,,,,,,,,,,,,,DODGE
1997-11-01,2.9,,,,,,,,,,,,,,,,,,,,,,,9161.0,,,,,,,,,,,,,,,,,,,,,,,,,,,,,,,,,,DODGE
1997-12-01,3.8,,,,,,,,,,,,,,,,,,,,,,,9143.0,,,,,,,,,,,,,,,,,,,,,,,,,,,,,,,,,,DODGE
1998-01-01,5.6,,46218.0,17.146,24229.0,,472.0,,,9.4,,17503.0,,5515.0,4109.0,43093.0,49327.0,,,,,415428.0,,9034.0,361.0,86.39,106.0,,1200.0,6.9,919.0,1482.0,5.3,,,,8.5,,,,,,,,,,517.0,368.0,666.0,6.7,322.0,7.8,211.0,433.0,5.1,12.1,10.5,DODGE
1998-02-01,5.2,,,,,,,,,,,,,,,,,,,,,,,9011.0,,,,,,,,,,,,,,,,,,,,,,,,,,,,,,,,,,DODGE
1998-03-01,5.7,,,,,,,,,,,,,,,,,,,,,,,8984.0,,,,,,,,,,,,,,,,,,,,,,,,,,,,,,,,,,DODGE
1998-04-01,3.6,,,,,,,,,,,,,,,,,,,,,,,8984.0,367.0,,,,,,,,,,,,,,,,,,,,,,,,,,,,,,,,,DODGE
1998-05-01,2.8,,,,,,,,,,,,,,,,,,,,,,,9039.0,,,,,,,,,,,,,,,,,,,,,,,,,,,,,,,,,,DODGE
1998-06-01,3.2,,,,,,,,,,,,,,,,,,,,,,,9150.0,,,,,,,,,,,,,,,,,,,,,,,,,,,,,,,,,,DODGE
1998-07-01,2.8,,,,,,,,,,,,,,,,,,,,,,,8575.0,367.0,,,,,,,,,,,,,,,,,,,,,,,,,,,,,,,,,DODGE
1998-08-01,2.4,,,,,,,,,,,,,,,,,,,,,,,8619.0,,,,,,,,,,,,,,,,,,,,,,,,,,,,,,,,,,DODGE
1998-09-01,2.4,,,,,,,,,,,,,,,,,,,,,,,9152.0,,,,,,,,,,,,,,,,,,,,,,,,,,,,,,,,,,DODGE
1998-10-01,2.2,,,,,,,,,,,,,,,,,,,,,,,8982.0,367.0,,,,,,,,,,,,,,,,,,,,,,,,,,,,,,,,,DODGE
1998-11-01,2.5,,,,,,,,,,,,,,,,,,,,,,,8998.0,,,,,,,,,,,,,,,,,,,,,,,,,,,,,,,,,,DODGE
1998-12-01,2.8,,,,,,,,,,,,,,,,,,,,,,,9082.0,,,,,,,,,,,,,,,,,,,,,,,,,,,,,,,,,,DODGE
1999-01-01,4.7,,47760.0,17.387,25319.0,,374.0,325.6,,6.8,,17693.0,,5323.0,3906.0,44669.0,51065.0,,,24.678816850911264,,440215.0,,9190.0,358.0,92.94,155.0,,1016.0,5.7,753.0,1279.0,4.3,,,,7.2,,,,,,,359.1,,,363.0,240.0,485.0,4.5,257.0,6.6,159.0,355.0,4.1,9.1,9.1,DODGE
1999-02-01,4.6,,,,,,,,,,,,,,,,,,,,,,,9148.0,,,,,,,,,,,,,,,,,,,,,,,,,,,,,,,,,,DODGE
1999-03-01,4.2,,,,,,,,,,,,,,,,,,,,,,,9250.0,,,,,,,,,,,,,,,,,,,,,,,,,,,,,,,,,,DODGE
1999-04-01,3.2,,,,,,,,,,,,,,,,,,,25.28813559322034,,,,9349.0,369.0,,,,,,,,,,,,,,,,,,,,,,,,,,,,,,,,,DODGE
1999-05-01,2.3,,,,,,,,,,,,,,,,,,,,,,,9450.0,,,,,,,,,,,,,,,,,,,,,,,,,,,,,,,,,,DODGE
1999-06-01,3.0,,,,,,,,,,,,,,,,,,,,,,,9738.0,,,,,,,,,,,,,,,,,,,,,,,,,,,,,,,,,,DODGE
1999-07-01,3.0,,,,,,,,,,,,,,,,,,,25.396825396825395,,,,8410.0,365.0,,,,,,,,,,,,,,,,,,,,,,,,,,,,,,,,,DODGE
1999-08-01,2.7,,,,,,,,,,,,,,,,,,,,,,,8694.0,,,,,,,,,,,,,,,,,,,,,,,,,,,,,,,,,,DODGE
1999-09-01,2.8,,,,,,,,,,,,,,,,,,,,,,,9197.0,,,,,,,,,,,,,,,,,,,,,,,,,,,,,,,,,,DODGE
1999-10-01,2.2,,,,,,,,,,,,,,,,,,,25.66371681415929,,,,8858.0,373.0,,,,,,,,,,,,,,,,,,,,,,,,,,,,,,,,,DODGE
1999-11-01,2.4,,,,,,,,,,,,,,,,,,,,,,,8794.0,,,,,,,,,,,,,,,,,,,,,,,,,,,,,,,,,,DODGE
1999-12-01,2.9,,,,,,,,,,,,,,,,,,,,,,,9231.0,,,,,,,,,,,,,,,,,,,,,,,,,,,,,,,,,,DODGE
2000-01-01,4.5,,50086.0,17.84,26464.0,,326.0,240.8,,5.5,,18087.0,,5186.0,3801.0,46437.0,54022.0,,,25.22875816993464,,472568.0,,10222.0,376.0,100.0,178.0,,872.0,4.8,673.0,1071.0,3.7,,,,5.9,,,,,,,260.3,,,287.0,211.0,363.0,4.1,177.0,4.7,121.0,233.0,3.2,7.0,6.1,DODGE
2000-02-01,4.2,,,,,,,,,,,,,,,,,,,,,,,10238.0,,,,,,,,,,,,,,,,,,,,,,,,,,,,,,,,,,DODGE
2000-03-01,4.1,,,,,,,,,,,,,,,,,,,,,,,10259.0,,,,,,,,,,,,,,,,,,,,,,,,,,,,,,,,,,DODGE
2000-04-01,2.6,,,,,,,,,,,,,,,,,,,25.931098696461824,,,,10068.0,388.0,,,,,,,,,,,,,,,,,,,,,,,,,,,,,,,,,DODGE
2000-05-01,2.3,,,,,,,,,,,,,,,,,,,,,,,10094.0,,,,,,,,,,,,,,,,,,,,,,,,,,,,,,,,,,DODGE
2000-06-01,2.6,,,,,,,,,,,,,,,,,,,,,,,10243.0,,,,,,,,,,,,,,,,,,,,,,,,,,,,,,,,,,DODGE
2000-07-01,2.5,,,,,,,,,,,,,,,,,,,25.333333333333336,,,,10344.0,390.0,,,,,,,,,,,,,,,,,,,,,,,,,,,,,,,,,DODGE
2000-08-01,2.5,,,,,,,,,,,,,,,,,,,,,,,10305.0,,,,,,,,,,,,,,,,,,,,,,,,,,,,,,,,,,DODGE
2000-09-01,2.7,,,,,,,,,,,,,,,,,,,,,,,10240.0,,,,,,,,,,,,,,,,,,,,,,,,,,,,,,,,,,DODGE
2000-10-01,2.5,,,,,,,,,,,,,,,,,,,22.795341098169715,,,,10245.0,392.0,,,,,,,,,,,,,,,,,,,,,,,,,,,,,,,,,DODGE
2000-11-01,2.7,,,,,,,,,,,,,,,,,,,,,,,10303.0,,,,,,,,,,,,,,,,,,,,,,,,,,,,,,,,,,DODGE
2000-12-01,3.1,,,,,,,,,,,,,,,,,,,,,,,10289.0,,,,,,,,,,,,,,,,,,,,,,,,,,,,,,,,,,DODGE
2001-01-01,4.8,,50235.0,18.078,27754.0,,392.0,282.3,,5.7,,18441.0,,5132.0,3840.0,46842.0,53873.0,,,23.95519172770357,,502838.0,,10424.0,390.0,108.96,207.0,,916.0,5.0,705.0,1128.0,3.8,,,,6.1,,,,,,,309.5,,,293.0,210.0,376.0,4.1,193.0,5.0,127.0,259.0,3.3,7.3,6.7,DODGE
2001-02-01,4.5,,,,,,,,,,,,,,,,,,,,,,,10368.0,,,,,,,,,,,,,,,,,,,,,,,,,,,,,,,,,,DODGE
2001-03-01,4.8,,,,,,,,,,,,,,,,,,,,,,,10449.0,,,,,,,,,,,,,,,,,,,,,,,,,,,,,,,,,,DODGE
2001-04-01,4.1,,,,,,,,,,,,,,,,,,,22.890523582864557,,,,10472.0,393.0,,,,,,,,,,,,,,,,,,,,,,,,,,,,,,,,,DODGE
2001-05-01,2.9,,,,,,,,,,,,,,,,,,,,,,,10344.0,,,,,,,,,,,,,,,,,,,,,,,,,,,,,,,,,,DODGE
2001-06-01,3.2,,,,,,,,,,,,,,,,,,,,,,,10546.0,,,,,,,,,,,,,,,,,,,,,,,,,,,,,,,,,,DODGE
2001-07-01,2.8,,,,,,,,,,,,,,,,,,,23.34254143646409,,,,10688.0,393.0,,,,,,,,,,,,,,,,,,,,,,,,,,,,,,,,,DODGE
2001-08-01,2.7,,,,,,,,,,,,,,,,,,,,,,,10614.0,,,,,,,,,,,,,,,,,,,,,,,,,,,,,,,,,,DODGE
2001-09-01,2.6,,,,,,,,,,,,,,,,,,,,,,,10437.0,,,,,,,,,,,,,,,,,,,,,,,,,,,,,,,,,,DODGE
2001-10-01,2.5,,,,,,,,,,,,,,,,,,,23.173569101907862,,,,10504.0,390.0,,,,,,,,,,,,,,,,,,,,,,,,,,,,,,,,,DODGE
2001-11-01,2.7,,,,,,,,,,,,,,,,,,,,,,,10445.0,,,,,,,,,,,,,,,,,,,,,,,,,,,,,,,,,,DODGE
2001-12-01,3.5,,,,,,,,,,,,,,,,,,,,,,,10480.0,,,,,,,,,,,,,,,,,,,,,,,,,,,,,,,,,,DODGE
2002-01-01,4.9,,52331.0,18.465,29301.0,,462.0,212.8,,5.0,,18882.0,,5152.0,3835.0,48760.0,56165.0,,,22.645842903077632,,542926.0,,10657.0,402.0,114.66,200.0,,925.0,4.9,702.0,1147.0,3.7,,,,6.1,,,,,,,233.8,,,258.0,185.0,330.0,3.6,175.0,4.6,118.0,232.0,3.1,6.4,6.0,DODGE
2002-02-01,5.3,,,,,,,,,,,,,,,,,,,,,,,10648.0,,,,,,,,,,,,,,,,,,,,,,,,,,,,,,,,,,DODGE
2002-03-01,5.5,,,,,,,,,,,,,,,,,,,,,,,10742.0,,,,,,,,,,,,,,,,,,,,,,,,,,,,,,,,,,DODGE
2002-04-01,4.7,,,,,,,,,,,,,,,,,,,22.388059701492534,,,,10675.0,413.0,,,,,,,,,,,,,,,,,,,,,,,,,,,,,,,,,DODGE
2002-05-01,3.1,,,,,,,,,,,,,,,,,,,,,,,10541.0,,,,,,,,,,,,,,,,,,,,,,,,,,,,,,,,,,DODGE
2002-06-01,3.6,,,,,,,,,,,,,,,,,,,,,,,10765.0,,,,,,,,,,,,,,,,,,,,,,,,,,,,,,,,,,DODGE
2002-07-01,3.4,,,,,,,,,,,,,,,,,,,22.567567567567572,,,,10906.0,412.0,,,,,,,,,,,,,,,,,,,,,,,,,,,,,,,,,DODGE
2002-08-01,3.3,,,,,,,,,,,,,,,,,,,,,,,10888.0,,,,,,,,,,,,,,,,,,,,,,,,,,,,,,,,,,DODGE
2002-09-01,3.3,,,,,,,,,,,,,,,,,,,,,,,10690.0,,,,,,,,,,,,,,,,,,,,,,,,,,,,,,,,,,DODGE
2002-10-01,3.0,,,,,,,,,,,,,,,,,,,23.479887745556603,,,,10739.0,411.0,,,,,,,,,,,,,,,,,,,,,,,,,,,,,,,,,DODGE
2002-11-01,3.2,,,,,,,,,,,,,,,,,,,,,,,10748.0,,,,,,,,,,,,,,,,,,,,,,,,,,,,,,,,,,DODGE
2002-12-01,4.1,,,,,,,,,,,,,,,,,,,,,,,10835.0,,,,,,,,,,,,,,,,,,,,,,,,,,,,,,,,,,DODGE
2003-01-01,6.0,,54702.0,18.709,29413.0,,540.0,192.4,,6.5,,19299.0,,5236.0,3852.0,51252.0,58383.0,,,23.94167450611477,,553027.0,,10935.0,415.0,116.2,178.0,,1079.0,5.6,820.0,1338.0,4.2,,,,6.9,,,,,,,210.7,,,343.0,249.0,437.0,4.7,210.0,5.5,144.0,276.0,3.7,8.3,7.2,DODGE
2003-02-01,5.8,,,,,,,,,,,,,,,,,,,,,,,10855.0,,,,,,,,,,,,,,,,,,,,,,,,,,,,,,,,,,DODGE
2003-03-01,5.9,,,,,,,,,,,,,,,,,,,,,,,10917.0,,,,,,,,,,,,,,,,,,,,,,,,,,,,,,,,,,DODGE
2003-04-01,4.9,,,,,,,,,,,,,,,,,,,23.225494929985512,,,,10860.0,419.0,,,,,,,,,,,,,,,,,,,,,,,,,,,,,,,,,DODGE
2003-05-01,3.6,,,,,,,,,,,,,,,,,,,,,,,10742.0,,,,,,,,,,,,,,,,,,,,,,,,,,,,,,,,,,DODGE
2003-06-01,4.0,,,,,,,,,,,,,,,,,,,,,,,10901.0,,,,,,,,,,,,,,,,,,,,,,,,,,,,,,,,,,DODGE
2003-07-01,3.5,,,,,,,,,,,,,,,,,,,23.317535545023688,,,,11000.0,421.0,,,,,,,,,,,,,,,,,,,,,,,,,,,,,,,,,DODGE
2003-08-01,3.5,,,,,,,,,,,,,,,,,,,,,,,10991.0,,,,,,,,,,,,,,,,,,,,,,,,,,,,,,,,,,DODGE
2003-09-01,3.7,,,,,,,,,,,,,,,,,,,,,,,10811.0,,,,,,,,,,,,,,,,,,,,,,,,,,,,,,,,,,DODGE
2003-10-01,3.3,,,,,,,,,,,,,,,,,,,24.40447253281478,,,,10743.0,419.0,,,,,,,,,,,,,,,,,,,,,,,,,,,,,,,,,DODGE
2003-11-01,3.7,,,,,,,,,,,,,,,,,,,,,,,10763.0,,,,,,,,,,,,,,,,,,,,,,,,,,,,,,,,,,DODGE
2003-12-01,4.6,,,,,,,,,,,,,,,,,,,,,,,10806.0,,,,,,,,,,,,,,,,,,,,,,,,,,,,,,,,,,DODGE
2004-01-01,6.3,,55595.0,19.039,31376.0,,536.0,249.4,,6.8,,19547.0,,5248.0,3770.0,52138.0,59280.0,,,24.90118577075099,,601232.0,,11183.0,410.0,121.35,158.0,,1100.0,5.6,826.0,1374.0,4.2,,233.0,,7.0,,,,,,,267.8,,,356.0,253.0,460.0,4.8,233.0,6.2,153.0,313.0,4.1,8.8,8.3,DODGE
2004-02-01,6.0,,,,,,,,,,,,,,,,,,,,,,,11108.0,,,,,,,,,,,,,,,,,,,,,,,,,,,,,,,,,,DODGE
2004-03-01,6.3,,,,,,,,,,,,,,,,,,,,,,,11225.0,,,,,,,,,,,,,,,,,,,,,,,,,,,,,,,,,,DODGE
2004-04-01,4.4,,,,,,,,,,,,,,,,,,,24.962630792227202,,,,11036.0,422.0,,,,,,,,,,,,,,,,,,,,,,,,,,,,,,,,,DODGE
2004-05-01,3.5,,,,,,,,,,,,,,,,,,,,,,,10961.0,,,,,,,,,,,,,,,,,,,,,,,,,,,,,,,,,,DODGE
2004-06-01,4.1,,,,,,,,,,,,,,,,,,,,,,,11174.0,,,,,,,,,,,,,,,,,,,,,,,,,,,,,,,,,,DODGE
2004-07-01,3.9,,,,,,,,,,,,,,,,,,,23.44931921331316,,,,11336.0,428.0,,,,,,,,,,,,,,,,,,,,,,,,,,,,,,,,,DODGE
2004-08-01,3.7,,,,,,,,,,,,,,,,,,,,,,,11274.0,,,,,,,,,,,,,,,,,,,,,,,,,,,,,,,,,,DODGE
2004-09-01,3.6,,,,,,,,,,,,,,,,,,,,,,,11071.0,,,,,,,,,,,,,,,,,,,,,,,,,,,,,,,,,,DODGE
2004-10-01,3.2,,,,,,,,,,,,,,,,,,,23.51485148514851,,,,11064.0,432.0,,,,,,,,,,,,,,,,,,,,,,,,,,,,,,,,,DODGE
2004-11-01,3.3,,,,,,,,,,,,,,,,,,,,,,,11016.0,,,,,,,,,,,,,,,,,,,,,,,,,,,,,,,,,,DODGE
2004-12-01,3.8,,,,,,,,,,,,,,,,,,,,,,,11013.0,,,,,,,,,,,,,,,,,,,,,,,,,,,,,,,,,,DODGE
2005-01-01,5.5,,55307.0,19.238,31657.0,,567.0,246.6,,6.9,,19317.0,,5159.0,3723.0,51874.0,58740.0,,,23.490613901572804,,613863.0,,11185.0,424.0,128.56,114.0,,1131.0,5.9,915.0,1347.0,4.7,,184.0,,7.0,,,,,,,261.3,,,354.0,272.0,437.0,5.3,222.0,6.0,167.0,277.0,4.5,8.5,7.5,DODGE
2005-02-01,5.9,,,,,,,,,,,,,,,,,,,,,,,11165.0,,,,,,,,,,,,,,,,,,,,,,,,,,,,,,,,,,DODGE
2005-03-01,5.8,,,,,,,,,,,,,,,,,,,,,,,11182.0,,,,,,,,,,,,,,,,,,,,,,,,,,,,,,,,,,DODGE
2005-04-01,4.0,,,,,,,,,,,,,,,,,,,21.88621219887237,,,,11050.0,442.0,,,,,,,,,,,,,,,,,,,,,,,,,,,,,,,,,DODGE
2005-05-01,3.1,,,,,,,,,,,,,,,,,,,,,,,11068.0,,,,,,,,,,,,,,,,,,,,,,,,,,,,,,,,,,DODGE
2005-06-01,3.5,,,,,,,,,,,,,,,,,,,,,,,11296.0,,,,,,,,,,,,,,,,,,,,,,,,,,,,,,,,,,DODGE
2005-07-01,3.2,,,,,,,,,,,,,,,,,,,22.314049586776857,,,,11383.0,450.0,,,,,,,,,,,,,,,,,,,,,,,,,,,,,,,,,DODGE
2005-08-01,3.0,,,,,,,,,,,,,,,,,,,,,,,11342.0,,,,,,,,,,,,,,,,,,,,,,,,,,,,,,,,,,DODGE
2005-09-01,3.0,,,,,,,,,,,,,,,,,,,,,,,11109.0,,,,,,,,,,,,,,,,,,,,,,,,,,,,,,,,,,DODGE
2005-10-01,2.7,,,,,,,,,,,,,,,,,,,23.88206388206388,,,,11090.0,464.0,,,,,,,,,,,,,,,,,,,,,,,,,,,,,,,,,DODGE
2005-11-01,3.0,,,,,,,,,,,,,,,,,,,,,,,11085.0,,,,,,,,,,,,,,,,,,,,,,,,,,,,,,,,,,DODGE
2005-12-01,3.6,,,,,,,,,,,,,,,,,,,,,,,11106.0,,,,,,,,,,,,,,,,,,,,,,,,,,,,,,,,,,DODGE
2006-01-01,4.8,,58502.0,19.418,32927.0,,605.0,227.6,,7.1,,19547.0,,5237.0,3748.0,54442.0,62562.0,,,23.321901028907398,,645409.0,,11077.0,456.0,131.39,96.0,,1195.0,6.1,958.0,1432.0,4.9,,311.0,,7.3,,,,,,,242.1,,,372.0,293.0,452.0,5.6,231.0,6.2,177.0,285.0,4.7,8.6,7.6,DODGE
2006-02-01,5.1,,,,,,,,,,,,,,,,,,,,,,,11042.0,,,,,,,,,,,,,,,,,,,,,,,,,,,,,,,,,,DODGE
2006-03-01,4.9,,,,,,,,,,,,,,,,,,,,,,,11067.0,,,,,,,,,,,,,,,,,,,,,,,,,,,,,,,,,,DODGE
2006-04-01,3.8,,,,,,,,,,,,,,,,,,,23.0276134122288,,,,10995.0,462.0,,,,,,,,,,,,,,,,,,,,,,,,,,,,,,,,,DODGE
2006-05-01,2.7,,,,,,,,,,,,,,,,,,,,,,,10893.0,,,,,,,,,,,,,,,,,,,,,,,,,,,,,,,,,,DODGE
2006-06-01,3.1,,,,,,,,,,,,,,,,,,,,,,,11149.0,,,,,,,,,,,,,,,,,,,,,,,,,,,,,,,,,,DODGE
2006-07-01,3.2,,,,,,,,,,,,,,,,,,,22.641509433962263,,,,11355.0,449.0,,,,,,,,,,,,,,,,,,,,,,,,,,,,,,,,,DODGE
2006-08-01,3.4,,,,,,,,,,,,,,,,,,,,,,,11310.0,,,,,,,,,,,,,,,,,,,,,,,,,,,,,,,,,,DODGE
2006-09-01,3.2,,,,,,,,,,,,,,,,,,,,,,,11093.0,,,,,,,,,,,,,,,,,,,,,,,,,,,,,,,,,,DODGE
2006-10-01,2.9,,,,,,,,,,,,,,,,,,,23.186274509803926,,,,11091.0,454.0,,,,,,,,,,,,,,,,,,,,,,,,,,,,,,,,,DODGE
2006-11-01,3.1,,,,,,,,,,,,,,,,,,,,,,,11106.0,,,,,,,,,,,,,,,,,,,,,,,,,,,,,,,,,,DODGE
2006-12-01,4.0,,,,,,,,,,,,,,,,,,,,,,,11087.0,,,,,,,,,,,,,,,,,,,,,,,,,,,,,,,,,,DODGE
2007-01-01,5.1,,61230.0,19.418,34357.0,,674.0,292.4,,7.3,,19331.0,,5249.0,3783.0,56370.0,66090.0,,,23.8716148445336,,673837.0,,10948.0,424.0,126.81,48.0,,1274.0,6.6,987.0,1561.0,5.1,,252.0,,8.1,,,,,,,293.7,,,385.0,290.0,480.0,5.5,232.0,6.1,171.0,293.0,4.5,9.1,7.7,DODGE
2007-02-01,5.2,,,,,,,,,,,,,,,,,,,,,,,10929.0,,,,,,,,,,,,,,,,,,,,,,,,,,,,,,,,,,DODGE
2007-03-01,5.2,,,,,,,,,,,,,,,,,,,,,,,10965.0,,,,,,,,,,,,,,,,,,,,,,,,,,,,,,,,,,DODGE
2007-04-01,4.4,,,,,,,,,,,,,,,,,,,22.93577981651376,,,,10994.0,434.0,,,,,,,,,,,,,,,,,,,,,,,,,,,,,,,,,DODGE
2007-05-01,3.7,,,,,,,,,,,,,,,,,,,,,,,10919.0,,,,,,,,,,,,,,,,,,,,,,,,,,,,,,,,,,DODGE
2007-06-01,4.3,,,,,,,,,,,,,,,,,,,,,,,11155.0,,,,,,,,,,,,,,,,,,,,,,,,,,,,,,,,,,DODGE
2007-07-01,4.1,,,,,,,,,,,,,,,,,,,23.177842565597672,,,,11281.0,431.0,,,,,,,,,,,,,,,,,,,,,,,,,,,,,,,,,DODGE
2007-08-01,4.0,,,,,,,,,,,,,,,,,,,,,,,11196.0,,,,,,,,,,,,,,,,,,,,,,,,,,,,,,,,,,DODGE
2007-09-01,4.1,,,,,,,,,,,,,,,,,,,,,,,11077.0,,,,,,,,,,,,,,,,,,,,,,,,,,,,,,,,,,DODGE
2007-10-01,3.6,,,,,,,,,,,,,,,,,,,24.77019835510401,,,,10968.0,430.0,,,,,,,,,,,,,,,,,,,,,,,,,,,,,,,,,DODGE
2007-11-01,3.6,,,,,,,,,,,,,,,,,,,,,,,10952.0,,,,,,,,,,,,,,,,,,,,,,,,,,,,,,,,,,DODGE
2007-12-01,4.5,,,,,,,,,,,,,,,,,,,,,,,10955.0,,,,,,,,,,,,,,,,,,,,,,,,,,,,,,,,,,DODGE
2008-01-01,5.8,,60378.0,19.662,36546.0,,813.0,262.2,,7.8,,19538.0,,5199.0,3733.0,55720.0,65036.0,,,25.961058412381426,,726383.0,,10979.0,422.0,126.39,44.0,,1306.0,6.7,1049.0,1563.0,5.4,,250.0,,8.0,,,,,,67.9199998378754,258.3,,,405.0,317.0,494.0,6.1,236.0,6.3,180.0,292.0,4.8,9.5,7.8,DODGE
2008-02-01,5.8,,,,,,,,,,,,,,,,,,,,,,,10943.0,,,,,,,,,,,,,,,,,,,,,,,,,,,,,,,,,,DODGE
2008-03-01,6.0,,,,,,,,,,,,,,,,,,,,,,,11011.0,,,,,,,,,,,,,,,,,,,,,,,,,,,,,,,,,,DODGE
2008-04-01,5.3,,,,,,,,,,,,,,,,,,,26.318458417849897,,,,10962.0,422.0,,,,,,,,,,,,,,,,,,,,,,,,,,,,,,,,,DODGE
2008-05-01,4.7,,,,,,,,,,,,,,,,,,,,,,,10916.0,,,,,,,,,,,,,,,,,,,,,,,,,,,,,,,,,,DODGE
2008-06-01,5.0,,,,,,,,,,,,,,,,,,,,,,,11121.0,,,,,,,,,,,,,,,,,,,,,,,,,,,,,,,,,,DODGE
2008-07-01,4.6,,,,,,,,,,,,,,,,,,,26.443768996960486,,,,11253.0,423.0,,,,,,,,,,,,,,,,,,,,,,,,,,,,,,,,,DODGE
2008-08-01,4.8,,,,,,,,,,,,,,,,,,,,,,,11239.0,,,,,,,,,,,,,,,,,,,,,,,,,,,,,,,,,,DODGE
2008-09-01,4.6,,,,,,,,,,,,,,,,,,,,,,,11033.0,,,,,,,,,,,,,,,,,,,,,,,,,,,,,,,,,,DODGE
2008-10-01,4.4,,,,,,,,,,,,,,,,,,,26.426426426426424,,,,10954.0,422.0,,,,,,,,,,,,,,,,,,,,,,,,,,,,,,,,,DODGE
2008-11-01,4.6,,,,,,,,,,,,,,,,,,,,,,,10971.0,,,,,,,,,,,,,,,,,,,,,,,,,,,,,,,,,,DODGE
2008-12-01,6.7,,,,,,,,,,,,,,,,,,,,,,,11109.0,,,,,,,,,,,,,,,,,,,,,,,,,,,,,,,,,,DODGE
2009-01-01,8.4,,65458.0,19.689,35699.0,26.59534056697177,1181.0,213.5,21.629213483146067,9.0,-184.0,19542.0,19.0,5494.0,4004.0,60942.0,69975.0,36.5,,25.20703933747412,18330.0,711167.0,,11163.0,402.0,122.41,43.0,836.0,1382.0,7.1,1084.0,1680.0,5.5,99.0,269.0,,8.6,2.254283137962128,37.0,,,89.87791685983619,49.89999997615811,214.9,22.466349140608827,32.2,494.0,385.0,604.0,7.0,314.0,7.8,240.0,388.0,6.0,11.0,9.7,DODGE
2009-02-01,8.9,,,,,,,,,,,,,,,,,,,,,,,11231.0,,,,,,,,,,,,,,,,,,,,,,,,,,,,,,,,,,DODGE
2009-03-01,8.9,,,,,,,,,,,,,,,,,,,,,,,11248.0,,,,,,,,,,,,,,,,,,,,,,,,,,,,,,,,,,DODGE
2009-04-01,7.4,,,,,,,,,,,,,,,,,,,24.63541666666667,,,,11139.0,413.0,,,,,,,,,,,,,,,,,,,,,,,,,,,,,,,,,DODGE
2009-05-01,7.2,,,,,,,,,,,,,,,,,,,,,,,11100.0,,,,,,,,,,,,,,,,,,,,,,,,,,,,,,,,,,DODGE
2009-06-01,7.9,,,,,,,,,,,,,,,,,,,,,,,11273.0,,,,,,,,,,,,,,,,,,,,,,,,,,,,,,,,,,DODGE
2009-07-01,7.2,,,,,,,,,,,,,,,,,,,26.082474226804127,,,,11309.0,407.0,,,,,,,,,,,,,,,,,,,,,,,,,,,,,,,,,DODGE
2009-08-01,6.6,,,,,,,,,,,,,,,,,,,,,,,11213.0,,,,,,,,,,,,,,,,,,,,,,,,,,,,,,,,,,DODGE
2009-09-01,6.5,,,,,,,,,,,,,,,,,,,,,,,11026.0,,,,,,,,,,,,,,,,,,,,,,,,,,,,,,,,,,DODGE
2009-10-01,6.3,,,,,,,,,,,,,,,,,,,26.240409207161125,,,,10998.0,410.0,,,,,,,,,,,,,,,,,,,,,,,,,,,,,,,,,DODGE
2009-11-01,6.2,,,,,,,,,,,,,,,,,,,,,,,10963.0,,,,,,,,,,,,,,,,,,,,,,,,,,,,,,,,,,DODGE
2009-12-01,6.9,,,,,,,,,,,,,,,,,,,,,,,10900.0,,,,,,,,,,,,,,,,,,,,,,,,,,,,,,,,,,DODGE
2010-01-01,8.4,,60398.0,20.156,36980.0,25.45738235663465,1419.0,274.9,21.621621621621625,9.0,-390.0,19968.0,23.0,5765.0,4260.0,56496.0,64300.0,36.3,8.26527089481597,25.630468347915592,18610.0,745401.0,,11250.0,396.0,115.73,39.0,841.0,1370.0,6.9,1055.0,1685.0,5.3,121.0,261.0,25.665690784887772,8.5,2.8571428571428568,35.0,21.9,90.0,89.10019725861109,55.0,262.4,22.22821576763485,33.3,520.0,391.0,649.0,6.8,348.0,8.2,260.0,436.0,6.1,11.2,10.3,DODGE
2010-02-01,8.6,,,,,,,,,,,,,,,,,,,,,,,11472.0,,,,,,,,,,,,,,,,,,,,,,,,,,,,,,,,,,DODGE
2010-03-01,8.7,,,,,,,,,,,,,,,,,,,,,,,11538.0,,,,,,,,,,,,,,,,,,,,,,,,,,,,,,,,,,DODGE
2010-04-01,7.0,,,,,,,,,,,,,,,,,,,26.310326933056565,,,,11421.0,401.0,,,,,,,,,,,,,,,,,,,,,,,,,,,,,,,,,DODGE
2010-05-01,6.7,,,,,,,,,,,,,,,,,,,,,,,11449.0,,,,,,,,,,,,,,,,,,,,,,,,,,,,,,,,,,DODGE
2010-06-01,6.8,,,,,,,,,,,,,,,,,,,,,,,11401.0,,,,,,,,,,,,,,,,,,,,,,,,,,,,,,,,,,DODGE
2010-07-01,6.6,,,,,,,,,,,,,,,,,,,25.61550550026191,,,,11464.0,405.0,,,,,,,,,,,,,,,,,,,,,,,,,,,,,,,,,DODGE
2010-08-01,6.5,,,,,,,,,,,,,,,,,,,,,,,11354.0,,,,,,,,,,,,,,,,,,,,,,,,,,,,,,,,,,DODGE
2010-09-01,6.1,,,,,,,,,,,,,,,,,,,,,,,11124.0,,,,,,,,,,,,,,,,,,,,,,,,,,,,,,,,,,DODGE
2010-10-01,5.9,,,,,,,,,,,,,,,,,,,26.120556414219475,,,,11080.0,405.0,,,,,,,,,,,,,,,,,,,,,,,,,,,,,,,,,DODGE
2010-11-01,5.6,,,,,,,,,,,,,,,,,,,,,,,11071.0,,,,,,,,,,,,,,,,,,,,,,,,,,,,,,,,,,DODGE
2010-12-01,6.1,,,,,,,,,,,,,,,,,,,,,,,11058.0,,,,,,,,,,,,,,,,,,,,,,,,,,,,,,,,,,DODGE
2011-01-01,7.5,,65423.0,20.198,40938.0,22.367614672046923,1646.0,210.4,24.84955752212389,10.1,-481.0,20073.0,26.0,5674.0,4250.0,60604.0,70242.0,37.0,7.8488287350338375,26.267748478701826,18694.0,826618.0,,11134.0,397.0,113.32,27.0,881.0,1483.0,7.4,1177.0,1789.0,5.9,109.0,252.0,25.50027793218455,8.9,5.812973883740523,70.0,22.1,90.9,88.38879336502478,47.1639999998733,200.3,22.679819153308674,34.300000000000004,574.0,444.0,704.0,7.8,368.0,8.7,277.0,459.0,6.6,12.4,10.8,DODGE
2011-02-01,7.5,,,,,,,,,,,,,,,,,,,,,,,11204.0,,,,,,,,,,,,,,,,,,,,,,,,,,,,,,,,,,DODGE
2011-03-01,7.4,,,,,,,,,,,,,,,,,,,,,,,11262.0,,,,,,,,,,,,,,,,,,,,,,,,,,,,,,,,,,DODGE
2011-04-01,6.3,,,,,,,,,,,,,,,,,,,25.395206527282,,,,11203.0,403.0,,,,,,,,,,,,,,,,,,,,,,,,,,,,,,,,,DODGE
2011-05-01,5.6,,,,,,,,,,,,,,,,,,,,,,,11284.0,,,,,,,,,,,,,,,,,,,,,,,,,,,,,,,,,,DODGE
2011-06-01,6.2,,,,,,,,,,,,,,,,,,,,,,,11416.0,,,,,,,,,,,,,,,,,,,,,,,,,,,,,,,,,,DODGE
2011-07-01,6.2,,,,,,,,,,,,,,,,,,,25.85,,,,11517.0,403.0,,,,,,,,,,,,,,,,,,,,,,,,,,,,,,,,,DODGE
2011-08-01,5.6,,,,,,,,,,,,,,,,,,,,,,,11403.0,,,,,,,,,,,,,,,,,,,,,,,,,,,,,,,,,,DODGE
2011-09-01,5.1,,,,,,,,,,,,,,,,,,,,,,,11113.0,,,,,,,,,,,,,,,,,,,,,,,,,,,,,,,,,,DODGE
2011-10-01,4.8,,,,,,,,,,,,,,,,,,,26.40477374440577,,,,11081.0,411.0,,,,,,,,,,,,,,,,,,,,,,,,,,,,,,,,,DODGE
2011-11-01,4.6,,,,,,,,,,,,,,,,,,,,,,,11060.0,,,,,,,,,,,,,,,,,,,,,,,,,,,,,,,,,,DODGE
2011-12-01,5.4,,,,,,,,,,,,,,,,,,,,,,,11138.0,,,,,,,,,,,,,,,,,,,,,,,,,,,,,,,,,,DODGE
2012-01-01,6.3,7.3,65548.0,20.267,44221.0,19.893367245289106,1640.0,262.6,23.67748996716527,10.6,-584.0,20070.0,23.0,5636.0,4226.0,62483.0,68613.0,37.0,8.71859296482412,25.0,18776.0,895387.0,,11200.0,402.0,113.47,50.0,920.0,1607.0,8.0,1334.0,1880.0,6.6,110.0,236.0,25.343130458893665,9.4,5.507745266781412,112.0,22.0,91.7,87.6891368823204,43.478999999817496,256.2,23.293385922330092,34.4,595.0,483.0,707.0,8.6,392.0,9.3,317.0,467.0,7.5,12.6,11.1,DODGE
2012-02-01,6.6,,,,,,,,,,,,,,,,,,,,,,,11226.0,,,,,,,,,,,,,,,,,,,,,,,,,,,,,,,,,,DODGE
2012-03-01,6.3,,,,,,,,,,,,,,,,,,,,,,,11301.0,,,,,,,,,,,,,,,,,,,,,,,,,,,,,,,,,,DODGE
2012-04-01,4.8,,,,,,,,,,,,,,,,,,,24.581855043081607,,,3.0,11225.0,406.0,,,,,,,,,,,,,,,,,,,,,,,,,,,,,,,,,DODGE
2012-05-01,4.5,,,,,,,,,,,,,,,,,,,,,,,11346.0,,,,,,,,,,,,,,,,,,,,,,,,,,,,,,,,,,DODGE
2012-06-01,5.0,,,,,,,,,,,,,,,,,,,,,,,11552.0,,,,,,,,,,,,,,,,,,,,,,,,,,,,,,,,,,DODGE
2012-07-01,5.0,,,,,,,,,,,,,,,,,,,24.899396378269614,,,,11715.0,409.0,,,,,,,,,,,,,,,,,,,,,,,,,,,,,,,,,DODGE
2012-08-01,4.9,,,,,,,,,,,,,,,,,,,,,,,11526.0,,,,,,,,,,,,,,,,,,,,,,,,,,,,,,,,,,DODGE
2012-09-01,4.4,,,,,,,,,,,,,,,,,,,,,,,11232.0,,,,,,,,,,,,,,,,,,,,,,,,,,,,,,,,,,DODGE
2012-10-01,4.1,,,,,,,,,,,,,,,,,,,25.672981056829514,,,,11220.0,407.0,,,,,,,,,,,,,,,,,,,,,,,,,,,,,,,,,DODGE
2012-11-01,3.9,,,,,,,,,,,,,,,,,,,,,,,11242.0,,,,,,,,,,,,,,,,,,,,,,,,,,,,,,,,,,DODGE
2012-12-01,4.7,,,,,,,,,,,,,,,,,,,,,,,11284.0,,,,,,,,,,,,,,,,,,,,,,,,,,,,,,,,,,DODGE
2013-01-01,6.3,7.4,73799.0,20.334,42110.0,30.057320250971713,1698.0,214.9,23.293768545994066,9.6,-284.0,20156.0,24.0,5586.0,4235.0,70245.0,77353.0,37.2,9.443363646828594,23.96984924623116,18820.0,855428.0,,11409.0,390.0,116.53,58.0,936.0,1477.0,7.3,1166.0,1788.0,5.8,67.0,248.0,25.91506007264599,8.8,5.507745266781412,165.0,23.6,92.2,87.96699174793699,47.6389999999665,194.6,23.663456664977197,35.6,535.0,416.0,654.0,7.5,355.0,8.4,265.0,445.0,6.3,11.7,10.5,DODGE
2013-02-01,6.0,,,,,,,,,,,,,,,,,,,,,,,11301.0,,,,,,,,,,,,,,,,,,,,,,,,,,,,,,,,,,DODGE
2013-03-01,5.8,,,,,,,,,,,,,,,,,,,,,,,11325.0,,,,,,,,,,,,,,,,,,,,,,,,,,,,,,,,,,DODGE
2013-04-01,5.2,,,,,,,,,,,,,,,,,,,22.601707684580607,,,,11323.0,392.0,,,,,,,,,,,,,,,,,,,,,,,,,,,,,,,,,DODGE
2013-05-01,4.3,,,,,,,,,,,,,,,,,,,,,,,11276.0,,,,,,,,,,,,,,,,,,,,,,,,,,,,,,,,,,DODGE
2013-06-01,4.8,,,,,,,,,,,,,,,,,,,,,,,11498.0,,,,,,,,,,,,,,,,,,,,,,,,,,,,,,,,,,DODGE
2013-07-01,4.6,,,,,,,,,,,,,,,,,,,23.13612313612313,,,,11644.0,397.0,,,,,,,,,,,,,,,,,,,,,,,,,,,,,,,,,DODGE
2013-08-01,4.3,,,,,,,,,,,,,,,,,,,,,,,11542.0,,,,,,,,,,,,,,,,,,,,,,,,,,,,,,,,,,DODGE
2013-09-01,3.8,,,,,,,,,,,,,,,,,,,,,,,11209.0,,,,,,,,,,,,,,,,,,,,,,,,,,,,,,,,,,DODGE
2013-10-01,3.7,,,,,,,,,,,,,,,,,,,22.38372093023256,,,,11152.0,392.0,,,,,,,,,,,,,,,,,,,,,,,,,,,,,,,,,DODGE
2013-11-01,3.6,,,,,,,,,,,,,,,,,,,,,,,11124.0,,,,,,,,,,,,,,,,,,,,,,,,,,,,,,,,,,DODGE
2013-12-01,4.5,,,,,,,,,,,,,,,,,,,,,,,11166.0,,,,,,,,,,,,,,,,,,,,,,,,,,,,,,,,,,DODGE
2014-01-01,6.0,6.7,68777.0,20.375999999999998,41393.0,35.30333667888147,1615.0,251.3,27.545353572750827,10.2,-63.0,20174.0,31.0,5526.0,4219.0,64399.0,73155.0,37.7,8.989712816116588,21.81906144170295,18869.0,842351.0,,11268.0,398.0,120.3,51.0,962.0,1531.0,7.6,1234.0,1828.0,6.1,95.0,213.0,24.235807860262014,9.1,5.341506129597199,107.0,24.1,93.5,86.36793627084889,32.6109999995679,225.7,23.70487364620939,37.40000000000001,564.0,445.0,683.0,8.0,377.0,8.9,293.0,461.0,6.9,12.4,10.9,DODGE
2014-02-01,6.1,,,,,,,,,,,,,,,,,,,,,,,11224.0,,,,,,,,,,,,,,,,,,,,,,,,,,,,,,,,,,DODGE
2014-03-01,5.9,,,,,,,,,,,,,,,,,,,,,,,11265.0,,,,,,,,,,,,,,,,,,,,,,,,,,,,,,,,,,DODGE
2014-04-01,4.5,,,,,,,,,,,,,,,,,,,20.55813953488372,,,,11132.0,402.0,,,,,,,,,,,,,,,,,,,,,,,,,,,,,,,,,DODGE
2014-05-01,3.5,,,,,,,,,,,,,,,,,,,,,,,11071.0,,,,,,,,,,,,,,,,,,,,,,,,,,,,,,,,,,DODGE
2014-06-01,4.0,,,,,,,,,,,,,,,,,,,,,,,11296.0,,,,,,,,,,,,,,,,,,,,,,,,,,,,,,,,,,DODGE
2014-07-01,3.8,,,,,,,,,,,,,,,,,,,20.952821461609627,,,,11497.0,402.0,,,,,,,,,,,,,,,,,,,,,,,,,,,,,,,,,DODGE
2014-08-01,3.6,,,,,,,,,,,,,,,,,,,,,,,11464.0,,,,,,,,,,,,,,,,,,,,,,,,,,,,,,,,,,DODGE
2014-09-01,3.0,,,,,,,,,,,,,,,,,,,,,,,11162.0,,,,,,,,,,,,,,,,,,,,,,,,,,,,,,,,,,DODGE
2014-10-01,2.8,,,,,,,,,,,,,,,,,,,21.311475409836067,,,,11248.0,405.0,,,,,,,,,,,,,,,,,,,,,,,,,,,,,,,,,DODGE
2014-11-01,2.9,,,,,,,,,,,,,,,,,,,,,,,11165.0,,,,,,,,,,,,,,,,,,,,,,,,,,,,,,,,,,DODGE
2014-12-01,3.8,,,,,,,,,,,,,,,,,,,,,,,11214.0,,,,,,,,,,,,,,,,,,,,,,,,,,,,,,,,,,DODGE
2015-01-01,5.1,6.7,65494.0,20.404,42280.0,31.094034970532807,1528.0,318.8,27.47376311844078,8.6,-154.0,20190.0,30.0,5418.0,4121.0,59804.0,71184.0,37.9,9.176555100303304,21.451392058420808,18877.0,861713.0,,11362.0,397.0,120.42,69.0,983.0,1388.0,6.9,1096.0,1680.0,5.5,90.0,144.0,22.16194222161942,8.3,5.400372439478584,109.0,23.7,94.0,84.89347966429955,31.0189999998547,270.3,23.960199004975124,37.4,467.0,363.0,571.0,6.7,310.0,7.5,234.0,386.0,5.7,10.5,9.3,DODGE
2015-02-01,5.1,,,,,,,,,,,,,,,,,,,,,,,11247.0,,,,,,,,,,,,,,,,,,,,,,,,,,,,,,,,,,DODGE
2015-03-01,5.0,,,,,,,,,,,,,,,,,,,,,,,11399.0,,,,,,,,,,,,,,,,,,,,,,,,,,,,,,,,,,DODGE
2015-04-01,3.6,,,,,,,,,,,,,,,,,,,20.725623582766442,,,,11265.0,400.0,,,,,,,,,,,,,,,,,,,,,,,,,,,,,,,,,DODGE
2015-05-01,3.2,,,,,,,,,,,,,,,,,,,,,,,11253.0,,,,,,,,,,,,,,,,,,,,,,,,,,,,,,,,,,DODGE
2015-06-01,3.6,,,,,,,,,,,,,,,,,,,,,,,11554.0,,,,,,,,,,,,,,,,,,,,,,,,,,,,,,,,,,DODGE
2015-07-01,3.5,,,,,,,,,,,,,,,,,,,20.852221214868546,,,,11652.0,389.0,,,,,,,,,,,,,,,,,,,,,,,,,,,,,,,,,DODGE
2015-08-01,3.2,,,,,,,,,,,,,,,,,,,,,,,11600.0,,,,,,,,,,,,,,,,,,,,,,,,,,,,,,,,,,DODGE
2015-09-01,3.0,,,,,,,,,,,,,,,,,,,,,,,11415.0,,,,,,,,,,,,,,,,,,,,,,,,,,,,,,,,,,DODGE
2015-10-01,2.9,,,,,,,,,,,,,,,,,,,22.003577817531305,,,,11619.0,388.0,,,,,,,,,,,,,,,,,,,,,,,,,,,,,,,,,DODGE
2015-11-01,2.8,,,,,,,,,,,,,,,,,,,,,,,11550.0,,,,,,,,,,,,,,,,,,,,,,,,,,,,,,,,,,DODGE
2015-12-01,3.6,,,,,,,,,,,,,,,,,,,,,,,11533.0,,,,,,,,,,,,,,,,,,,,,,,,,,,,,,,,,,DODGE
2016-01-01,4.9,6.6,68238.0,20.546999999999997,42775.0,31.189204315914875,,264.9,27.923809523809524,8.1,,20324.0,53.0,5379.0,4028.0,62001.0,74475.0,37.8,9.238007670887406,21.246587807097363,18876.0,877134.0,,11687.0,378.0,126.95,87.0,988.0,1560.0,7.7,1301.0,1819.0,6.4,174.0,75.0,21.350142334282232,9.0,3.903345724907063,67.0,23.8,94.3,85.95605700712589,,218.6,24.559664694280077,37.2,438.0,336.0,540.0,6.2,291.0,7.2,217.0,365.0,5.4,10.0,9.0,DODGE
2016-02-01,5.0,,,,,,,,,,,,,,,,,,,,,,,11559.0,,,,,,,,,,,,,,,,,,,,,,,,,,,,,,,,,,DODGE
2016-03-01,5.1,,,,,,,,,,,,,,,,,,,,,,,11713.0,,,,,,,,,,,,,,,,,,,,,,,,,,,,,,,,,,DODGE
2016-04-01,3.2,,,,,,,,,,,,,,,,,,,20.50228310502283,,,,11430.0,382.0,,,,,,,,,,,,,,,,,,,,,,,,,,,,,,,,,DODGE
2016-05-01,2.7,,,,,,,,,,,,,,,,,,,,,,,11417.0,,,,,,,,,,,,,,,,,,,,,,,,,,,,,,,,,,DODGE
2016-06-01,3.6,,,,,,,,,,,,,,,,,,,,,,,11663.0,,,,,,,,,,,,,,,,,,,,,,,,,,,,,,,,,,DODGE
2016-07-01,3.5,,,,,,,,,,,,,,,,,,,20.140412461605965,,,,11750.0,388.0,,,,,,,,,,,,,,,,,,,,,,,,,,,,,,,,,DODGE
2016-08-01,3.7,,,,,,,,,,,,,,,,,,,,,,,11711.0,,,,,,,,,,,,,,,,,,,,,,,,,,,,,,,,,,DODGE
2016-09-01,3.2,,,,,,,,,,,,,,,,,,,,,,,11441.0,,,,,,,,,,,,,,,,,,,,,,,,,,,,,,,,,,DODGE
2016-10-01,2.9,,,,,,,,,,,,,,,,,,,20.974111452391398,,,,11624.0,390.0,,,,,,,,,,,,,,,,,,,,,,,,,,,,,,,,,DODGE
2016-11-01,2.8,,,,,,,,,,,,,,,,,,,,,,,11600.0,,,,,,,,,,,,,,,,,,,,,,,,,,,,,,,,,,DODGE
2016-12-01,3.8,,,,,,,,,,,,,,,,,,,,,,,11596.0,,,,,,,,,,,,,,,,,,,,,,,,,,,,,,,,,,DODGE
2017-01-01,5.2,,,20.761999999999997,,,,,,,,,,,,,,,,19.807186678352323,,,,11699.0,391.0,135.4,86.0,,,,,,,,95.0,,,,,,,,,,,,,,,,,,,,,,,DODGE
2017-02-01,5.0,,,,,,,,,,,,,,,,,,,,,,,11617.0,,,,,,,,,,,,,,,,,,,,,,,,,,,,,,,,,,DODGE
2017-03-01,4.5,,,,,,,,,,,,,,,,,,,,,,,11636.0,,,,,,,,,,,,,,,,,,,,,,,,,,,,,,,,,,DODGE
2017-04-01,3.3,,,,,,,,,,,,,,,,,,,18.714222809335094,,,,11590.0,396.0,,,,,,,,,,,,,,,,,,,,,,,,,,,,,,,,,DODGE
2017-05-01,2.8,,,,,,,,,,,,,,,,,,,,,,,11587.0,,,,,,,,,,,,,,,,,,,,,,,,,,,,,,,,,,DODGE
2017-06-01,3.3,,,,,,,,,,,,,,,,,,,,,,,11773.0,,,,,,,,,,,,,,,,,,,,,,,,,,,,,,,,,,DODGE
2017-07-01,3.2,,,,,,,,,,,,,,,,,,,19.778270509977826,,,,11871.0,400.0,,,,,,,,,,,,,,,,,,,,,,,,,,,,,,,,,DODGE
2017-08-01,3.2,,,,,,,,,,,,,,,,,,,,,,,11766.0,,,,,,,,,,,,,,,,,,,,,,,,,,,,,,,,,,DODGE
2017-09-01,2.6,,,,,,,,,,,,,,,,,,,,,,,11509.0,,,,,,,,,,,,,,,,,,,,,,,,,,,,,,,,,,DODGE
2017-10-01,2.1,,,,,,,,,,,,,,,,,,,20.960698689956327,,,,11643.0,411.0,,,,,,,,,,,,,,,,,,,,,,,,,,,,,,,,,DODGE
2017-11-01,2.2,,,,,,,,,,,,,,,,,,,,,,,11564.0,,,,,,,,,,,,,,,,,,,,,,,,,,,,,,,,,,DODGE
2017-12-01,3.3,,,,,,,,,,,,,,,,,,,,,,,11630.0,,,,,,,,,,,,,,,,,,,,,,,,,,,,,,,,,,DODGE
2018-01-01,4.6,,,,,,,,,,,,,,,,,,,18.976825535636202,,,,11708.0,413.0,,,,,,,,,,,,,,,,,,,,,,,,,,,,,,,,,DODGE
2018-02-01,4.6,,,,,,,,,,,,,,,,,,,,,,,11765.0,,,,,,,,,,,,,,,,,,,,,,,,,,,,,,,,,,DODGE
2018-03-01,4.3,,,,,,,,,,,,,,,,,,,,,,,11759.0,,,,,,,,,,,,,,,,,,,,,,,,,,,,,,,,,,DODGE
2018-04-01,3.4,,,,,,,,,,,,,,,,,,,18.37979094076655,,,,11627.0,,,,,,,,,,,,,,,,,,,,,,,,,,,,,,,,,,DODGE
2018-05-01,2.3,,,,,,,,,,,,,,,,,,,,,,,11650.0,,,,,,,,,,,,,,,,,,,,,,,,,,,,,,,,,,DODGE
2018-06-01,2.9,,,,,,,,,,,,,,,,,,,,,,,11838.0,,,,,,,,,,,,,,,,,,,,,,,,,,,,,,,,,,DODGE
2018-07-01,2.6,,,,,,,,,,,,,,,,,,,,,,,11943.0,,,,,,,,,,,,,,,,,,,,,,,,,,,,,,,,,,DODGE
2018-08-01,2.6,,,,,,,,,,,,,,,,,,,,,,,11585.0,,,,,,,,,,,,,,,,,,,,,,,,,,,,,,,,,,DODGE
