DATE,MNDOUG1URN,MNDOUG1POP,B01002001E027041,B03002003E027041,BPPRIV027041,PCPI27041,PUAAMN27041A647NCEN,MHIMN27041A052NCEN,MHICILBMN27041A052NCEN,HC01ESTVC1727041,PUA5T17RMN27041A647NCEN,PEAAMN27041A647NCEN,RACEDISPARITY027041,CBR27041MNA647NCEN,NETMIGNACS055031,2020RATIO055031,WIDOUG1URN,MHIWI55031A052NCEN,WIDOUG1POP,PCPI55031,FBITC055031,RACEDISPARITY055031,HOWNRATEACS055031,WIDOUG1LFN,BPPRIV055031,B14005DCYACS055031,CBR55031WIA647NCEN,HC01ESTVC1755031,PI27041,2020RATIO027041,B14005DCYACS027041,DP04ACS027041,MNDOUG1LFN,CDC20N2U027041,USPTOISSUED027041,B080ACS027041,CDC20N2UAA027041,ATNHPIUS27041A,EQFXSUBPRIME027041,S1701ACS027041,HC01ESTVC1627041,B03002006E027041,B03002012E027041,ENU2704120510,MHICIUBMN27041A052NCEN,B03002005E027041,PUA0T17MN27041A647NCEN,HOWNRATEACS027041,NETMIGNACS027041,S1101SPHOUSE027041,PPAAMN27041A156NCEN,PECILBAAMN27041A647NCEN,PECIUBAAMN27041A647NCEN,PPCILBAAMN27041A156NCEN,DMPCRATE027041,PPCIUBAAMN27041A156NCEN,FBITC027041,S1501ACSTOTAL027041,PE5T17MN27041A647NCEN,PP5T17MN27041A156NCEN,PECILB5T17MN27041A647NCEN,PECIUB5T17MN27041A647NCEN,PPCILB5T17MN27041A156NCEN,PEU18MN27041A647NCEN,PPU18MN27041A156NCEN,B03002004E027041,PECILBU18MN27041A647NCEN,PECIUBU18MN27041A647NCEN,PPCILBU18MN27041A156NCEN,PPCIUB5T17MN27041A156NCEN,PPCIUBU18MN27041A156NCEN,PUAAWI55031A647NCEN,USPTOISSUED055031,B03002005E055031,PUA0T17WI55031A647NCEN,EQFXSUBPRIME055031,PUA5T17RWI55031A647NCEN,B03002003E055031,B03002006E055031,MHICILBWI55031A052NCEN,MHICIUBWI55031A052NCEN,DP04ACS055031,B01002001E055031,B03002012E055031,PI55031,CDC20N2U055031,PEAAWI55031A647NCEN,S1701ACS055031,PPAAWI55031A156NCEN,PECILBAAWI55031A647NCEN,PECIUBAAWI55031A647NCEN,PPCILBAAWI55031A156NCEN,DMPCRATE055031,S1101SPHOUSE055031,CDC20N2UAA055031,PPCIUBAAWI55031A156NCEN,ENU5503120510,B080ACS055031,ATNHPIUS55031A,B03002004E055031,HC01ESTVC1655031,S1501ACSTOTAL055031,SMU27000003132100001SA,MNWPMANRGSP,MNWPMANNGSP,MNWPMANQGSP,PE5T17WI55031A647NCEN,PP5T17WI55031A156NCEN,PECILB5T17WI55031A647NCEN,PECIUB5T17WI55031A647NCEN,PPCILB5T17WI55031A156NCEN,PPCIUB5T17WI55031A156NCEN,PEU18WI55031A647NCEN,PPU18WI55031A156NCEN,PECILBU18WI55031A647NCEN,PECIUBU18WI55031A647NCEN,PPCILBU18WI55031A156NCEN,PPCIUBU18WI55031A156NCEN,county
1991-01-01,7.8,29.193,,,175.0,15211.0,,,,,,,,,,,9.0,,42.132,15607.0,,,,19786,126.0,,,,444041.0,,,,13903,,,,,58.19,,,,,,874.0,,,,,,,,,,,,,,,,,,,,,,,,,,,,,,,,,,,,,,,,,657566.0,,,,,,,,,,,,992.0,,60.71,,,,12.5,,,,,,,,,,,,,,,,DOUGLAS
1991-02-01,7.5,,,,,,,,,,,,,,,,10.0,,,,,,,19916,,,,,,,,,13992,,,,,,,,,,,,,,,,,,,,,,,,,,,,,,,,,,,,,,,,,,,,,,,,,,,,,,,,,,,,,,,,,,,,,,12.4,,,,,,,,,,,,,,,,DOUGLAS
1991-03-01,7.8,,,,,,,,,,,,,,,,9.6,,,,,,,19817,,,,,,,,,14298,,,,,,,,,,,,,,,,,,,,,,,,,,,,,,,,,,,,,,,,,,,,,,,,,,,,,,,,,,,,,,,,,,,,,,11.5,,,,,,,,,,,,,,,,DOUGLAS
1991-04-01,6.3,,,,,,,,,,,,,,,,8.1,,,,,,,19766,,,,,,,,,14634,,,,,,,,,,,879.0,,,,,,,,,,,,,,,,,,,,,,,,,,,,,,,,,,,,,,,,,,,,,,,,,,,,,986.0,,,,,,12.8,,,,,,,,,,,,,,,,DOUGLAS
1991-05-01,4.9,,,,,,,,,,,,,,,,7.9,,,,,,,19965,,,,,,,,,14801,,,,,,,,,,,,,,,,,,,,,,,,,,,,,,,,,,,,,,,,,,,,,,,,,,,,,,,,,,,,,,,,,,,,,,13.0,,,,,,,,,,,,,,,,DOUGLAS
1991-06-01,5.0,,,,,,,,,,,,,,,,7.6,,,,,,,20438,,,,,,,,,14999,,,,,,,,,,,,,,,,,,,,,,,,,,,,,,,,,,,,,,,,,,,,,,,,,,,,,,,,,,,,,,,,,,,,,,13.3,,,,,,,,,,,,,,,,DOUGLAS
1991-07-01,4.3,,,,,,,,,,,,,,,,6.0,,,,,,,20500,,,,,,,,,14377,,,,,,,,,,,882.0,,,,,,,,,,,,,,,,,,,,,,,,,,,,,,,,,,,,,,,,,,,,,,,,,,,,,992.0,,,,,,13.0,,,,,,,,,,,,,,,,DOUGLAS
1991-08-01,3.6,,,,,,,,,,,,,,,,5.5,,,,,,,20381,,,,,,,,,14534,,,,,,,,,,,,,,,,,,,,,,,,,,,,,,,,,,,,,,,,,,,,,,,,,,,,,,,,,,,,,,,,,,,,,,13.1,,,,,,,,,,,,,,,,DOUGLAS
1991-09-01,3.9,,,,,,,,,,,,,,,,4.9,,,,,,,20248,,,,,,,,,14750,,,,,,,,,,,,,,,,,,,,,,,,,,,,,,,,,,,,,,,,,,,,,,,,,,,,,,,,,,,,,,,,,,,,,,12.8,,,,,,,,,,,,,,,,DOUGLAS
1991-10-01,3.8,,,,,,,,,,,,,,,,4.9,,,,,,,19933,,,,,,,,,14505,,,,,,,,,,,887.0,,,,,,,,,,,,,,,,,,,,,,,,,,,,,,,,,,,,,,,,,,,,,,,,,,,,,992.0,,,,,,12.6,,,,,,,,,,,,,,,,DOUGLAS
1991-11-01,4.8,,,,,,,,,,,,,,,,6.1,,,,,,,20141,,,,,,,,,14606,,,,,,,,,,,,,,,,,,,,,,,,,,,,,,,,,,,,,,,,,,,,,,,,,,,,,,,,,,,,,,,,,,,,,,12.6,,,,,,,,,,,,,,,,DOUGLAS
1991-12-01,5.9,,,,,,,,,,,,,,,,6.3,,,,,,,20081,,,,,,,,,14501,,,,,,,,,,,,,,,,,,,,,,,,,,,,,,,,,,,,,,,,,,,,,,,,,,,,,,,,,,,,,,,,,,,,,,12.7,,,,,,,,,,,,,,,,DOUGLAS
1992-01-01,7.5,29.539,,,209.0,16177.0,,,,,,,,,,,8.7,,42.56,16540.0,,,,20687,168.0,,,,477859.0,,,,14294,,,,,59.87,,,,,,885.0,,,,,,,,,,,,,,,,,,,,,,,,,,,,,,,,,,,,,,,,,703934.0,,,,,,,,,,,,1005.0,,62.78,,,,12.7,,,,,,,,,,,,,,,,DOUGLAS
1992-02-01,7.7,,,,,,,,,,,,,,,,9.5,,,,,,,20768,,,,,,,,,14230,,,,,,,,,,,,,,,,,,,,,,,,,,,,,,,,,,,,,,,,,,,,,,,,,,,,,,,,,,,,,,,,,,,,,,13.0,,,,,,,,,,,,,,,,DOUGLAS
1992-03-01,7.7,,,,,,,,,,,,,,,,9.4,,,,,,,20805,,,,,,,,,14346,,,,,,,,,,,,,,,,,,,,,,,,,,,,,,,,,,,,,,,,,,,,,,,,,,,,,,,,,,,,,,,,,,,,,,13.0,,,,,,,,,,,,,,,,DOUGLAS
1992-04-01,6.3,,,,,,,,,,,,,,,,8.3,,,,,,,20777,,,,,,,,,14639,,,,,,,,,,,884.0,,,,,,,,,,,,,,,,,,,,,,,,,,,,,,,,,,,,,,,,,,,,,,,,,,,,,1040.0,,,,,,13.1,,,,,,,,,,,,,,,,DOUGLAS
1992-05-01,5.2,,,,,,,,,,,,,,,,8.1,,,,,,,20926,,,,,,,,,14881,,,,,,,,,,,,,,,,,,,,,,,,,,,,,,,,,,,,,,,,,,,,,,,,,,,,,,,,,,,,,,,,,,,,,,13.1,,,,,,,,,,,,,,,,DOUGLAS
1992-06-01,5.4,,,,,,,,,,,,,,,,8.7,,,,,,,21564,,,,,,,,,15235,,,,,,,,,,,,,,,,,,,,,,,,,,,,,,,,,,,,,,,,,,,,,,,,,,,,,,,,,,,,,,,,,,,,,,12.9,,,,,,,,,,,,,,,,DOUGLAS
1992-07-01,4.7,,,,,,,,,,,,,,,,7.2,,,,,,,21614,,,,,,,,,14664,,,,,,,,,,,882.0,,,,,,,,,,,,,,,,,,,,,,,,,,,,,,,,,,,,,,,,,,,,,,,,,,,,,1047.0,,,,,,13.0,,,,,,,,,,,,,,,,DOUGLAS
1992-08-01,4.6,,,,,,,,,,,,,,,,7.3,,,,,,,21065,,,,,,,,,14802,,,,,,,,,,,,,,,,,,,,,,,,,,,,,,,,,,,,,,,,,,,,,,,,,,,,,,,,,,,,,,,,,,,,,,13.1,,,,,,,,,,,,,,,,DOUGLAS
1992-09-01,4.9,,,,,,,,,,,,,,,,7.4,,,,,,,21108,,,,,,,,,14960,,,,,,,,,,,,,,,,,,,,,,,,,,,,,,,,,,,,,,,,,,,,,,,,,,,,,,,,,,,,,,,,,,,,,,13.3,,,,,,,,,,,,,,,,DOUGLAS
1992-10-01,4.6,,,,,,,,,,,,,,,,5.9,,,,,,,20572,,,,,,,,,14566,,,,,,,,,,,879.0,,,,,,,,,,,,,,,,,,,,,,,,,,,,,,,,,,,,,,,,,,,,,,,,,,,,,1072.0,,,,,,13.4,,,,,,,,,,,,,,,,DOUGLAS
1992-11-01,5.7,,,,,,,,,,,,,,,,6.7,,,,,,,20606,,,,,,,,,14795,,,,,,,,,,,,,,,,,,,,,,,,,,,,,,,,,,,,,,,,,,,,,,,,,,,,,,,,,,,,,,,,,,,,,,13.4,,,,,,,,,,,,,,,,DOUGLAS
1992-12-01,6.4,,,,,,,,,,,,,,,,6.3,,,,,,,20508,,,,,,,,,14447,,,,,,,,,,,,,,,,,,,,,,,,,,,,,,,,,,,,,,,,,,,,,,,,,,,,,,,,,,,,,,,,,,,,,,13.4,,,,,,,,,,,,,,,,DOUGLAS
1993-01-01,8.3,30.05,,,186.0,16674.0,,27977.0,25773.0,,,3414.0,,1649.0,,,8.2,26170.0,42.871,16969.0,,,,20899,165.0,,4187.0,,501039.0,,,,14894,,,,,61.74,,,,,,897.0,30169.0,,,,,,11.4,2709.0,4119.0,9.0,,13.7,,,787.0,12.4,595.0,979.0,9.4,1184.0,14.1,,922.0,1446.0,11.0,15.5,17.2,,,,,,,,,23910.0,28418.0,,,,727496.0,,6209.0,,14.6,4910.0,7509.0,11.5,,,,17.6,1045.0,,66.96,,,,13.6,,,,1673.0,20.0,1262.0,2084.0,15.1,24.9,2443.0,21.5,1899.0,2987.0,16.7,26.3,DOUGLAS
1993-02-01,8.2,,,,,,,,,,,,,,,,9.0,,,,,,,20943,,,,,,,,,14882,,,,,,,,,,,,,,,,,,,,,,,,,,,,,,,,,,,,,,,,,,,,,,,,,,,,,,,,,,,,,,,,,,,,,,13.7,,,,,,,,,,,,,,,,DOUGLAS
1993-03-01,8.1,,,,,,,,,,,,,,,,9.3,,,,,,,21073,,,,,,,,,15130,,,,,,,,,,,,,,,,,,,,,,,,,,,,,,,,,,,,,,,,,,,,,,,,,,,,,,,,,,,,,,,,,,,,,,13.7,,,,,,,,,,,,,,,,DOUGLAS
1993-04-01,6.9,,,,,,,,,,,,,,,,7.8,,,,,,,20942,,,,,,,,,15064,,,,,,,,,,,897.0,,,,,,,,,,,,,,,,,,,,,,,,,,,,,,,,,,,,,,,,,,,,,,,,,,,,,1037.0,,,,,,13.6,,,,,,,,,,,,,,,,DOUGLAS
1993-05-01,5.2,,,,,,,,,,,,,,,,6.8,,,,,,,20962,,,,,,,,,15278,,,,,,,,,,,,,,,,,,,,,,,,,,,,,,,,,,,,,,,,,,,,,,,,,,,,,,,,,,,,,,,,,,,,,,13.4,,,,,,,,,,,,,,,,DOUGLAS
1993-06-01,5.7,,,,,,,,,,,,,,,,7.3,,,,,,,21535,,,,,,,,,15749,,,,,,,,,,,,,,,,,,,,,,,,,,,,,,,,,,,,,,,,,,,,,,,,,,,,,,,,,,,,,,,,,,,,,,13.5,,,,,,,,,,,,,,,,DOUGLAS
1993-07-01,4.6,,,,,,,,,,,,,,,,6.1,,,,,,,21647,,,,,,,,,15075,,,,,,,,,,,891.0,,,,,,,,,,,,,,,,,,,,,,,,,,,,,,,,,,,,,,,,,,,,,,,,,,,,,1045.0,,,,,,13.7,,,,,,,,,,,,,,,,DOUGLAS
1993-08-01,4.2,,,,,,,,,,,,,,,,6.3,,,,,,,21547,,,,,,,,,15271,,,,,,,,,,,,,,,,,,,,,,,,,,,,,,,,,,,,,,,,,,,,,,,,,,,,,,,,,,,,,,,,,,,,,,13.7,,,,,,,,,,,,,,,,DOUGLAS
1993-09-01,4.1,,,,,,,,,,,,,,,,6.6,,,,,,,21249,,,,,,,,,15337,,,,,,,,,,,,,,,,,,,,,,,,,,,,,,,,,,,,,,,,,,,,,,,,,,,,,,,,,,,,,,,,,,,,,,13.9,,,,,,,,,,,,,,,,DOUGLAS
1993-10-01,4.1,,,,,,,,,,,,,,,,6.2,,,,,,,21291,,,,,,,,,15313,,,,,,,,,,,907.0,,,,,,,,,,,,,,,,,,,,,,,,,,,,,,,,,,,,,,,,,,,,,,,,,,,,,1049.0,,,,,,14.0,,,,,,,,,,,,,,,,DOUGLAS
1993-11-01,4.6,,,,,,,,,,,,,,,,6.8,,,,,,,21318,,,,,,,,,15375,,,,,,,,,,,,,,,,,,,,,,,,,,,,,,,,,,,,,,,,,,,,,,,,,,,,,,,,,,,,,,,,,,,,,,13.9,,,,,,,,,,,,,,,,DOUGLAS
1993-12-01,5.2,,,,,,,,,,,,,,,,7.7,,,,,,,21445,,,,,,,,,15134,,,,,,,,,,,,,,,,,,,,,,,,,,,,,,,,,,,,,,,,,,,,,,,,,,,,,,,,,,,,,,,,,,,,,,14.0,,,,,,,,,,,,,,,,DOUGLAS
1994-01-01,7.1,30.416999999999998,,,256.0,17891.0,,,,,,,,,,,9.2,,42.854,17641.0,,,,21671,195.0,,,,544199.0,,,,15207,,1.0,,,67.02,,,,,,913.0,,,,,,,,,,,,,,,,,,,,,,,,,,,,,,,,,,,,,,,,,756005.0,,,,,,,,,,,,1052.0,,70.22,,,,14.3,,,,,,,,,,,,,,,,DOUGLAS
1994-02-01,6.4,,,,,,,,,,,,,,,,9.9,,,,,,,21857,,,,,,,,,15163,,,,,,,,,,,,,,,,,,,,,,,,,,,,,,,,,,,,,,,,,,,,,,,,,,,,,,,,,,,,,,,,,,,,,,14.2,,,,,,,,,,,,,,,,DOUGLAS
1994-03-01,6.2,,,,,,,,,,,,,,,,10.1,,,,,,,21803,,,,,,,,,15367,,,,,,,,,,,,,,,,,,,,,,,,,,,,,,,,,,,,,,,,,,,,,,,,,,,,,,,,,,,,,,,,,,,,,,13.9,,,,,,,,,,,,,,,,DOUGLAS
1994-04-01,4.4,,,,,,,,,,,,,,,,8.4,,,,,,,21804,,,,,,,,,15366,,,,,,,,,,,920.0,,,,,,,,,,,,,,,,,,,,,,,,,,,,,,,,,,,,,,,,,,,,,,,,,,,,,1060.0,,,,,,14.4,,,,,,,,,,,,,,,,DOUGLAS
1994-05-01,3.2,,,,,,,,,,,,,,,,6.6,,,,,,,21601,,,,,,,,,15800,,,,,,,,,,,,,,,,,,,,,,,,,,,,,,,,,,,,,,,,,,,,,,,,,,,,,,,,,,,,,,,,,,,,,,14.5,,,,,,,,,,,,,,,,DOUGLAS
1994-06-01,3.3,,,,,,,,,,,,,,,,7.6,,,,,,,21993,,,,,,,,,16308,,,,,,,,,,,,,,,,,,,,,,,,,,,,,,,,,,,,,,,,,,,,,,,,,,,,,,,,,,,,,,,,,,,,,,14.8,,,,,,,,,,,,,,,,DOUGLAS
1994-07-01,3.1,,,,,,,,,,,,,,,,6.2,,,,,,,22010,,,,,,,,,16081,,,,,,,,,,,905.0,,,,,,,,,,,,,,,,,,,,,,,,,,,,,,,,,,,,,,,,,,,,,,,,,,,,,1074.0,,,,,,14.8,,,,,,,,,,,,,,,,DOUGLAS
1994-08-01,2.8,,,,,,,,,,,,,,,,6.2,,,,,,,21794,,,,,,,,,15926,,,,,,,,,,,,,,,,,,,,,,,,,,,,,,,,,,,,,,,,,,,,,,,,,,,,,,,,,,,,,,,,,,,,,,14.9,,,,,,,,,,,,,,,,DOUGLAS
1994-09-01,3.1,,,,,,,,,,,,,,,,5.8,,,,,,,21329,,,,,,,,,16049,,,,,,,,,,,,,,,,,,,,,,,,,,,,,,,,,,,,,,,,,,,,,,,,,,,,,,,,,,,,,,,,,,,,,,14.8,,,,,,,,,,,,,,,,DOUGLAS
1994-10-01,3.0,,,,,,,,,,,,,,,,5.7,,,,,,,21556,,,,,,,,,15681,,,,,,,,,,,923.0,,,,,,,,,,,,,,,,,,,,,,,,,,,,,,,,,,,,,,,,,,,,,,,,,,,,,1088.0,,,,,,15.0,,,,,,,,,,,,,,,,DOUGLAS
1994-11-01,3.4,,,,,,,,,,,,,,,,5.8,,,,,,,21453,,,,,,,,,15868,,,,,,,,,,,,,,,,,,,,,,,,,,,,,,,,,,,,,,,,,,,,,,,,,,,,,,,,,,,,,,,,,,,,,,15.1,,,,,,,,,,,,,,,,DOUGLAS
1994-12-01,4.6,,,,,,,,,,,,,,,,5.8,,,,,,,21517,,,,,,,,,15605,,,,,,,,,,,,,,,,,,,,,,,,,,,,,,,,,,,,,,,,,,,,,,,,,,,,,,,,,,,,,,,,,,,,,,15.2,,,,,,,,,,,,,,,,DOUGLAS
1995-01-01,6.1,30.831,,,243.0,18558.0,,31388.0,28471.0,,,2843.0,,1293.0,,,7.3,29720.0,42.84,18354.0,,,,21848,167.0,,3635.0,,572175.0,,,,15652,,,,,71.83,,,,,,919.0,34289.0,,,,,,9.3,2251.0,3435.0,7.4,,11.3,,,609.0,9.6,469.0,749.0,7.4,937.0,11.1,,728.0,1145.0,8.7,11.8,13.6,,,,,,,,,26685.0,32739.0,,,,786293.0,,5274.0,,12.4,4196.0,6352.0,9.9,,,,14.9,1093.0,,73.76,,,,15.3,,,,1570.0,18.9,1206.0,1934.0,14.5,23.2,2235.0,20.0,1742.0,2727.0,15.6,24.5,DOUGLAS
1995-02-01,5.6,,,,,,,,,,,,,,,,7.9,,,,,,,22056,,,,,,,,,15522,,,,,,,,,,,,,,,,,,,,,,,,,,,,,,,,,,,,,,,,,,,,,,,,,,,,,,,,,,,,,,,,,,,,,,15.1,,,,,,,,,,,,,,,,DOUGLAS
1995-03-01,6.0,,,,,,,,,,,,,,,,7.7,,,,,,,21923,,,,,,,,,15720,,,,,,,,,,,,,,,,,,,,,,,,,,,,,,,,,,,,,,,,,,,,,,,,,,,,,,,,,,,,,,,,,,,,,,15.2,,,,,,,,,,,,,,,,DOUGLAS
1995-04-01,5.0,,,,,,,,,,,,,,,,6.9,,,,,,,21832,,,,,,,,,15922,,,,,,,,,,,928.0,,,,,,,,,,,,,,,,,,,,,,,,,,,,,,,,,,,,,,,,,,,,,,,,,,,,,1085.0,,,,,,15.0,,,,,,,,,,,,,,,,DOUGLAS
1995-05-01,3.8,,,,,,,,,,,,,,,,5.6,,,,,,,21841,,,,,,,,,16197,,,,,,,,,,,,,,,,,,,,,,,,,,,,,,,,,,,,,,,,,,,,,,,,,,,,,,,,,,,,,,,,,,,,,,15.1,,,,,,,,,,,,,,,,DOUGLAS
1995-06-01,3.9,,,,,,,,,,,,,,,,5.9,,,,,,,22392,,,,,,,,,16833,,,,,,,,,,,,,,,,,,,,,,,,,,,,,,,,,,,,,,,,,,,,,,,,,,,,,,,,,,,,,,,,,,,,,,14.9,,,,,,,,,,,,,,,,DOUGLAS
1995-07-01,3.7,,,,,,,,,,,,,,,,5.3,,,,,,,22761,,,,,,,,,15957,,,,,,,,,,,909.0,,,,,,,,,,,,,,,,,,,,,,,,,,,,,,,,,,,,,,,,,,,,,,,,,,,,,1087.0,,,,,,14.9,,,,,,,,,,,,,,,,DOUGLAS
1995-08-01,3.4,,,,,,,,,,,,,,,,4.8,,,,,,,22227,,,,,,,,,16072,,,,,,,,,,,,,,,,,,,,,,,,,,,,,,,,,,,,,,,,,,,,,,,,,,,,,,,,,,,,,,,,,,,,,,14.8,,,,,,,,,,,,,,,,DOUGLAS
1995-09-01,3.6,,,,,,,,,,,,,,,,4.7,,,,,,,22227,,,,,,,,,16159,,,,,,,,,,,,,,,,,,,,,,,,,,,,,,,,,,,,,,,,,,,,,,,,,,,,,,,,,,,,,,,,,,,,,,14.9,,,,,,,,,,,,,,,,DOUGLAS
1995-10-01,3.1,,,,,,,,,,,,,,,,4.4,,,,,,,22410,,,,,,,,,16224,,,,,,,,,,,931.0,,,,,,,,,,,,,,,,,,,,,,,,,,,,,,,,,,,,,,,,,,,,,,,,,,,,,1107.0,,,,,,14.9,,,,,,,,,,,,,,,,DOUGLAS
1995-11-01,3.7,,,,,,,,,,,,,,,,5.0,,,,,,,22470,,,,,,,,,16067,,,,,,,,,,,,,,,,,,,,,,,,,,,,,,,,,,,,,,,,1.0,,,,,,,,,,,,,,,,,,,,,,,,,,,,,,15.0,,,,,,,,,,,,,,,,DOUGLAS
1995-12-01,5.0,,,,,,,,,,,,,,,,5.4,,,,,,,22402,,,,,,,,,15903,,,,,,,,,,,,,,,,,,,,,,,,,,,,,,,,,,,,,,,,,,,,,,,,,,,,,,,,,,,,,,,,,,,,,,15.0,,,,,,,,,,,,,,,,DOUGLAS
1996-01-01,6.1,31.305,,,279.0,20129.0,,,,,,,,,,,6.5,,42.967,19031.0,,,,22389,182.0,,,,630137.0,,,,16016,,,,,74.91,,,,,,933.0,,,,,,,,,,,,,,,,,,,,,,,,,,,,,,,,,,,,,,,,,817699.0,,,,,,,,,,,,1117.0,,77.46,,,,15.2,,,,,,,,,,,,,,,,DOUGLAS
1996-02-01,5.6,,,,,,,,,,,,,,,,7.1,,,,,,,22684,,,,,,,,,15961,,,,,,,,,,,,,,,,,,,,,,,,,,,,,,,,,,,,,,,,,,,,,,,,,,,,,,,,,,,,,,,,,,,,,,14.5,,,,,,,,,,,,,,,,DOUGLAS
1996-03-01,6.2,,,,,,,,,,,,,,,,6.9,,,,,,,22593,,,,,,,,,16293,,,,,,,,,,,,,,,,,,,,,,,,,,,,,,,,,,,,,,,,,,,,,,,,,,,,,,,,,,,,,,,,,,,,,,14.9,,,,,,,,,,,,,,,,DOUGLAS
1996-04-01,5.6,,,,,,,,,,,,,,,,6.3,,,,,,,22636,,,,,,,,,16582,,,,,,,,,,,951.0,,,,,,,,,,,,,,,,,,,,,,,,,,,,,,,,,,,,,,,,,,,,,,,,,,,,,1131.0,,,,,,15.1,,,,,,,,,,,,,,,,DOUGLAS
1996-05-01,4.7,,,,,,,,,,,,,,,,5.7,,,,,,,22761,,,,,,,,,17026,,,,,,,,,,,,,,,,,,,,,,,,,,,,,,,,,,,,,,,,,,,,,,,,,,,,,,,,,,,,,,,,,,,,,,15.1,,,,,,,,,,,,,,,,DOUGLAS
1996-06-01,4.1,,,,,,,,,,,,,,,,5.7,,,,,,,23215,,,,,,,,,17315,,,,,,,,,,,,,,,,,,,,,,,,,,,,,,,,,,,,,,,,,,,,,,,,,,,,,,,,,,,,,,,,,,,,,,15.4,,,,,,,,,,,,,,,,DOUGLAS
1996-07-01,3.6,,,,,,,,,,,,,,,,5.1,,,,,,,23269,,,,,,,,,16753,,,,,,,,,,,981.0,,,,,,,,,,,,,,,,,,,,,,,,,,,,,,,,,,,,,,,,,,,,,,,,,,,,,1114.0,,,,,,15.4,,,,,,,,,,,,,,,,DOUGLAS
1996-08-01,3.3,,,,,,,,,,,,,,,,5.0,,,,,,,22851,,,,,,,,,16853,,,,,,,,,,,,,,,,,,,,,,,,,,,,,,,,,,,,,,,,,,,,,,,,,,,,,,,,,,,,,,,,,,,,,,15.5,,,,,,,,,,,,,,,,DOUGLAS
1996-09-01,3.6,,,,,,,,,,,,,,,,4.0,,,,,,,22573,,,,,,,,,16860,,,,,,,,,,,,,,,,,,,,,,,,,,,,,,,,,,,,,,,,,,,,,,,,,,,,,,,,,,,,,,,,,,,,,,15.5,,,,,,,,,,,,,,,,DOUGLAS
1996-10-01,3.5,,,,,,,,,,,,,,,,3.4,,,,,,,22699,,,,,,,,,16604,,,,,,,,,,,980.0,,,,,,,,,,,,,,,,,,,,,,,,,,,,,,,,,,,,,,,,,,,,,,,,,,,,,1122.0,,,,,,15.5,,,,,,,,,,,,,,,,DOUGLAS
1996-11-01,4.3,,,,,,,,,,,,,,,,4.2,,,,,,,22898,,,,,,,,,16599,,,,,,,,,,,,,,,,,,,,,,,,,,,,,,,,,,,,,,,,,,,,,,,,,,,,,,,,,,,,,,,,,,,,,,15.7,,,,,,,,,,,,,,,,DOUGLAS
1996-12-01,4.9,,,,,,,,,,,,,,,,4.7,,,,,,,22889,,,,,,,,,16265,,,,,,,,,,,,,,,,,,,,,,,,,,,,,,,,,,,,,,,,,,,,,,,,,,,,,,,,,,,,,,,,,,,,,,15.6,,,,,,,,,,,,,,,,DOUGLAS
1997-01-01,6.4,31.677,,,285.0,21001.0,,34444.0,31439.0,,,2903.0,,974.0,,,6.3,31510.0,43.141000000000005,19935.0,,,,22922,140.0,,2496.0,,665254.0,,,,16129,,,,,80.35,,,,,,996.0,37432.0,,,,,,9.4,2240.0,3567.0,7.2,,11.5,,,748.0,11.9,532.0,964.0,8.5,1095.0,13.0,,816.0,1374.0,9.7,15.4,16.3,,,,,,,,,28448.0,34555.0,,,,860022.0,,5702.0,,13.4,4418.0,6985.0,10.4,,,,16.4,1123.0,,80.66,,,,15.1,719.0,784.0,78.96300000000001,1598.0,19.2,1123.0,2073.0,13.5,25.0,2406.0,21.2,1798.0,3014.0,15.9,26.6,DOUGLAS
1997-02-01,5.2,,,,,,,,,,,,,,,,7.1,,,,,,,23029,,,,,,,,,16006,,,,,,,,,,,,,,,,,,,,,,,,,,,,,,,,,,,,,,,,,,,,,,,,,,,,,,,,,,,,,,,,,,,,,,15.2,,,,,,,,,,,,,,,,DOUGLAS
1997-03-01,5.6,,,,,,,,,,,,,,,,7.0,,,,,,,23049,,,,,,,,,16233,,,,,,,,,,,,,,,,,,,,,,,,,,,,,,,,,,,,,,,,,,,,,,,,,,,,,,,,,,,,,,,,,,,,,,15.4,,,,,,,,,,,,,,,,DOUGLAS
1997-04-01,4.7,,,,,,,,,,,,,,,,6.4,,,,,,,22835,,,,,,,,,16497,,,,,,,,,,,1006.0,,,,,,,,,,,,,,,,,,,,,,,,,,,,,,,,,,,,,,,,,,,,,,,,,,,,,1117.0,,,,,,15.5,,,,,,,,,,,,,,,,DOUGLAS
1997-05-01,2.7,,,,,,,,,,,,,,,,5.1,,,,,,,22910,,,,,,,,,16755,,,,,,,,,,,,,,,,,,,,,,,,,,,,,,,,,,,,,,,,,,,,,,,,,,,,,,,,,,,,,,,,,,,,,,15.6,,,,,,,,,,,,,,,,DOUGLAS
1997-06-01,3.2,,,,,,,,,,,,,,,,5.5,,,,,,,23425,,,,,,,,,17204,,,,,,,,,,,,,,,,,,,,,,,,,,,,,,,,,,,,,,,,,,,,,,,,,,,,,,,,,,,,,,,,,,,,,,15.7,,,,,,,,,,,,,,,,DOUGLAS
1997-07-01,2.8,,,,,,,,,,,,,,,,4.4,,,,,,,23498,,,,,,,,,16981,,,,,,,,,,,1041.0,,,,,,,,,,,,,,,,,,,,,,,,,,,,,,,,,,,,,,,,,,,,,,,,,,,,,1174.0,,,,,,15.4,,,,,,,,,,,,,,,,DOUGLAS
1997-08-01,2.9,,,,,,,,,,,,,,,,4.9,,,,,,,23348,,,,,,,,,17227,,,,,,,,,,,,,,,,,,,,,,,,,,,,,,,,,,,,,,,,,,,,,,,,,,,,,,,,,,,,,,,,,,,,,,15.4,,,,,,,,,,,,,,,,DOUGLAS
1997-09-01,2.8,,,,,,,,,,,,,,,,3.7,,,,,,,22749,,,,,,,,,17025,,,,,,,,,,,,,,,,,,,,,,,,,,,,,,,,,,,,,,,,,,,,,,,,,,,,,,,,,,,,,,,,,,,,,,15.5,,,,,,,,,,,,,,,,DOUGLAS
1997-10-01,2.4,,,,,,,,,,,,,,,,3.2,,,,,,,23168,,,,,,,,,17045,,,,,,,,,,,1043.0,,,,,,,,,,,,,,,,,,,,,,,,,,,,,,,,,,,,,,,,,,,,,,,,,,,,,1150.0,,,,,,15.6,,,,,,,,,,,,,,,,DOUGLAS
1997-11-01,3.2,,,,,,,,,,,,,,,,3.8,,,,,,,23155,,,,,,,,,16841,,,,,,,,,,,,,,,,,,,,,,,,,,,,,,,,,,,,,,,,,,,,,,,,,,,,,,,,,,,,,,,,,,,,,,15.6,,,,,,,,,,,,,,,,DOUGLAS
1997-12-01,3.7,,,,,,,,,,,,,,,,4.0,,,,,,,22911,,,,,,,,,16647,,,,,,,,,,,,,,,,,,,,,,,,,,,,,,,,,,,,,,,,,,,,,,,,,,,,,,,,,,,,,,,,,,,,,,15.5,,,,,,,,,,,,,,,,DOUGLAS
1998-01-01,5.4,32.207,,,331.0,22533.0,31169.0,35842.0,32838.0,,6383.0,3190.0,,1029.0,,,5.5,33658.0,43.105,21349.0,,,,23056,191.0,,2321.0,,725714.0,,,,16700,,,,,83.67,,,,,,1048.0,38830.0,,8399.0,,,,10.2,2477.0,3903.0,7.9,,12.5,,,733.0,11.5,490.0,976.0,7.7,1113.0,13.2,,806.0,1419.0,9.6,15.3,16.9,42539.0,,,11299.0,,8425.0,,,30627.0,36672.0,,,,920256.0,,5369.0,,12.6,4161.0,6577.0,9.8,,,,15.5,1098.0,,85.19,,,,15.6,871.0,963.0,95.723,1519.0,18.0,1016.0,2022.0,12.1,24.0,2126.0,18.8,1549.0,2704.0,13.7,23.9,DOUGLAS
1998-02-01,4.5,,,,,,,,,,,,,,,,6.0,,,,,,,23097,,,,,,,,,16634,,,,,,,,,,,,,,,,,,,,,,,,,,,,,,,,,,,,,,,,,,,,,,,,,,,,,,,,,,,,,,,,,,,,,,15.8,,,,,,,,,,,,,,,,DOUGLAS
1998-03-01,4.5,,,,,,,,,,,,,,,,6.4,,,,,,,23211,,,,,,,,,16650,,,,,,,,,,,,,,,,,,,,,,,,,,,,,,,,,,,,,,,,,,,,,,,,,,,,,,,,,,,,,,,,,,,,,,15.8,,,,,,,,,,,,,,,,DOUGLAS
1998-04-01,3.2,,,,,,,,,,,,,,,,4.3,,,,,,,22838,,,,,,,,,16704,,,,,,,,,,,1060.0,,,,,,,,,,,,,,,,,,,,,,,,,,,,,,,,,,,,,,,,,,,,,,,,,,,,,1103.0,,,,,,15.8,,,,,,,,,,,,,,,,DOUGLAS
1998-05-01,2.7,,,,,,,,,,,,,,,,4.2,,,,,,,23201,,,,,,,,,17131,,,,,,,,,,,,,,,,,,,,,,,,,,,,,,,,,,,,,,,,,,,,,,,,,,,,,,,,,,,,,,,,,,,,,,15.8,,,,,,,,,,,,,,,,DOUGLAS
1998-06-01,2.7,,,,,,,,,,,,,,,,5.4,,,,,,,23770,,,,,,,,,17557,,,,,,,,,,,,,,,,,,,,,,,,,,,,,,,,,,,,,,,,,,,,,,,,,,,,,,,,,,,,,,,,,,,,,,15.7,,,,,,,,,,,,,,,,DOUGLAS
1998-07-01,2.2,,,,,,,,,,,,,,,,4.1,,,,,,,23565,,,,,,,,,17118,,,,,,,,,,,1057.0,,,,,,,,,,,,,,,,,,,,,,,,,,,,,,,,,,,,,,,,,,,,,,,,,,,,,1106.0,,,,,,15.9,,,,,,,,,,,,,,,,DOUGLAS
1998-08-01,2.2,,,,,,,,,,,,,,,,4.8,,,,,,,23353,,,,,,,,,17007,,,,,,,,,,,,,,,,,,,,,,,,,,,,,,,,,,,,,,,,,,,,,,,,,,,,,,,,,,,,,,,,,,,,,,15.9,,,,,,,,,,,,,,,,DOUGLAS
1998-09-01,2.1,,,,,,,,,,,,,,,,3.8,,,,,,,22791,,,,,,,,,16994,,,,,,,,,,,,,,,,,,,,,,,,,,,,,,,,,,,,,,,,,,,,,,,,,,,,,,,,,,,,,,,,,,,,,,16.0,,,,,,,,,,,,,,,,DOUGLAS
1998-10-01,2.1,,,,,,,,,,,,,,,,3.8,,,,,,,23164,,,,,,,,,16710,,,,,,,,,,,1064.0,,,,,,,,,,,,,,,,,,,,,,,,,,,,,,,,,,,,,,,,,,,,,,,,,,,,,1103.0,,,,,,16.0,,,,,,,,,,,,,,,,DOUGLAS
1998-11-01,3.2,,,,,,,,,,,,,,,,4.4,,,,,,,23220,,,,,,,,,16593,,,,,,,,,,,,,,,,,,,,,,,,,,,,,,,,,,,,,,,,,,,,,,,,,,,,,,,,,,,,,,,,,,,,,,15.9,,,,,,,,,,,,,,,,DOUGLAS
1998-12-01,3.6,,,,,,,,,,,,,,,,4.3,,,,,,,23048,,,,,,,,,16541,,,,,,,,,,,,,,,,,,,,,,,,,,,,,,,,,,,,,,,,,,,,,,,,,,,,,,,,,,,,,,,,,,,,,,16.0,,,,,,,,,,,,,,,,DOUGLAS
1999-01-01,4.7,32.489000000000004,,,296.0,23624.0,32578.0,37234.0,34934.0,,5949.0,2744.0,,948.0,,,5.8,34571.0,42.96,22333.0,,,,22665,228.0,,2193.0,,767506.0,,,,16564,288.2,,,239.8,90.01,24.544349939246658,,,,,1056.0,39685.0,,7858.0,,,,8.4,2082.0,3406.0,6.4,,10.5,,,584.0,9.8,370.0,798.0,6.2,781.0,9.9,,532.0,1030.0,6.8,13.4,13.1,42534.0,,,10155.0,30.07915567282322,7413.0,,,32424.0,36859.0,,,,959442.0,458.2,4712.0,,11.1,3593.0,5831.0,8.4,,,433.6,13.7,1085.0,,90.25,,,,16.2,878.0,1051.0,96.512,907.0,12.2,562.0,1252.0,7.6,16.9,1490.0,14.7,1045.0,1935.0,10.3,19.1,DOUGLAS
1999-02-01,4.8,,,,,,,,,,,,,,,,6.4,,,,,,,22668,,,,,,,,,16343,,,,,,,,,,,,,,,,,,,,,,,,,,,,,,,,,,,,,,,,,,,,,,,,,,,,,,,,,,,,,,,,,,,,,,16.1,,,,,,,,,,,,,,,,DOUGLAS
1999-03-01,4.6,,,,,,,,,,,,,,,,5.9,,,,,,,22657,,,,,,,,,16383,,,,,,,,,,,,,,,,,,,,,,,,,,,,,,,,,,,,,,,,,,,,,,,,,,,,,,,,,,,,,,,,,,,,,,16.2,,,,,,,,,,,,,,,,DOUGLAS
1999-04-01,3.3,,,,,,,,,,,,,,,,5.4,,,,,,,22599,,,,,,,,,16495,,,,,,24.531155474894128,,,,,1063.0,,,,,,,,,,,,,,,,,,,,,,,,,,,,,,,,30.522269952520915,,,,,,,,,,,,,,,,,,,,,1097.0,,,,,,16.5,,,,,,,,,,,,,,,,DOUGLAS
1999-05-01,2.7,,,,,,,,,,,,,,,,4.4,,,,,,,22634,,,,,,,,,17119,,,,,,,,,,,,,,,,,,,,,,,,,,,,,,,,,,,,,,,,,,,,,,,,,,,,,,,,,,,,,,,,,,,,,,16.4,,,,,,,,,,,,,,,,DOUGLAS
1999-06-01,3.4,,,,,,,,,,,,,,,,4.7,,,,,,,23054,,,,,,,,,17748,,,,,,,,,,,,,,,,,,,,,,,,,,,,,,,,,,,,,,,,,,,,,,,,,,,,,,,,,,,,,,,,,,,,,,16.5,,,,,,,,,,,,,,,,DOUGLAS
1999-07-01,2.9,,,,,,,,,,,,,,,,3.6,,,,,,,22849,,,,,,,,,16957,,,,,,23.02571860816944,,,,,1076.0,,,,,,,,,,,,,,,,,,,,,,,,,,,,,,,,29.098830543453325,,,,,,,,,,,,,,,,,,,,,1112.0,,,,,,16.6,,,,,,,,,,,,,,,,DOUGLAS
1999-08-01,2.5,,,,,,,,,,,,,,,,3.3,,,,,,,22475,,,,,,,,,17055,,,,,,,,,,,,,,,,,,,,,,,,,,,,,,,,,,,,,,,,,,,,,,,,,,,,,,,,,,,,,,,,,,,,,,16.7,,,,,,,,,,,,,,,,DOUGLAS
1999-09-01,2.6,,,,,,,,,,,,,,,,2.4,,,,,,,22286,,,,,,,,,16911,,,,,,,,,,,,,,,,,,,,,,,,,,,,,,,,,,,,,,,,,,,,,,,,,,,,,,,,,,,,,,,,,,,,,,16.7,,,,,,,,,,,,,,,,DOUGLAS
1999-10-01,2.1,,,,,,,,,,,,,,,,2.6,,,,,,,22554,,,,,,,,,16703,,,,,,23.830935251798557,,,,,1085.0,,,,,,,,,,,,,,,,,,,,,,,,,,,,,,,,28.781664656212307,,,,,,,,,,,,,,,,,,,,,1100.0,,,,,,16.6,,,,,,,,,,,,,,,,DOUGLAS
1999-11-01,3.1,,,,,,,,,,,,,,,,2.9,,,,,,,22595,,,,,,,,,16892,,,,,,,,,,,,,,,,,,,,,,,,,,,,,,,,,,,,,,,,,,,,,,,,,,,,,,,,,,,,,,,,,,,,,,16.5,,,,,,,,,,,,,,,,DOUGLAS
1999-12-01,3.9,,,,,,,,,,,,,,,,3.4,,,,,,,22762,,,,,,,,,17026,,,,,,,,,,,,,,,,,,,,,,,,,,,,,,,,,,,,,,,,,,,,,,,,,,,,,,,,,,,,,,,,,,,,,,16.7,,,,,,,,,,,,,,,,DOUGLAS
2000-01-01,4.8,32.881,,,328.0,25780.0,32859.0,39270.0,36560.0,,5624.0,2531.0,,908.0,,,5.1,36474.0,43.363,23906.0,,,,22344,233.0,,2240.0,,847712.0,,,,17757,271.6,,,225.9,100.0,24.144927536231886,,,,,1093.0,42181.0,,7519.0,,,,7.7,1977.0,3086.0,6.0,,9.4,,,451.0,8.0,309.0,593.0,5.5,715.0,9.5,,531.0,900.0,7.1,10.5,12.0,42601.0,,,9928.0,29.154043346539265,7199.0,,,33890.0,39254.0,,,,1036671.0,394.7,4616.0,,10.8,3624.0,5607.0,8.5,,,372.9,13.2,1094.0,,100.0,,,,16.8,1062.0,1199.0,116.647,910.0,12.6,646.0,1174.0,9.0,16.3,1475.0,14.9,1121.0,1829.0,11.3,18.4,DOUGLAS
2000-02-01,4.5,,,,,,,,,,,,,,,,5.6,,,,,,,22673,,,,,,,,,17685,,,,,,,,,,,,,,,,,,,,,,,,,,,,,,,,,,,,,,,,,,,,,,,,,,,,,,,,,,,,,,,,,,,,,,17.0,,,,,,,,,,,,,,,,DOUGLAS
2000-03-01,4.6,,,,,,,,,,,,,,,,6.1,,,,,,,22784,,,,,,,,,17860,,,,,,,,,,,,,,,,,,,,,,,,,,,,,,,,,,,,,,,,,,,,,,,,,,,,,,,,,,,,,,,,,,,,,,17.3,,,,,,,,,,,,,,,,DOUGLAS
2000-04-01,3.3,,,,,,,,,,,,,,,,5.4,,,,,,,22778,,,,,,,,,18043,,,,,,23.94160583941606,,,,,1114.0,,,,,,,,,,,,,,,,,,,,,,,,,,,,,,,,28.81002087682672,,,,,,,,,,,,,,,,,,,,,1090.0,,,,,,16.9,,,,,,,,,,,,,,,,DOUGLAS
2000-05-01,2.7,,,,,,,,,,,,,,,,4.8,,,,,,,22614,,,,,,,,,18406,,,,,,,,,,,,,,,,,,,,,,,,,,,,,,,,,,,,,,,,,,,,,,,,,,,,,,,,,,,,,,,,,,,,,,16.9,,,,,,,,,,,,,,,,DOUGLAS
2000-06-01,2.8,,,,,,,,,,,,,,,,4.4,,,,,,,22968,,,,,,,,,18804,,,,,,,,,,,,,,,,,,,,,,,,,,,,,,,,,,,,,,,,,,,,,,,,,,,,,,,,,,,,,,,,,,,,,,17.0,,,,,,,,,,,,,,,,DOUGLAS
2000-07-01,2.6,,,,,,,,,,,,,,,,4.0,,,,,,,22738,,,,,,,,,18354,,,,,,24.137008295424142,,,,,1117.0,,,,,,,,,,,,,,,,,,,,,,,,,,,,,,,,28.631029986962194,,,,,,,,,,,,,,,,,,,,,1088.0,,,,,,16.9,,,,,,,,,,,,,,,,DOUGLAS
2000-08-01,2.5,,,,,,,,,,,,,,,,4.0,,,,,,,22604,,,,,,,,,18464,,,,,,,,,,,,,,,,,,,,,,,,,,,,,,,,,,,,,,,,,,,,,,,,,,,,,,,,,,,,,,,,,,,,,,16.8,,,,,,,,,,,,,,,,DOUGLAS
2000-09-01,2.6,,,,,,,,,,,,,,,,3.4,,,,,,,22505,,,,,,,,,18647,,,,,,,,,,,,,,,,,,,,,,,,,,,,,,,,,,,,,,,,,,,,,,,,,,,,,,,,,,,,,,,,,,,,,,16.8,,,,,,,,,,,,,,,,DOUGLAS
2000-10-01,2.6,,,,,,,,,,,,,,,,3.2,,,,,,,22517,,,,,,,,,18398,,,,,,23.08884297520661,,,,,1132.0,,,,,,,,,,,,,,,,,,,,,,,,,,,,,,,,27.93786582620441,,,,,,,,,,,,,,,,,,,,,1090.0,,,,,,16.5,,,,,,,,,,,,,,,,DOUGLAS
2000-11-01,3.5,,,,,,,,,,,,,,,,3.7,,,,,,,22745,,,,,,,,,18238,,,,,,,,,,,,,,,,,,,,,,,,,,,,,,,,,,,,,,,,,,,,,,,,,,,,,,,,,,,,,,,,,,,,,,16.7,,,,,,,,,,,,,,,,DOUGLAS
2000-12-01,3.9,,,,,,,,,,,,,,,,3.9,,,,,,,22813,,,,,,,,,18107,,,,,,,,,,,,,,,,,,,,,,,,,,,,,,,,,,,,,,,,,,,,,,,,,,,,,,,,,,,,,,,,,,,,,,16.7,,,,,,,,,,,,,,,,DOUGLAS
2001-01-01,4.7,33.211999999999996,,,499.0,26600.0,33259.0,39255.0,36755.0,,5585.0,2634.0,,967.0,,,5.8,35602.0,43.537,23822.0,,,,22619,218.0,,2374.0,,883130.0,,,,18033,295.1,,,235.8,108.45,23.197903014416777,,,,,1114.0,41925.0,,7426.0,,,,7.9,2051.0,3217.0,6.2,,9.7,,,471.0,8.4,313.0,629.0,5.6,706.0,9.5,,508.0,904.0,6.8,11.3,12.2,42788.0,,,9810.0,28.26331161536733,7166.0,,,33280.0,38087.0,,,,1036944.0,399.1,4473.0,,10.5,3492.0,5454.0,8.2,,,374.2,12.7,1083.0,,106.15,,,,16.5,967.0,1096.0,106.191,960.0,13.4,662.0,1258.0,9.2,17.6,1447.0,14.7,1072.0,1821.0,10.9,18.6,DOUGLAS
2001-02-01,4.8,,,,,,,,,,,,,,,,6.3,,,,,,,22844,,,,,,,,,18120,,,,,,,,,,,,,,,,,,,,,,,,,,,,,,,,,,,,,,,,,,,,,,,,,,,,,,,,,,,,,,,,,,,,,,16.6,,,,,,,,,,,,,,,,DOUGLAS
2001-03-01,4.8,,,,,,,,,,,,,,,,6.4,,,,,,,22755,,,,,,,,,18303,,,,,,,,,,,,,,,,,,,,,,,,,,,,,,,,,,,,,,,,,,,,,,,,,,,,,,,,,,,,,,,,,,,,,,15.9,,,,,,,,,,,,,,,,DOUGLAS
2001-04-01,4.2,,,,,,,,,,,,,,,,6.1,,,,,,,22465,,,,,,,,,18472,,,,,,22.57019438444925,,,,,1119.0,,,,,,,,,,,,,,,,,,,,,,,,,,,,,,,,28.54343566296539,,,,,,,,,,,,,,,,,,,,,1084.0,,,,,,16.1,,,,,,,,,,,,,,,,DOUGLAS
2001-05-01,3.0,,,,,,,,,,,,,,,,4.8,,,,,,,22343,,,,,,,,,19213,,,,,,,,,,,,,,,,,,,,,,,,,,,,,,,,,,,,,,,,,,,,,,,,,,,,,,,,,,,,,,,,,,,,,,16.0,,,,,,,,,,,,,,,,DOUGLAS
2001-06-01,3.3,,,,,,,,,,,,,,,,4.4,,,,,,,22633,,,,,,,,,19318,,,,,,,,,,,,,,,,,,,,,,,,,,,,,,,,,,,,,,,,,,,,,,,,,,,,,,,,,,,,,,,,,,,,,,16.4,,,,,,,,,,,,,,,,DOUGLAS
2001-07-01,2.9,,,,,,,,,,,,,,,,3.8,,,,,,,22411,,,,,,,,,19017,,,,,,22.528672856362643,,,,,1122.0,,,,,,,,,,,,,,,,,,,,,,,,,,,,,,,,28.81762652705061,,,,,,,,,,,,,,,,,,,,,1095.0,,,,,,16.2,,,,,,,,,,,,,,,,DOUGLAS
2001-08-01,3.0,,,,,,,,,,,,,,,,4.3,,,,,,,22248,,,,,,,,,19076,,,,,,,,,,,,,,,,,,,,,,,,,,,,,,,,,,,,,,,,,,,,,,,,,,,,,,,,,,,,,,,,,,,,,,16.2,,,,,,,,,,,,,,,,DOUGLAS
2001-09-01,2.9,,,,,,,,,,,,,,,,4.2,,,,,,,22442,,,,,,,,,18891,,,,,,,,,,,,,,,,,,,,,,,,,,,,,,,,,,,,,,,,,,,,,,,,,,,,,,,,,,,,,,,,,,,,,,16.3,,,,,,,,,,,,,,,,DOUGLAS
2001-10-01,2.7,,,,,,,,,,,,,,,,4.3,,,,,,,22691,,,,,,,,,18773,,,,,,22.961730449251245,,,,,1116.0,,,,,,,,,,,,,,,,,,,,,,,,,,,,,,,,28.968688416903877,,,,,,,,,,,,,,,,,,,,,1086.0,,,,,,16.3,,,,,,,,,,,,,,,,DOUGLAS
2001-11-01,3.3,,,,,,,,,,,,,,,,4.7,,,,,,,22856,,,,,,,,,18523,,,,,,,,,,,,,,,,,,,,,,,,,,,,,,,,,,,,,,,,,,,,,,,,,,,,,,,,,,,,,,,,,,,,,,16.4,,,,,,,,,,,,,,,,DOUGLAS
2001-12-01,4.1,,,,,,,,,,,,,,,,5.7,,,,,,,22824,,,,,,,,,18457,,,,,,,,,,,,,,,,,,,,,,,,,,,,,,,,,,,,,,,,,,,,,,,,,,,,,,,,,,,,,,,,,,,,,,16.4,,,,,,,,,,,,,,,,DOUGLAS
2002-01-01,5.4,33.626,,,507.0,27721.0,33852.0,40401.0,37815.0,,5541.0,2587.0,,999.0,,,7.4,36090.0,43.623000000000005,24088.0,,,,22663,217.0,,2772.0,,931452.0,,,,18683,340.9,,,282.1,117.85,22.8872263784982,,,,,1121.0,43164.0,,7341.0,,,,7.6,1987.0,3186.0,5.9,,9.4,,,454.0,8.2,310.0,598.0,5.6,643.0,8.8,,464.0,822.0,6.3,10.8,11.2,43264.0,,,9834.0,29.122283766510442,7080.0,,,33729.0,38618.0,,,,1050075.0,437.2,4573.0,,10.6,3535.0,5610.0,8.2,,,405.7,13.0,1073.0,,111.77,,,,16.3,803.0,900.0,88.242,957.0,13.5,670.0,1244.0,9.5,17.6,1371.0,13.9,1016.0,1726.0,10.3,17.5,DOUGLAS
2002-02-01,5.1,,,,,,,,,,,,,,,,7.5,,,,,,,22750,,,,,,,,,18501,,,,,,,,,,,,,,,,,,,,,,,,,,,,,,,,,,,,,,,,,,,,,,,,,,,,,,,,,,,,,,,,,,,,,,16.3,,,,,,,,,,,,,,,,DOUGLAS
2002-03-01,5.2,,,,,,,,,,,,,,,,8.1,,,,,,,22815,,,,,,,,,18718,,,,,,,,,,,,,,,,,,,,,,,,,,,,,,,,,,,,,,,,,,,,,,,,,,,,,,,,,,,,,,,,,,,,,,16.4,,,,,,,,,,,,,,,,DOUGLAS
2002-04-01,4.5,,,,,,,,,,,,,,,,7.5,,,,,,,22783,,,,,,,,,18907,,,,,,22.338376891334253,,,,,1156.0,,,,,,,,,,,,,,,,,,,,,,,,,,,,,,,,29.043255913062005,,,,,,,,,,,,,,,,,,,,,1079.0,,,,,,16.3,,,,,,,,,,,,,,,,DOUGLAS
2002-05-01,3.0,,,,,,,,,,,,,,,,6.4,,,,,,,22772,,,,,,,,,19297,,,,,,,,,,,,,,,,,,,,,,,,,,,,,,,,,,,,,,,,,,,,,,,,,,,,,,,,,,,,,,,,,,,,,,16.3,,,,,,,,,,,,,,,,DOUGLAS
2002-06-01,3.1,,,,,,,,,,,,,,,,5.7,,,,,,,22990,,,,,,,,,19919,,,,,,,,,,,,,,,,,,,,,,,,,,,,,,,,,,,,,,,,,,,,,,,,,,,,,,,,,,,,,,,,,,,,,,16.4,,,,,,,,,,,,,,,,DOUGLAS
2002-07-01,3.1,,,,,,,,,,,,,,,,5.6,,,,,,,22980,,,,,,,,,19860,,,,,,21.997786386275603,,,,,1152.0,,,,,,,,,,,,,,,,,,,,,,,,,,,,,,,,28.72565622353937,,,,,,,,,,,,,,,,,,,,,1091.0,,,,,,16.5,,,,,,,,,,,,,,,,DOUGLAS
2002-08-01,2.8,,,,,,,,,,,,,,,,5.0,,,,,,,22678,,,,,,,,,19788,,,,,,,,,,,,,,,,,,,,,,,,,,,,,,,,,,,,,,,,,,,,,,,,,,,,,,,,,,,,,,,,,,,,,,16.6,,,,,,,,,,,,,,,,DOUGLAS
2002-09-01,2.8,,,,,,,,,,,,,,,,4.5,,,,,,,22833,,,,,,,,,19720,,,,,,,,,,,,,,,,,,,,,,,,,,,,,,,,,,,,,,,,,,,,,,,,,,,,,,,,,,,,,,,,,,,,,,16.6,,,,,,,,,,,,,,,,DOUGLAS
2002-10-01,2.6,,,,,,,,,,,,,,,,4.3,,,,,,,22778,,,,,,,,,19626,,,,,,22.36126224156692,,,,,1152.0,,,,,,,,,,,,,,,,,,,,,,,,,,,,,,,,28.8917089678511,,,,,,,,,,,,,,,,,,,,,1084.0,,,,,,16.5,,,,,,,,,,,,,,,,DOUGLAS
2002-11-01,3.2,,,,,,,,,,,,,,,,4.6,,,,,,,22817,,,,,,,,,19471,,,,,,,,,,,,,,,,,,,,,,,,,,,,,,,,,,,,,,,,,,,,,,,,,,,,,,,,,,,,,,,,,,,,,,16.7,,,,,,,,,,,,,,,,DOUGLAS
2002-12-01,3.7,,,,,,,,,,,,,,,,5.4,,,,,,,22926,,,,,,,,,19430,,,,,,,,,,,,,,,,,,,,,,,,,,,,,,,,,,,,,,,,,,,,,,,,,,,,,,,,,,,,,,,,,,,,,,16.6,,,,,,,,,,,,,,,,DOUGLAS
2003-01-01,5.3,34.157,,,582.0,29433.0,34348.0,41975.0,39474.0,,5464.0,2631.0,,1078.0,,,7.3,37245.0,43.833999999999996,24998.0,,,,23082,247.0,,3015.0,,1004417.0,,,,19264,335.7,,,268.5,121.4,22.302158273381295,,,,,1167.0,44636.0,,7252.0,,,,7.7,2027.0,3235.0,5.9,,9.4,,,454.0,8.3,314.0,594.0,5.7,726.0,10.0,,531.0,921.0,7.3,10.9,12.7,43145.0,,,9607.0,28.406663818880826,6992.0,,,35015.0,39618.0,,,,1094673.0,454.6,4879.0,,11.3,3773.0,5985.0,8.7,,,419.5,13.9,1099.0,,117.32,,,,16.8,1014.0,1198.0,111.387,961.0,13.7,671.0,1251.0,9.6,17.9,1572.0,16.4,1163.0,1980.0,12.1,20.6,DOUGLAS
2003-02-01,4.9,,,,,,,,,,,,,,,,7.1,,,,,,,23275,,,,,,,,,19151,,,,,,,,,,,,,,,,,,,,,,,,,,,,,,,,,,,,,,,,,,,,,,,,,,,,,,,,,,,,,,,,,,,,,,16.7,,,,,,,,,,,,,,,,DOUGLAS
2003-03-01,4.9,,,,,,,,,,,,,,,,7.4,,,,,,,23115,,,,,,,,,19437,,,,,,,,,,,,,,,,,,,,,,,,,,,,,,,,,,,,,,,,,,,,,,,,,,,,,,,,,,,,,,,,,,,,,,16.2,,,,,,,,,,,,,,,,DOUGLAS
2003-04-01,4.1,,,,,,,,,,,,,,,,7.0,,,,,,,23020,,,,,,,,,19499,,,,,,21.894794822362986,,,,,1176.0,,,,,,,,,,,,,,,,,,,,,,,,,,,,,,,,28.506493506493513,,,,,,,,,,,,,,,,,,,,,1094.0,,,,,,16.6,,,,,,,,,,,,,,,,DOUGLAS
2003-05-01,3.2,,,,,,,,,,,,,,,,6.1,,,,,,,23016,,,,,,,,,19888,,,,,,,,,,,,,,,,,,,,,,,,,,,,,,,,,,,,,,,,,,,,,,,,,,,,,,,,,,,,,,,,,,,,,,16.8,,,,,,,,,,,,,,,,DOUGLAS
2003-06-01,3.5,,,,,,,,,,,,,,,,5.9,,,,,,,23159,,,,,,,,,20505,,,,,,,,,,,,,,,,,,,,,,,,,,,,,,,,,,,,,,,,,,,,,,,,,,,,,,,,,,,,,,,,,,,,,,16.6,,,,,,,,,,,,,,,,DOUGLAS
2003-07-01,3.2,,,,,,,,,,,,,,,,5.9,,,,,,,22955,,,,,,,,,20376,,,,,,22.4105461393597,,,,,1192.0,,,,,,,,,,,,,,,,,,,,,,,,,,,,,,,,28.639411637464853,,,,,,,,,,,,,,,,,,,,,1094.0,,,,,,16.6,,,,,,,,,,,,,,,,DOUGLAS
2003-08-01,3.1,,,,,,,,,,,,,,,,5.8,,,,,,,22721,,,,,,,,,20357,,,,,,,,,,,,,,,,,,,,,,,,,,,,,,,,,,,,,,,,,,,,,,,,,,,,,,,,,,,,,,,,,,,,,,16.7,,,,,,,,,,,,,,,,DOUGLAS
2003-09-01,3.4,,,,,,,,,,,,,,,,5.8,,,,,,,23044,,,,,,,,,20210,,,,,,,,,,,,,,,,,,,,,,,,,,,,,,,,,,,,,,,,,,,,,,,,,,,,,,,,,,,,,,,,,,,,,,16.7,,,,,,,,,,,,,,,,DOUGLAS
2003-10-01,3.0,,,,,,,,,,,,,,,,5.2,,,,,,,22743,,,,,,,,,20081,,,,,,21.553610503282275,,,,,1185.0,,,,,,,,,,,,,,,,,,,,,,,,,,,,,,,,28.82531426094495,,,,,,,,,,,,,,,,,,,,,1100.0,,,,,,16.9,,,,,,,,,,,,,,,,DOUGLAS
2003-11-01,3.7,,,,,,,,,,,,,,,,5.6,,,,,,,22738,,,,,,,,,19905,,,,,,,,,,,,,,,,,,,,,,,,,,,,,,,,,,,,,,,,,,,,,,,,,,,,,,,,,,,,,,,,,,,,,,17.0,,,,,,,,,,,,,,,,DOUGLAS
2003-12-01,4.2,,,,,,,,,,,,,,,,6.0,,,,,,,22798,,,,,,,,,19653,,,,,,,,,,,,,,,,,,,,,,,,,,,,,,,,,,,,,,,,,,,,,,,,,,,,,,,,,,,,,,,,,,,,,,17.0,,,,,,,,,,,,,,,,DOUGLAS
2004-01-01,5.7,34.586,,,509.0,30884.0,34875.0,43702.0,41050.0,,5347.0,2620.0,,1281.0,,,7.5,38694.0,43.885,25900.0,265.0,,,22840,275.0,,3305.0,,1067207.0,,,,19440,328.2,,,275.9,133.66,21.83288409703504,,,,,1204.0,46525.0,,7219.0,,,,7.5,1990.0,3250.0,5.7,,9.3,,,467.0,8.7,310.0,624.0,5.8,731.0,10.1,,524.0,938.0,7.3,11.7,13.0,43354.0,,,9518.0,28.598889363519863,6880.0,,,36392.0,41141.0,,,,1135263.0,409.8,5912.0,,13.6,4554.0,7270.0,10.5,,,381.8,16.8,1089.0,,130.29,,,,16.9,1070.0,1458.0,117.525,1244.0,18.1,846.0,1642.0,12.3,23.9,1840.0,19.3,1340.0,2341.0,14.1,24.6,DOUGLAS
2004-02-01,5.2,,,,,,,,,,,,,,,,7.2,,,,,,,22960,,,,,,,,,19264,,,,,,,,,,,,,,,,,,,,,,,,,,,,,,,,,,,,,,,,,,,,,,,,,,,,,,,,,,,,,,,,,,,,,,17.1,,,,,,,,,,,,,,,,DOUGLAS
2004-03-01,5.4,,,,,,,,,,,,,,,,7.5,,,,,,,22981,,,,,,,,,19365,,,,,,,,,,,,,,,,,,,,,,,,,,,,,,,,,,,,,,,,,,,,,,,,,,,,,,,,,,,,,,,,,,,,,,17.2,,,,,,,,,,,,,,,,DOUGLAS
2004-04-01,3.8,,,,,,,,,,,,,,,,5.9,,,,,,,22724,,,,,,,,,19952,,,,,,21.342465753424662,,,,,1240.0,,,,,,,,,,,,,,,,,,,,,,,,,,,,,,,,28.656462585034014,,,,,,,,,,,,,,,,,,,,,1061.0,,,,,,17.2,,,,,,,,,,,,,,,,DOUGLAS
2004-05-01,3.1,,,,,,,,,,,,,,,,5.3,,,,,,,22812,,,,,,,,,20258,,,,,,,,,,,,,,,,,,,,,,,,,,,,,,,,,,,,,,,,,,,,,,,,,,,,,,,,,,,,,,,,,,,,,,16.9,,,,,,,,,,,,,,,,DOUGLAS
2004-06-01,3.5,,,,,,,,,,,,,,,,5.7,,,,,,,23085,,,,,,,,,20771,,,,,,,,,,,,,,,,,,,,,,,,,,,,,,,,,,,,,,,,,,,,,,,,,,,,,,,,,,,,,,,,,,,,,,16.7,,,,,,,,,,,,,,,,DOUGLAS
2004-07-01,3.1,,,,,,,,,,,,,,,,5.5,,,,,,,23034,,,,,,,,,20829,,,,,,21.82011708355509,,,,,1269.0,,,,,,,,,,,,,,,,,,,,,,,,,,,,,,,,28.651685393258425,,,,,,,,,,,,,,,,,,,,,1067.0,,,,,,16.9,,,,,,,,,,,,,,,,DOUGLAS
2004-08-01,3.2,,,,,,,,,,,,,,,,5.5,,,,,,,22979,,,,,,,,,20651,,,,,,,,,,,,,,,,,,,,,,,,,,,,,,,,,,,,,,,,,,,,,,,,,,,,,,,,,,,,,,,,,,,,,,17.1,,,,,,,,,,,,,,,,DOUGLAS
2004-09-01,3.4,,,,,,,,,,,,,,,,5.3,,,,,,,23028,,,,,,,,,20325,,,,,,,,,,,,,,,,,,,,,,,,,,,,,,,,,,,,,,,,,,,,,,,,,,,,,,,,,,,,,,,,,,,,,,17.0,,,,,,,,,,,,,,,,DOUGLAS
2004-10-01,2.8,,,,,,,,,,,,,,,,4.3,,,,,,,22720,,,,,,,,,20065,,,,,,21.483039705495656,,,,,1273.0,,,,,,,,,,,,,,,,,,,,,,,,,,,,,,,,28.180839612486547,,,,,,,,,,,,,,,,,,,,,1065.0,,,,,,17.0,,,,,,,,,,,,,,,,DOUGLAS
2004-11-01,3.3,,,,,,,,,,,,,,,,4.8,,,,,,,22808,,,,,,,,,19938,,,,,,,,,,,,,,,,,,,,,,,,,,,,,,,,,,,,,,,,,,,,,,,,,,,,,,,,,,,,,,,,,,,,,,17.0,,,,,,,,,,,,,,,,DOUGLAS
2004-12-01,4.0,,,,,,,,,,,,,,,,5.4,,,,,,,22728,,,,,,,,,19809,,,,,,,,,,,,,,,,,,,,,,,,,,,,,,,,,,,,,,,,,,,,,,,,,,,,,,,,,,,,,,,,,,,,,,17.0,,,,,,,,,,,,,,,,DOUGLAS
2005-01-01,5.4,35.141,,,448.0,30583.0,34374.0,42640.0,39424.0,,5279.0,3297.0,,1344.0,,,6.7,39420.0,43.934,26594.0,332.0,,,22501,189.0,,3555.0,,1073779.0,,,,19437,332.6,,,263.9,144.79,21.28712871287129,,,,,1242.0,45856.0,,7091.0,,,,9.6,2694.0,3901.0,7.8,,11.3,409.0,,510.0,9.7,387.0,633.0,7.3,818.0,11.5,,636.0,1000.0,9.0,12.0,14.1,42754.0,,,9354.0,27.377398720682308,6886.0,,,36937.0,41903.0,,,,1166744.0,409.2,5321.0,,12.4,4411.0,6231.0,10.3,,,374.7,14.6,1054.0,,141.69,,,,16.9,890.0,1189.0,97.79700000000001,1120.0,16.3,867.0,1373.0,12.6,19.9,1716.0,18.3,1361.0,2072.0,14.5,22.2,DOUGLAS
2005-02-01,5.4,,,,,,,,,,,,,,,,6.6,,,,,,,22604,,,,,,,,,19356,,,,,,,,,,,,,,,,,,,,,,,,,,,,,,,,,,,,,,,,,,,,,,,,,,,,,,,,,,,,,,,,,,,,,,17.0,,,,,,,,,,,,,,,,DOUGLAS
2005-03-01,5.3,,,,,,,,,,,,,,,,6.5,,,,,,,22523,,,,,,,,,19396,,,,,,,,,,,,,,,,,,,,,,,,,,,,,,,,,,,,,,,,,,,,,,,,,,,,,,,,,,,,,,,,,,,,,,17.2,,,,,,,,,,,,,,,,DOUGLAS
2005-04-01,3.9,,,,,,,,,,,,,,,,5.5,,,,,,,22580,,,,,,,,,19570,,,,,,19.964120963608405,,,,,1283.0,,,,,,,,,,,,,,,,,,,,,,,,,,,,,,,,27.34177215189873,,,,,,,,,,,,,,,,,,,,,1060.0,,,,,,17.8,,,,,,,,,,,,,,,,DOUGLAS
2005-05-01,3.0,,,,,,,,,,,,,,,,4.9,,,,,,,22600,,,,,,,,,20118,,,,,,,,,,,,,,,,,,,,,,,,,,,,,,,,,,,,,,,,,,,,,,,,,,,,,,,,,,,,,,,,,,,,,,17.4,,,,,,,,,,,,,,,,DOUGLAS
2005-06-01,3.3,,,,,,,,,,,,,,,,4.8,,,,,,,22841,,,,,,,,,20661,,1.0,,,,,,,,,,,,,,,,,,,,,,,,,,,,,,,,,,,,,,,,,,,,,,,,,,,,,,,,,,,,,,,,,,,,17.3,,,,,,,,,,,,,,,,DOUGLAS
2005-07-01,2.9,,,,,,,,,,,,,,,,4.9,,,,,,,22800,,,,,,,,,20700,,,,,,19.76927110644992,,,,,1322.0,,,,,,,,,,,,,,,,,,,,,,,,,,,,,,,,27.823867262284622,,,,,,,,,,,,,,,,,,,,,1070.0,,,,,,17.3,,,,,,,,,,,,,,,,DOUGLAS
2005-08-01,2.9,,,,,,,,,,,,,,,,4.8,,,,,,,22732,,,,,,,,,20573,,,,,,,,,,,,,,,,,,,,,,,,,,,,,,,,,,,,,,,,,,,,,,,,,,,,,,,,,,,,,,,,,,,,,,17.2,,,,,,,,,,,,,,,,DOUGLAS
2005-09-01,3.2,,,,,,,,,,,,,,,,4.7,,,,,,,22756,,,,,,,,,20378,,,,,,,,,,,,,,,,,,,,,,,,,,,,,,,,,,,,,,,,,,,,,,,,,,,,,,,,,,,,,,,,,,,,,,17.2,,,,,,,,,,,,,,,,DOUGLAS
2005-10-01,2.9,,,,,,,,,,,,,,,,4.1,,,,,,,22720,,,,,,,,,20199,,,,,,20.530654301906235,,,,,1344.0,,,,,,,,,,,,,,,,,,,,,,,,,,,,,,,,28.301075268817204,,,,,,,,,,,,,,,,,,,,,1064.0,,,,,,17.2,,,,,,,,,,,,,,,,DOUGLAS
2005-11-01,3.5,,,,,,,,,,,,,,,,4.8,,,,,,,22743,,,,,,,,,19966,,,,,,,,,,,,,,,,,,,,,,,,,,,,,,,,,,,,,,,,,,,,,,,,,,,,,,,,,,,,,,,,,,,,,,17.1,,,,,,,,,,,,,,,,DOUGLAS
2005-12-01,4.2,,,,,,,,,,,,,,,,5.1,,,,,,,22822,,,,,,,,,19973,,,,,,,,,,,,,,,,,,,,,,,,,,,,,,,,,,,,,,,,,,,,,,,,,,,,,,,,,,,,,,,,,,,,,,17.1,,,,,,,,,,,,,,,,DOUGLAS
2006-01-01,5.4,35.506,,,306.0,32252.0,34883.0,43866.0,40661.0,,5225.0,3342.0,,1500.0,,,6.0,42044.0,43.89,28302.0,312.0,,,22780,172.0,,3663.0,,1144031.0,,,,19748,279.7,1.0,,223.4,151.69,20.99818981122317,,,,,1323.0,47071.0,,7182.0,,,,9.6,2750.0,3933.0,7.9,,11.3,297.0,,521.0,10.0,403.0,639.0,7.7,801.0,11.2,,640.0,962.0,8.9,12.2,13.4,42770.0,,,9468.0,28.23504454815443,6955.0,,,38870.0,45217.0,,,,1240046.0,412.1,5517.0,,12.9,4594.0,6440.0,10.7,,,368.3,15.1,1085.0,,148.42,,,,17.2,994.0,1235.0,109.22399999999999,1019.0,14.7,799.0,1239.0,11.5,17.8,1634.0,17.3,1315.0,1953.0,13.9,20.6,DOUGLAS
2006-02-01,5.3,,,,,,,,,,,,,,,,6.1,,,,,,,23042,,,,,,,,,19665,,,,,,,,,,,,,,,,,,,,,,,,,,,,,,,,,,,,,,,,,,,,,,,,,,,,,,,,,,,,,,,,,,,,,,17.0,,,,,,,,,,,,,,,,DOUGLAS
2006-03-01,4.9,,,,,,,,,,,,,,,,6.6,,,,,,,23114,,,,,,,,,19756,,,,,,,,,,,,,,,,,,,,,,,,,,,,,,,,,,,,,,,,,,,,,,,,,,,,,,,,,,,,,,,,,,,,,,16.9,,,,,,,,,,,,,,,,DOUGLAS
2006-04-01,3.8,,,,,,,,,,,,,,,,5.6,,,,,,,22833,,,,,,,,,19540,,,,,,21.052631578947366,,,,,1322.0,,,,,,,,,,,,,,,,,,,,,,,,,,,,,,,,28.28092243186583,,,,,,,,,,,,,,,,,,,,,1067.0,,,,,,16.8,,,,,,,,,,,,,,,,DOUGLAS
2006-05-01,2.9,,,,,,,,,,,,,,,,4.7,,,,,,,22808,,,,,,,,,19977,,,,,,,,,,,,,,,,,,,,,,,,,,,,,,,,,,,,,,,,,,,,,,,,,,,,,,,,,,,,,,,,,,,,,,16.8,,,,,,,,,,,,,,,,DOUGLAS
2006-06-01,3.1,,,,,,,,,,,,,,,,4.7,,,,,,,23277,,,,,,,,,20592,,,,,,,,,,,,,,,,,,,,,,,,,,,,,,,,,,,,,,,,,,,,,,,,,,,,,,,,,,,,,,,,,,,,,,16.8,,,,,,,,,,,,,,,,DOUGLAS
2006-07-01,3.1,,,,,,,,,,,,,,,,4.7,,,,,,,23100,,,,,,,,,20524,,,,,,21.088607594936708,,,,,1305.0,,,,,,,,,,,,,,,,,,,,,,,,,,,,,,,,27.57531072256161,,,,,,,,,,,,,,,,,,,,,1070.0,,,,,,16.6,,,,,,,,,,,,,,,,DOUGLAS
2006-08-01,3.0,,,,,,,,,,,,,,,,4.7,,,,,,,23054,,,,,,,,,20480,,1.0,,,,,,,,,,,,,,,,,,,,,,,,,,,,,,,,,,,,,,,,,,,,,,,,,,,,,,,,,,,,,,,,,,,,16.2,,,,,,,,,,,,,,,,DOUGLAS
2006-09-01,3.3,,,,,,,,,,,,,,,,4.1,,,,,,,22999,,,,,,,,,20049,,,,,,,,,,,,,,,,,,,,,,,,,,,,,,,,,,,,,,,,,,,,,,,,,,,,,,,,,,,,,,,,,,,,,,16.0,,,,,,,,,,,,,,,,DOUGLAS
2006-10-01,3.0,,,,,,,,,,,,,,,,3.7,,,,,,,23157,,,,,,,,,20065,,,,,,21.165248775457588,,,,,1321.0,,,,,,,,,,,,,,,,,,,,,,,,,,,,,,,,28.680851063829788,,,,,,,,,,,,,,,,,,,,,1045.0,,,,,,15.8,,,,,,,,,,,,,,,,DOUGLAS
2006-11-01,3.6,,,,,,,,,,,,,,,,4.6,,,,,,,23320,,,,,,,,,19904,,,,,,,,,,,,,,,,,,,,,,,,,,,,,,,,,,,,,,,,,,,,,,,,,,,,,,,,,,,,,,,,,,,,,,15.4,,,,,,,,,,,,,,,,DOUGLAS
2006-12-01,4.5,,,,,,,,,,,,,,,,4.8,,,,,,,23322,,,,,,,,,19745,,,,,,,,,,,,,,,,,,,,,,,,,,,,,,,,,,,,,,,,,,,,,,,,,,,,,,,,,,,,,,,,,,,,,,15.4,,,,,,,,,,,,,,,,DOUGLAS
2007-01-01,5.9,35.969,,,228.0,34576.0,35496.0,44295.0,41201.0,,5305.0,3766.0,,1613.0,,,6.0,38787.0,43.833,30288.0,269.0,,,22949,180.0,,3968.0,,1241377.0,,,,19715,242.7,,,186.9,154.84,20.546875,,,,,1282.0,47388.0,,7431.0,,,,10.6,3078.0,4455.0,8.7,,12.6,289.0,,553.0,10.4,416.0,690.0,7.8,1007.0,13.6,,782.0,1232.0,10.5,13.0,16.6,42442.0,,,9314.0,28.706286204677106,6854.0,,,36270.0,41304.0,,,,1323893.0,432.2,6200.0,,14.6,5197.0,7203.0,12.2,,,383.4,17.0,1043.0,,150.86,,,,15.3,1137.0,1238.0,124.898,1173.0,17.1,928.0,1418.0,13.5,20.7,1837.0,19.7,1461.0,2212.0,15.7,23.7,DOUGLAS
2007-02-01,5.7,,,,,,,,,,,,,,,,6.3,,,,,,,23193,,,,,,,,,19656,,,,,,,,,,,,,,,,,,,,,,,,,,,,,,,,,,,,,,,,,,,,,,,,,,,,,,,,,,,,,,,,,,,,,,15.1,,,,,,,,,,,,,,,,DOUGLAS
2007-03-01,5.7,,,,,,,,,,,,,,,,6.0,,,,,,,23048,,,,,,,,,19717,,,,,,,,,,,,,,,,,,,,,,,,,,,,,,,,,,,,,,,,,,,,,,,,,,,,,,,,,,,,,,,,,,,,,,15.1,,,,,,,,,,,,,,,,DOUGLAS
2007-04-01,5.0,,,,,,,,,,,,,,,,5.8,,,,,,,22937,,,,,,,,,19796,,,,,,20.11144883485309,,,,,1296.0,,,,,,,,,,,,,,,,,,,,,,,,,,,,,,,,28.14562486693634,,,,,,,,,,,,,,,,,,,,,1044.0,,,,,,14.9,,,,,,,,,,,,,,,,DOUGLAS
2007-05-01,3.8,,,,,,,,,,,,,,,,4.7,,,,,,,23076,,,,,,,,,20098,,,,,,,,,,,,,,,,,,,,,,,,,,,,,,,,,,,,,,,,,,,,,,,,,,,,,,,,,,,,,,,,,,,,,,14.6,,,,,,,,,,,,,,,,DOUGLAS
2007-06-01,4.0,,,,,,,,,,,,,,,,4.8,,,,,,,23397,,,,,,,,,20667,,,,,,,,,,,,,,,,,,,,,,,,,,,,,,,,,,,,,,,,,,,,,,,,,,,,,,,,,,,,,,,,,,,,,,14.8,,,,,,,,,,,,,,,,DOUGLAS
2007-07-01,3.7,,,,,,,,,,,,,,,,4.8,,,,,,,23303,,,,,,,,,20611,,1.0,,,,21.241345202769534,,,,,1317.0,,,,,,,,,,,,,,,,,,,,,,,,,,,,,,,,28.2618118768964,,,,,,,,,,,,,,,,,,,,,1049.0,,,,,,14.7,,,,,,,,,,,,,,,,DOUGLAS
2007-08-01,3.6,,,,,,,,,,,,,,,,4.6,,,,,,,23111,,,,,,,,,20530,,,,,,,,,,,,,,,,,,,,,,,,,,,,,,,,,,,,,,,,,,,,,,,,,,,,,,,,,,,,,,,,,,,,,,14.7,,,,,,,,,,,,,,,,DOUGLAS
2007-09-01,3.8,,,,,,,,,,,,,,,,4.2,,,,,,,23240,,,,,,,,,20207,,,,,,,,,,,,,,,,,,,,,,,,,,,,,,,,,,,,,,,,,,,,,,,,,,,,,,,,,,,,,,,,,,,,,,14.6,,,,,,,,,,,,,,,,DOUGLAS
2007-10-01,3.4,,,,,,,,,,,,,,,,3.8,,,,,,,23274,,,,,,,,,19940,,,,,,21.41967621419676,,,,,1332.0,,,,,,,,,,,,,,,,,,,,,,,,,,,,,,,,28.3413147583805,,,,,,,,,,,,,,,,,,,,,1046.0,,,,,,14.3,,,,,,,,,,,,,,,,DOUGLAS
2007-11-01,3.8,,,,,,,,,,,,,,,,4.1,,,,,,,23296,,,,,,,,,19732,,,,,,,,,,,,,,,,,,,,,,,,,,,,,,,,,,,,,,,,,,,,,,,,,,,,,,,,,,,,,,,,,,,,,,14.3,,,,,,,,,,,,,,,,DOUGLAS
2007-12-01,4.7,,,,,,,,,,,,,,,,4.8,,,,,,,23282,,,,,,,,,19804,,,,,,,,,,,,,,,,,,,,,,,,,,,,,,,,,,,,,,,,,,,,,,,,,,,,,,,,,,,,,,,,,,,,,,14.4,,,,,,,,,,,,,,,,DOUGLAS
2008-01-01,5.6,36.205999999999996,,,158.0,39031.0,35686.0,48212.0,45506.0,,5185.0,3108.0,,1778.0,,,5.6,45788.0,43.996,32192.0,240.0,,,22973,123.0,,5088.0,,1409335.0,,,,19896,287.4,,,222.1,155.23,22.422549517521585,,,,,1283.0,50918.0,,7367.0,,,,8.7,2571.0,3645.0,7.2,35.2999999523163,10.2,342.0,,492.0,9.5,376.0,608.0,7.3,788.0,10.7,,618.0,958.0,8.4,11.7,13.0,42498.0,,,9342.0,28.34487379941925,6833.0,,,42543.0,49034.0,,,,1410996.0,393.9,4974.0,,11.7,4066.0,5883.0,9.6,65.67999982833861,,330.4,13.8,1045.0,,147.09,,,,14.0,1044.0,1077.0,114.751,984.0,14.4,753.0,1215.0,11.0,17.8,1545.0,16.5,1222.0,1869.0,13.1,20.0,DOUGLAS
2008-02-01,5.5,,,,,,,,,,,,,,,,5.9,,,,,,,23295,,,,,,,,,19785,,,,,,,,,,,,,,,,,,,,,,,,,,,,,,,,,,,,,,,,,,,,,,,,,,,,,,,,,,,,,,,,,,,,,,13.6,,,,,,,,,,,,,,,,DOUGLAS
2008-03-01,5.6,,,,,,,,,,,,,,,,5.7,,,,,,,23220,,,,,,,,,19866,,,,,,,,,,,,,,,,,,,,,,,,,,,,,,,,,,,,,,,,,,,,,,,,,,,,,,,,,,,,,,,,,,,,,,13.4,,,,,,,,,,,,,,,,DOUGLAS
2008-04-01,5.1,,,,,,,,,,,,,,,,5.3,,,,,,,23266,,,,,,,,,19974,,,,,,21.934988482211413,,,,,1297.0,,,,,,,,,,,,,,,,,,,,,,,,,,,,,,,,27.44786944696283,,,,,,,,,,,,,,,,,,,,,1046.0,,,,,,13.1,,,,,,,,,,,,,,,,DOUGLAS
2008-05-01,4.6,,,,,,,,,,,,,,,,4.9,,,,,,,23376,,,,,,,,,20443,,,,,,,,,,,,,,,,,,,,,,,,,,,,,,,,,,,,,,,,,,,,,,,,,,,,,,,,,,,,,,,,,,,,,,13.1,,,,,,,,,,,,,,,,DOUGLAS
2008-06-01,4.6,,,,,,,,,,,,,,,,4.7,,,,,,,23538,,,,,,,,,20910,,,,,,,,,,,,,,,,,,,,,,,,,,,,,,,,,,,,,,,,,,,,,,,,,,,,,,,,,,,,,,,,,,,,,,13.0,,,,,,,,,,,,,,,,DOUGLAS
2008-07-01,4.4,,,,,,,,,,,,,,,,4.8,,,,,,,23540,,,,,,,,,21254,,,,,,21.711688967432465,,,,,1322.0,,,,,,,,,,,,,,,,,,,,,,,,,,,,,,,,27.66388826312233,,,,,,,,,,,,,,,,,,,,,1036.0,,,,,,12.9,,,,,,,,,,,,,,,,DOUGLAS
2008-08-01,4.5,,,,,,,,,,,,,,,,5.0,,,,,,,23457,,,,,,,,,20953,,,,,,,,,,,,,,,,,,,,,,,,,,,,,,,,,,,,,,,,,,,,,,,,,,,,,,,,,,,,,,,,,,,,,,12.8,,,,,,,,,,,,,,,,DOUGLAS
2008-09-01,4.5,,,,,,,,,,,,,,,,4.5,,,,,,,23407,,,,,,,,,20482,,,,,,,,,,,,,,,,,,,,,,,,,,,,,,,,,,,,,,,,,,,,,,,,,,,,,,,,,,,,,,,,,,,,,,12.7,,,,,,,,,,,,,,,,DOUGLAS
2008-10-01,4.3,,,,,,,,,,,,,,,,4.7,,,,,,,23601,,,,,,,,,20406,,,,,,21.67725540025413,,,,,1320.0,,,,,,,,,,,,,,,,,,,,,,,,,,,,,,,,28.433138226024308,,,,,,,,,,,,,,,,,,,,,1021.0,,,,,,12.8,,,,,,,,,,,,,,,,DOUGLAS
2008-11-01,5.0,,,,,,,,,,,,,,,,5.6,,,,,,,23472,,,,,,,,,20204,,,,,,,,,,,,,,,,,,,,,,,,,,,,,,,,,,,,,,,,,,,,,,,,,,,,,,,,,,,,,,,,,,,,,,12.6,,,,,,,,,,,,,,,,DOUGLAS
2008-12-01,6.1,,,,,,,,,,,,,,,,6.6,,,,,,,23396,,,,,,,,,20188,,,,,,,,,,,,,,,,,,,,,,,,,,,,,,,,,,,,,,,,,,,,,,,,,,,,,,,,,,,,,,,,,,,,,,12.4,,,,,,,,,,,,,,,,DOUGLAS
2009-01-01,7.5,36.196999999999996,42.5,34958.0,94.0,38583.0,35799.0,43833.0,40572.0,,5315.0,3998.0,27.951013743965287,2330.0,1041.0,,7.9,42656.0,44.199,31880.0,266.0,35.603336196752146,74.95056345746075,23371,106.0,3.756298671552909,6678.0,,1391906.0,,2.2446689113355784,,20138,352.0,,17.637868718666198,259.0,150.4,20.851612903225806,,,153.0,329.0,1257.0,47093.0,168.0,7546.0,80.77868505071625,-668.0,28.440808469682388,11.2,3335.0,4660.0,9.3,36.7999999523163,13.0,228.0,33.5,625.0,11.8,477.0,773.0,9.0,957.0,12.7,38.0,742.0,1173.0,9.8,14.5,15.5,42989.0,,753.0,9083.0,27.70700636942675,6595.0,41290.0,319.0,39366.0,45945.0,,39.6,475.0,1402639.0,443.2,6072.0,,14.1,4928.0,7217.0,11.5,70.6299998760223,35.695695695695704,370.6,16.8,1008.0,20.43093842352599,146.53,325.0,,31.9,12.1,910.0,910.0,100.0,1215.0,18.4,958.0,1472.0,14.5,22.3,1898.0,20.9,1523.0,2272.0,16.8,25.0,DOUGLAS
2009-02-01,8.0,,,,,,,,,,,,,,,,8.8,,,,,,,23669,,,,,,,,,20240,,,,,,,,,,,,,,,,,,,,,,,,,,,,,,,,,,,,,,,,,,,,,,,,,,,,,,,,,,,,,,,,,,,,,,12.5,,,,,,,,,,,,,,,,DOUGLAS
2009-03-01,8.1,,,,,,,,,,,,,,,,9.4,,,,,,,23514,,,,,,,,,20402,,,,,,,,,,,,,,,,,,,,,,,,,,,,,,,,,,,,,,,,,,,,,,,,,,,,,,,,,,,,,,,,,,,,,,11.6,,,,,,,,,,,,,,,,DOUGLAS
2009-04-01,7.3,,,,,,,,,,,,,,,,8.9,,,,,,,23541,,,,,,,,,20727,,,,,,21.22302158273381,,,,,1278.0,,,,,,,,,,,,,,,,,,,,,,,,,,,,,,,,27.72120389228332,,,,,,,,,,,,,,,,,,,,,1013.0,,,,,,11.5,,,,,,,,,,,,,,,,DOUGLAS
2009-05-01,6.2,,,,,,,,,,,,,,,,7.9,,,,,,,23399,,,,,,,,,20944,,,,,,,,,,,,,,,,,,,,,,,,,,,,,,,,,,,,,,,,,,,,,,,,,,,,,,,,,,,,,,,,,,,,,,11.3,,,,,,,,,,,,,,,,DOUGLAS
2009-06-01,6.4,,,,,,,,,,,,,,,,8.4,,,,,,,23686,,,,,,,,,21498,,,,,,,,,,,,,,,,,,,,,,,,,,,,,,,,,,,,,,,,,,,,,,,,,,,,,,,,,,,,,,,,,,,,,,11.1,,,,,,,,,,,,,,,,DOUGLAS
2009-07-01,6.1,,,,,,,,,,,,,,,,7.7,,,,,,,23777,,,,,,,,,21607,,,,,,21.432199085830373,,,,,1273.0,,,,,,,,,,,,,,,,,,,,,,,,,,,,,,,,27.709770754507012,,,,,,,,,,,,,,,,,,,,,1015.0,,,,,,11.1,,,,,,,,,,,,,,,,DOUGLAS
2009-08-01,6.0,,,,,,,,,,,,,,,,7.6,,,,,,,23441,,,,,,,,,21295,,,,,,,,,,,,,,,,,,,,,,,,,,,,,,,,,,,,,,,,,,,,,,,,,,,,,,,,,,,,,,,,,,,,,,11.0,,,,,,,,,,,,,,,,DOUGLAS
2009-09-01,6.0,,,,,,,,,,,,,,,,7.0,,,,,,,23110,,,,,,,,,20837,,,,,,,,,,,,,,,,,,,,,,,,,,,,,,,,,,,,,,,,,,,,,,,,,,,,,,,,,,,,,,,,,,,,,,10.9,,,,,,,,,,,,,,,,DOUGLAS
2009-10-01,5.7,,,,,,,,,,,,,,,,7.9,,,,,,,23631,,,,,,,,,20648,,,,,,22.06032719836401,,,,,1280.0,,,,,,,,,,,,,,,,,,,,,,,,,,,,,,,,27.824126268320178,,,,,,,,,,,,,,,,,,,,,1011.0,,,,,,10.8,,,,,,,,,,,,,,,,DOUGLAS
2009-11-01,5.9,,,,,,,,,,,,,,,,8.3,,,,,,,23567,,,,,,,,,20520,,,,,,,,,,,,,,,,,,,,,,,,,,,,,,,,,,,,,,,,,,,,,,,,,,,,,,,,,,,,,,,,,,,,,,10.8,,,,,,,,,,,,,,,,DOUGLAS
2009-12-01,6.7,,,,,,,,,,,,,,,,8.5,,,,,,,23345,,,,,,,,,20343,,,,,,,,,,,,,,,,,,,,,,,,,,,,,,,,,,,,,,,,,,,,,,,,,,,,,,,,,,,,,,,,,,,,,,10.8,,,,,,,,,,,,,,,,DOUGLAS
2010-01-01,8.4,35.986,42.9,34951.0,105.0,40590.0,35530.0,48434.0,45605.0,21.4,5562.0,3423.0,35.21772586884797,2950.0,968.0,11.367579313342025,10.1,40930.0,44.13399999999999,32857.0,325.0,33.51722333189615,75.04319628866955,23401,88.0,3.707012058954891,7578.0,22.0,1461118.0,10.583959503282447,3.5844155844155843,33.805332312795,19383,353.1,,17.87653446647781,265.2,142.89,20.56904202558079,,91.2,134.0,349.0,1251.0,51263.0,122.0,7763.0,82.12918121410068,-554.0,22.4428997020854,9.6,2802.0,4044.0,7.9,39.0199999809265,11.3,309.0,35.6,655.0,11.8,491.0,819.0,8.8,992.0,12.8,182.0,754.0,1230.0,9.7,14.8,15.9,42733.0,,815.0,9223.0,27.309968138370504,6651.0,40793.0,322.0,38983.0,42877.0,32.099488708990194,39.8,572.0,1451169.0,405.4,6063.0,,14.2,4997.0,7129.0,11.7,66.6599998474121,34.62337171984141,336.8,16.7,989.0,20.340794949060122,143.42,463.0,90.5,33.2,10.7,951.0,983.0,104.485,1159.0,17.4,888.0,1430.0,13.3,21.5,1833.0,19.9,1423.0,2243.0,15.5,24.3,DOUGLAS
2010-02-01,8.3,,,,,,,,,,,,,,,,10.4,,,,,,,23710,,,,,,,,,19357,,,,,,,,,,,,,,,,,,,,,,,,,,,,,,,,,,,,,,,,,,,,,,,,,,,,,,,,,,,,,,,,,,,,,,10.7,,,,,,,,,,,,,,,,DOUGLAS
2010-03-01,8.4,,,,,,,,,,,,,,,,10.3,,,,,,,23821,,,,,,,,,19455,,,,,,,,,,,,,,,,,,,,,,,,,,,,,,,,,,,,,,,,,,,,,,,,,,,,,,,,,,,,,,,,,,,,,,10.5,,,,,,,,,,,,,,,,DOUGLAS
2010-04-01,7.0,,,,,,,,,,,,,,,,8.6,,,,,,,23836,,,,,,,,,19571,,,,,,20.40445942442313,,,,,1249.0,,,,,,,,,,,,,,,,,,,,,,,,,,,,,,,,27.775270758122744,,,,,,,,,,,,,,,,,,,,,1005.0,,,,,,10.8,,,,,,,,,,,,,,,,DOUGLAS
2010-05-01,6.3,,,,,,,,,,,,,,,,8.1,,,,,,,23921,,,,,,,,,19897,,,,,,,,,,,,,,,,,,,,,,,,,,,,,,,,,,,,,,,,,,,,,,,,,,,,,,,,,,,,,,,,,,,,,,10.8,,,,,,,,,,,,,,,,DOUGLAS
2010-06-01,6.4,,,,,,,,,,,,,,,,8.2,,,,,,,24090,,,,,,,,,20181,,,,,,,,,,,,,,,,,,,,,,,,,,,,,,,,,,,,,,,,,,,,,,,,,,,,,,,,,,,,,,,,,,,,,,10.7,,,,,,,,,,,,,,,,DOUGLAS
2010-07-01,6.1,,,,,,,,,,,,,,,,7.9,,,,,,,23943,,,,,,,,,20688,,,,,,20.67717756526234,,,,,1256.0,,,,,,,,,,,,,,,,,,,,,,,,,,,,,,,,27.67535971223021,,,,,,,,,,,,,,,,,,,,,1007.0,,,,,,10.6,,,,,,,,,,,,,,,,DOUGLAS
2010-08-01,6.1,,,,,,,,,,,,,,,,7.7,,,,,,,23830,,,,,,,,,20307,,,,,,,,,,,,,,,,,,,,,,,,,,,,,,,,,,,,,,,,,,,,,,,,,,,,,,,,,,,,,,,,,,,,,,10.5,,,,,,,,,,,,,,,,DOUGLAS
2010-09-01,6.0,,,,,,,,,,,,,,,,6.8,,,,,,,23660,,,,,,,,,19906,,,,,,,,,,,,,,,,,,,,,,,,,,,,,,,,,,,,,,,,,,,,,,,,,,,,,,,,,,,,,,,,,,,,,,10.5,,,,,,,,,,,,,,,,DOUGLAS
2010-10-01,5.6,,,,,,,,,,,,,,,,7.0,,,,,,,23650,,,,,,,,,19753,,,,,,21.56153050672182,,,,,1263.0,,,,,,,,,,,,,,,,,,,,,,,,,,,,,,,,27.455806668158427,,,,,,,,,,,,,,,,,,,,,1023.0,,,,,,10.5,,,,,,,,,,,,,,,,DOUGLAS
2010-11-01,6.1,,,,,,,,,,,,,,,,7.4,,,,,,,23531,,,,,,,,,19693,,,,,,,,,,,,,,,,,,,,,,,,,,,,,,,,,,,,,,,,,,,,,,,,,,,,,,,,,,,,,,,,,,,,,,10.5,,,,,,,,,,,,,,,,DOUGLAS
2010-12-01,7.0,,,,,,,,,,,,,,,,7.6,,,,,,,23460,,,,,,,,,19609,,,,,,,,,,,,,,,,,,,,,,,,,,,,,,,,,,,,,,,,,,,,,,,,,,,,,,,,,,,,,,,,,,,,,,10.5,,,,,,,,,,,,,,,,DOUGLAS
2011-01-01,8.0,36.175,43.2,35044.0,96.0,41431.0,35709.0,49161.0,46341.0,22.5,5553.0,3869.0,36.51752167147246,3188.0,342.0,11.299815902516,8.6,45935.0,43.95,34107.0,393.0,32.473235775134704,74.12840585842913,23311,73.0,5.682819383259911,8045.0,21.8,1502925.0,10.601515506601046,5.643459915611813,34.011847743887074,19528,314.3,,18.024985302763078,226.0,138.01,21.327501929508614,,91.3,138.0,360.0,1248.0,51981.0,113.0,7672.0,81.49768544653945,-648.0,23.291457286432163,10.8,3200.0,4538.0,8.9,35.8449999997392,12.7,216.0,37.5,693.0,12.5,520.0,866.0,9.4,1054.0,13.7,181.0,818.0,1290.0,10.6,15.6,16.8,42644.0,,773.0,9165.0,27.29723657605033,6603.0,40768.0,351.0,42552.0,49318.0,32.61171691255078,40.1,555.0,1499861.0,472.7,6009.0,,14.1,4963.0,7055.0,11.6,62.58399999979879,33.30773660971396,383.9,16.6,1013.0,20.37473694279701,141.36,482.0,91.2,33.3,10.8,991.0,937.0,108.867,1212.0,18.4,917.0,1507.0,13.9,22.9,1821.0,19.9,1414.0,2228.0,15.5,24.3,DOUGLAS
2011-02-01,7.8,,,,,,,,,,,,,,,,8.8,,,,,,,23685,,,,,,,,,19448,,,,,,,,,,,,,,,,,,,,,,,,,,,,,,,,,,,,,,,,,,,,,,,,,,,,,,,,,,,,,,,,,,,,,,10.6,,,,,,,,,,,,,,,,DOUGLAS
2011-03-01,7.6,,,,,,,,,,,,,,,,8.6,,,,,,,23674,,,,,,,,,19455,,,,,,,,,,,,,,,,,,,,,,,,,,,,,,,,,,,,,,,,,,,,,,,,,,,,,,,,,,,,,,,,,,,,,,10.5,,,,,,,,,,,,,,,,DOUGLAS
2011-04-01,6.6,,,,,,,,,,,,,,,,7.8,,,,,,,23559,,,,,,,,,19520,,,,,,20.903522205206734,,,,,1276.0,,,,,,,,,,,,,,,,,,,,,,,,,,,,,,,,26.53743315508021,,,,,,,,,,,,,,,,,,,,,1008.0,,,,,,10.6,,,,,,,,,,,,,,,,DOUGLAS
2011-05-01,5.7,,,,,,,,,,,,,,,,7.6,,,,,,,23756,,,,,,,,,19983,,,,,,,,,,,,,,,,,,,,,,,,,,,,,,,,,,,,,,,,,,,,,,,,,,,,,,,,,,,,,,,,,,,,,,10.5,,,,,,,,,,,,,,,,DOUGLAS
2011-06-01,5.9,,,,,,,,,,,,,,,,7.9,,,,,,,24037,,,,,,,,,20305,,,,,,,,,,,,,,,,,,,,,,,,,,,,,,,,,,,,,,,,,,,,,,,,,,,,,,,,,,,,,,,,,,,,,,10.4,,,,,,,,,,,,,,,,DOUGLAS
2011-07-01,5.7,,,,,,,,,,,,,,,,7.6,,,,,,,23536,,,,,,,,,20839,,,,,,21.108850457782303,,,,,1277.0,,,,,,,,,,,,,,,,,,,,,,,,,,,,,,,,26.61934338952973,,,,,,,,,,,,,,,,,,,,,1000.0,,,,,,10.5,,,,,,,,,,,,,,,,DOUGLAS
2011-08-01,5.2,,,,,,,,,,,,,,,,7.2,,,,,,,23552,,,,,,,,,20336,,,,,,,,,,,,,,,,,,,,,,,,,,,,,,,,,,,,,,,,,,,,,,,,,,,,,,,,,,,,,,,,,,,,,,10.5,,,,,,,,,,,,,,,,DOUGLAS
2011-09-01,5.0,,,,,,,,,,,,,,,,6.6,,,,,,,23612,,,,,,,,,19745,,,,,,,,,,,,,,,,,,,,,,,,,,,,,,,,,,,,,,,,,,,,,,,,,,,,,,,,,,,,,,,,,,,,,,10.6,,,,,,,,,,,,,,,,DOUGLAS
2011-10-01,4.8,,,,,,,,,,,,,,,,6.3,,,,,,,23676,,,,,,,,,19559,,,,,,22.071957131921412,,,,,1296.0,,,,,,,,,,,,,,,,,,,,,,,,,,,,,,,,26.86433063791555,,,,,,,,,,,,,,,,,,,,,988.0,,,,,,10.6,,,,,,,,,,,,,,,,DOUGLAS
2011-11-01,4.9,,,,,,,,,,,,,,,,6.5,,,,,,,23582,,,,,,,,,19360,,,,,,,,,,,,,,,,,,,,,,,,,,,,,,,,,,,,,,,,,,,,,,,,,,,,,,,,,,,,,,,,,,,,,,10.5,,,,,,,,,,,,,,,,DOUGLAS
2011-12-01,5.4,,,,,,,,,,,,,,,,6.9,,,,,,,23431,,,,,,,,,19287,,,,,,,,,,,,,,,,,,,,,,,,,,,,,,,,,,,,,,,,,,,,,,,,,,,,,,,,,,,,,,,,,,,,,,10.6,,,,,,,,,,,,,,,,DOUGLAS
2012-01-01,6.6,36.286,43.6,35100.0,89.0,45142.0,35963.0,53096.0,49795.0,23.6,5552.0,3479.0,32.573305095428985,3218.0,463.0,11.201817395067069,8.0,43573.0,43.745,35039.0,328.0,23.769499644489798,72.82350450471642,23138,72.0,6.126820908311911,7833.0,21.8,1645262.0,10.61770976092584,4.772599663110612,32.559332905708786,19366,374.3,,18.703217908359566,267.5,135.45,21.171974522292995,10.3,92.4,99.0,373.0,1290.0,56397.0,116.0,7629.0,80.95680053999324,-391.0,25.84714321048726,9.7,2788.0,4170.0,7.8,41.4799999999814,11.6,185.0,38.8,655.0,11.8,499.0,811.0,9.0,1006.0,13.2,206.0,781.0,1231.0,10.3,14.6,16.1,42386.0,,723.0,8994.0,26.278026905829602,6476.0,40676.0,440.0,41009.0,46137.0,31.96170189876822,40.0,511.0,1534720.0,435.8,6642.0,13.5,15.7,5682.0,7602.0,13.4,56.2889999998733,34.44090728213291,342.1,18.0,967.0,20.249820531227567,138.6,577.0,92.0,34.1,10.7,912.0,918.0,100.22200000000001,1234.0,19.1,960.0,1508.0,14.9,23.3,1931.0,21.5,1550.0,2312.0,17.3,25.7,DOUGLAS
2012-02-01,6.5,,,,,,,,,,,,,,,,8.1,,,,,,,23510,,,,,,,,,19262,,,,,,,,,,,,,,,,,,,,,,,,,,,,,,,,,,,,,,,,,,,,,,,,,,,,,,,,,,,,,,,,,,,,,,10.5,,,,,,,,,,,,,,,,DOUGLAS
2012-03-01,6.4,,,,,,,,,,,,,,,,7.8,,,,,,,23223,,,,,,,,,19439,,,,,,,,,,,,,,,,,,,,,,,,,,,,,,,,,,,,,,,,,,,,,,,,,,,,,,,,,,,,,,,,,,,,,,10.8,,,,,,,,,,,,,,,,DOUGLAS
2012-04-01,5.0,,,,,,,,,,,,,,,,6.9,,,,,,,23141,,,,,,,,,19441,,,,,,20.201511335012594,,,,,1307.0,,,,,,,,,,,,,,,,,,,,,,,,,,,,,,,,26.151426645697594,,,,,,,,,,,,,,,,,,,,,980.0,,,,,,10.6,,,,,,,,,,,,,,,,DOUGLAS
2012-05-01,4.6,,,,,,,,,,,,,,,,6.9,,,,,,,23423,,,,,,,,,19942,,,,,,,,,,,,,,,,,,,,,,,,,,,,,,,,,,,,,,,,,,,,,,,,,,,,,,,,,,,,,,,,,,,,,,10.5,,,,,,,,,,,,,,,,DOUGLAS
2012-06-01,4.9,,,,,,,,,,,,,,,,7.3,,,,,,,23794,,,,,,,,,20342,,,,,,,,,,,,,,,,,,,,,,,,,,,,,,,,,,,,,,,,,,,,,,,,,,,,,,,,,,,,,,,,,,,,,,10.4,,,,,,,,,,,,,,,,DOUGLAS
2012-07-01,4.7,,,,,,,,,,,,,,,,7.0,,,,,,,23585,,,,,,,,,20820,,,,,,20.059509050334736,,,,,1317.0,,,,,,,,,,,,,,,,,,,,,,,,,,,,,,,,26.08792184724689,,,,,,,,,,,,,,,,,,,,,981.0,,,,,,10.4,,,,,,,,,,,,,,,,DOUGLAS
2012-08-01,4.5,,,,,,,,,,,,,,,,6.6,,,,,,,23455,,,,,,,,,20303,,,,,,,,,,,,,,,,,,,,,,,,,,,,,,,,,,,,,,,,,,,,,,,,,,,,,,,,,,,,,,,,,,,,,,10.5,,,,,,,,,,,,,,,,DOUGLAS
2012-09-01,4.2,,,,,,,,,,,,,,,,5.7,,,,,,,23418,,,,,,,,,19832,,,,,,,,,,,,,,,,,,,,,,,,,,,,,,,,,,,,,,,,,,,,,,,,,,,,,,,,,,,,,,,,,,,,,,10.5,,,,,,,,,,,,,,,,DOUGLAS
2012-10-01,4.1,,,,,,,,,,,,,,,,5.4,,,,,,,23546,,,,,,,,,19796,,,,,,20.680238331678254,,,,,1321.0,,,,,,,,,,,,,,,,,,,,,,,,,,,,,,,,27.21533258173619,,,,,,,,,,,,,,,,,,,,,969.0,,,,,,10.5,,,,,,,,,,,,,,,,DOUGLAS
2012-11-01,4.1,,,,,,,,,,,,,,,,6.0,,,,,,,23453,,,,,,,,,19527,,,,,,,,,,,,,,,,,,,,,,,,,,,,,,,,,,,,,,,,,,,,,,,,,,,,,,,,,,,,,,,,,,,,,,10.5,,,,,,,,,,,,,,,,DOUGLAS
2012-12-01,5.0,,,,,,,,,,,,,,,,6.6,,,,,,,23496,,,,,,,,,19643,,,,,,,,,,,,,,,,,,,,,,,,,,,,,,,,,,,,,,,,,,,,,,,,,,,,,,,,,,,,,,,,,,,,,,10.5,,,,,,,,,,,,,,,,DOUGLAS
2013-01-01,6.1,36.34,43.9,35132.0,162.0,44916.0,36046.0,52122.0,48740.0,23.6,5626.0,3757.0,27.34298776482541,3064.0,84.0,12.242238860482106,7.8,43417.0,43.733000000000004,35612.0,378.0,17.919743218849803,72.60283637903055,23386,74.0,6.473829201101927,7385.0,21.7,1641444.0,11.573224338705947,4.815032295948328,32.409936272597214,19570,334.3,,18.29558754681648,227.5,138.72,20.04914004914005,10.8,92.6,79.0,413.0,1283.0,55504.0,99.0,7626.0,81.2165381920112,-430.0,24.71177944862156,10.4,3111.0,4403.0,8.6,42.7889999998733,12.2,201.0,39.3,678.0,12.1,509.0,847.0,9.1,991.0,13.0,158.0,770.0,1212.0,10.1,15.1,15.9,42503.0,,748.0,9044.0,26.11060743427017,6549.0,40632.0,432.0,40101.0,46733.0,31.85120445731141,40.0,531.0,1560465.0,440.7,7337.0,15.1,17.3,6316.0,8358.0,14.9,58.525999999605105,37.629070691024616,340.7,19.7,971.0,20.61209153495588,138.49,583.0,92.7,34.2,10.4,859.0,1002.0,94.35600000000001,1334.0,20.4,1044.0,1624.0,16.0,24.8,1987.0,22.0,1599.0,2375.0,17.7,26.3,DOUGLAS
2013-02-01,5.9,,,,,,,,,,,,,,,,7.8,,,,,,,23628,,,,,,,,,19470,,,,,,,,,,,,,,,,,,,,,,,,,,,,,,,,,,,,,,,,,,,,,,,,,,,,,,,,,,,,,,,,,,,,,,10.4,,,,,,,,,,,,,,,,DOUGLAS
2013-03-01,5.7,,,,,,,,,,,,,,,,7.4,,,,,,,23550,,,,,,,,,19558,,,,,,,,,,,,,,,,,,,,,,,,,,,,,,,,,,,,,,,,,,,,,,,,,,,,,,,,,,,,,,,,,,,,,,10.5,,,,,,,,,,,,,,,,DOUGLAS
2013-04-01,5.0,,,,,,,,,,,,,,,,6.9,,,,,,,23598,,,,,,,,,19539,,,,,,19.88217967599411,,,,,1291.0,,,,,,,,,,,,,,,,,,,,,,,,,,,,,,,,26.160432627309604,,,,,,,,,,,,,,,,,,,,,988.0,,,,,,10.3,,,,,,,,,,,,,,,,DOUGLAS
2013-05-01,4.1,,,,,,,,,,,,,,,,6.5,,,,,,,23652,,,,,,,,,19972,,,,,,,,,,,,,,,,,,,,,,,,,,,,,,,,,,,,,,,,,,,,,,,,,,,,,,,,,,,,,,,,,,,,,,10.4,,,,,,,,,,,,,,,,DOUGLAS
2013-06-01,4.3,,,,,,,,,,,,,,,,7.1,,,,,,,23957,,,,,,,,,20384,,,,,,,,,,,,,,,,,,,,,,,,,,,,,,,,,,,,,,,,,,,,,,,,,,,,,,,,,,,,,,,,,,,,,,10.4,,,,,,,,,,,,,,,,DOUGLAS
2013-07-01,4.0,,,,,,,,,,,,,,,,6.7,,,,,,,23711,,,,,,,,,20636,,,,,,19.244391971664697,,,,,1289.0,,,,,,,,,,,,,,,,,,,,,,,,,,,,,,,,26.50116698493529,,,,,,,,,,,,,,,,,,,,,988.0,,,,,,10.4,,,,,,,,,,,,,,,,DOUGLAS
2013-08-01,3.8,,,,,,,,,,,,,,,,6.1,,,,,,,23570,,,,,,,,,20362,,,,,,,,,,,,,,,,,,,,,,,,,,,,,,,,,,,,,,,,,,,,,,,,,,,,,,,,,,,,,,,,,,,,,,10.5,,,,,,,,,,,,,,,,DOUGLAS
2013-09-01,3.6,,,,,,,,,,,,,,,,5.6,,,,,,,23473,,,,,,,,,19825,,,,,,,,,,,,,,,,,,,,,,,,,,,,,,,,,,,,,,,,,,,,,,,,,,,,,,,,,,,,,,,,,,,,,,10.5,,,,,,,,,,,,,,,,DOUGLAS
2013-10-01,3.3,,,,,,,,,,,,,,,,5.6,,,,,,,23470,,,,,,,,,19822,,,,,,19.44183864915572,,,,,1271.0,,,,,,,,,,,,,,,,,,,,,,,,,,,,,,,,26.884422110552762,,,,,,,,,,,,,,,,,,,,,975.0,,,,,,10.5,,,,,,,,,,,,,,,,DOUGLAS
2013-11-01,3.5,,,,,,,,,,,,,,,,5.8,,,,,,,23508,,,,,,,,,19706,,,,,,,,,,,,,,,,,,,,,,,,,,,,,,,,,,,,,,,,,,,,,,,,,,,,,,,,,,,,,,,,,,,,,,10.5,,,,,,,,,,,,,,,,DOUGLAS
2013-12-01,4.2,,,,,,,,,,,,,,,,6.1,,,,,,,23401,,,,,,,,,19634,,,,,,,,,,,,,,,,,,,,,,,,,,,,,,,,,,,,,,,,,,,,,,,,,,,,,,,,,,,,,,,,,,,,,,10.7,,,,,,,,,,,,,,,,DOUGLAS
2014-01-01,5.2,36.573,44.1,35231.0,118.0,44692.0,36309.0,52298.0,49030.0,24.2,5640.0,3474.0,23.65180009189796,2813.0,4.0,12.08156591609829,6.6,46475.0,43.629,37113.0,283.0,24.54374549175572,72.27953646127756,23350,72.0,6.015037593984963,6828.0,21.9,1644826.0,11.936727328572527,4.345238095238095,31.367939928174987,19425,395.3,,18.288660389347815,278.9,141.67,18.754439971584183,10.0,93.5,82.0,449.0,1258.0,55566.0,100.0,7649.0,82.38477848454414,-322.0,25.998975409836067,9.6,2824.0,4124.0,7.8,35.500999999698294,11.4,218.0,40.2,643.0,11.4,502.0,784.0,8.9,973.0,12.7,186.0,771.0,1175.0,10.1,13.9,15.3,42278.0,,766.0,8804.0,26.50853100291303,6481.0,40483.0,485.0,43346.0,49604.0,32.53817857540965,40.3,557.0,1624640.0,471.1,5896.0,15.5,13.9,4850.0,6942.0,11.4,46.819999999832405,40.700753717661435,349.5,16.4,947.0,21.062988232967466,141.33,509.0,93.2,34.6,10.7,689.0,921.0,75.649,1225.0,18.9,963.0,1487.0,14.9,22.9,1838.0,20.9,1456.0,2220.0,16.6,25.2,DOUGLAS
2014-02-01,5.2,,,,,,,,,,,,,,,,7.2,,,,,,,23672,,,,,,,,,19379,,,,,,,,,,,,,,,,,,,,,,,,,,,,,,,,,,,,,,,,,,,,,,,,,,,,,,,,,,,,,,,,,,,,,,10.6,,,,,,,,,,,,,,,,DOUGLAS
2014-03-01,4.9,,,,,,,,,,,,,,,,7.0,,,,,,,23531,,,,,,,,,19482,,,,,,,,,,,,,,,,,,,,,,,,,,,,,,,,,,,,,,,,,,,,,,,,,,,,,,,,,,,,,,,,,,,,,,10.6,,,,,,,,,,,,,,,,DOUGLAS
2014-04-01,3.9,,,,,,,,,,,,,,,,6.1,,,,,,,23290,,,,,,,,,19572,,,,,,18.748524203069657,,,,,1263.0,,,,,,,,,,,,,,,,,,,,,,,,,,,,,,,,25.7034859302814,,,,,,,,,,,,,,,,,,,,,940.0,,,,,,10.6,,,,,,,,,,,,,,,,DOUGLAS
2014-05-01,3.2,,,,,,,,,,,,,,,,5.6,,,,,,,23347,,,,,,,,,20031,,,,,,,,,,,,,,,,,,,,,,,,,,,,,,,,,,,,,,,,,,,,,,,,,,,,,,,,,,,,,,,,,,,,,,10.7,,,,,,,,,,,,,,,,DOUGLAS
2014-06-01,3.4,,,,,,,,,,,,,,,,5.9,,,,,,,23813,,,,,,,,,20356,,,,,,,,,,,,,,,,,,,,,,,,,,,,,,,,,,,,,,,,,,,,,,,,,,,,,,,,,,,,,,,,,,,,,,10.8,,,,,,,,,,,,,,,,DOUGLAS
2014-07-01,3.3,,,,,,,,,,,,,,,,5.7,,,,,,,23625,,,,,,,,,20574,,,,,,18.838862559241708,,,,,1265.0,,,,,,,,,,,,,,,,,,,,,,,,,,,,,,,,25.71547942343848,,,,,,,,,,,,,,,,,,,,,947.0,,,,,,10.8,,,,,,,,,,,,,,,,DOUGLAS
2014-08-01,3.1,,,,,,,,,,,,,,,,5.4,,,,,,,23459,,,,,,,,,20524,,,,,,,,,,,,,,,,,,,,,,,,,,,,,,,,,,,,,,,,,,,,,,,,,,,,,,,,,,,,,,,,,,,,,,10.8,,,,,,,,,,,,,,,,DOUGLAS
2014-09-01,2.8,,,,,,,,,,,,,,,,4.7,,,,,,,23522,,,,,,,,,19992,,,,,,,,,,,,,,,,,,,,,,,,,,,,,,,,,,,,,,,,,,,,,,,,,,,,,,,,,,,,,,,,,,,,,,10.8,,,,,,,,,,,,,,,,DOUGLAS
2014-10-01,2.6,,,,,,,,,,,,,,,,4.5,,,,,,,23629,,,,,,,,,19870,,,,,,19.84536082474227,,,,,1265.0,,,,,,,,,,,,,,,,,,,,,,,,,,,,,,,,26.726604004903965,,,,,,,,,,,,,,,,,,,,,951.0,,,,,,10.7,,,,,,,,,,,,,,,,DOUGLAS
2014-11-01,3.2,,,,,,,,,,,,,,,,4.7,,,,,,,23777,,,,,,,,,19796,,,,,,,,,,,,,,,,,,,,,,,,,,,,,,,,,,,,,,,,,,,,,,,,,,,,,,,,,,,,,,,,,,,,,,10.8,,,,,,,,,,,,,,,,DOUGLAS
2014-12-01,4.1,,,,,,,,,,,,,,,,4.8,,,,,,,23565,,,,,,,,,19492,,,,,,,,,,,,,,,,,,,,,,,,,,,,,,,,,,,,,,,,,,,,,,,,,,,,,,,,,,,,,,,,,,,,,,10.9,,,,,,,,,,,,,,,,DOUGLAS
2015-01-01,4.7,36.794000000000004,44.1,35366.0,163.0,46659.0,36597.0,56819.0,52422.0,24.7,5738.0,3206.0,22.260283308465176,2550.0,-67.0,11.973495306460519,5.8,48715.0,43.475,38586.0,265.0,29.03670659391686,71.64713925363634,23295,82.0,4.855275443510738,6203.0,22.5,1729025.0,12.261207149135654,2.3970497848801475,29.38164631744781,19832,426.4,,18.056514114385926,300.3,147.12,19.2389506026944,9.6,94.0,89.0,489.0,1243.0,61216.0,85.0,7773.0,81.13374913374912,-21.0,27.07297933560031,8.8,2576.0,3836.0,7.1,28.7719999998808,10.5,197.0,41.3,577.0,10.1,435.0,719.0,7.6,886.0,11.4,202.0,692.0,1080.0,8.9,12.6,13.9,42192.0,,680.0,8644.0,25.422314911366005,6397.0,40331.0,498.0,44825.0,52605.0,31.19435578699815,40.6,588.0,1683228.0,428.7,6228.0,15.8,14.8,5290.0,7166.0,12.6,43.5989999999292,41.68251955189178,308.7,17.0,969.0,21.3163224977769,140.04,483.0,93.4,35.4,10.8,763.0,996.0,83.87799999999999,1173.0,18.3,933.0,1413.0,14.5,22.1,1741.0,20.1,1429.0,2053.0,16.5,23.7,DOUGLAS
2015-02-01,4.6,,,,,,,,,,,,,,,,6.1,,,,,,,23504,,,,,,,,,19669,,,,,,,,,,,,,,,,,,,,,,,,,,,,,,,,,,,,,,,,,,,,,,,,,,,,,,,,,,,,,,,,,,,,,,10.7,,,,,,,,,,,,,,,,DOUGLAS
2015-03-01,4.6,,,,,,,,,,,,,,,,5.6,,,,,,,23253,,,,,,,,,19732,,,,,,,,,,,,,,,,,,,,,,,,,,,,,,,,,,,,,,,,,,,,,,,,,,,,,,,,,,,,,,,,,,,,,,10.9,,,,,,,,,,,,,,,,DOUGLAS
2015-04-01,3.4,,,,,,,,,,,,,,,,4.8,,,,,,,23219,,,,,,,,,19831,,,,,,18.48330241187384,,,,,1246.0,,,,,,,,,,,,,,,,,,,,,,,,,,,,,,,,24.973854842083245,,,,,,,,,,,,,,,,,,,,,995.0,,,,,,11.0,,,,,,,,,,,,,,,,DOUGLAS
2015-05-01,3.2,,,,,,,,,,,,,,,,4.9,,,,,,,23431,,,,,,,,,20219,,,,,,,,,,,,,,,,,,,,,,,,,,,,,,,,,,,,,,,,,,,,,,,,,,,,,,,,,,,,,,,,,,,,,,11.0,,,,,,,,,,,,,,,,DOUGLAS
2015-06-01,3.2,,,,,,,,,,,,,,,,5.3,,,,,,,23603,,,,,,,,,20659,,,,,,,,,,,,,,,,,,,,,,,,,,,,,,,,,,,,,,,,,,,,,,,,,,,,,,,,,,,,,,,,,,,,,,10.9,,,,,,,,,,,,,,,,DOUGLAS
2015-07-01,3.0,,,,,,,,,,,,,,,,4.7,,,,,,,23486,,,,,,,,,20681,,,,,,17.627906976744185,,,,,1227.0,,,,,,,,,,,,,,,,,,,,,,,,,,,,,,,,25.174537987679678,,,,,,,,,,,,,,,,,,,,,1013.0,,,,,,10.9,,,,,,,,,,,,,,,,DOUGLAS
2015-08-01,2.8,,,,,,,,,,,,,,,,4.4,,,,,,,23292,,,,,,,,,20595,,,,,,,,,,,,,,,,,,,,,,,,,,,,,,,,,,,,,,,,,,,,,,,,,,,,,,,,,,,,,,,,,,,,,,10.9,,,,,,,,,,,,,,,,DOUGLAS
2015-09-01,2.5,,,,,,,,,,,,,,,,4.1,,,,,,,23348,,,,,,,,,20136,,,,,,,,,,,,,,,,,,,,,,,,,,,,,,,,,,,,,,,,,,,,,,,,,,,,,,,,,,,,,,,,,,,,,,10.9,,,,,,,,,,,,,,,,DOUGLAS
2015-10-01,2.4,,,,,,,,,,,,,,,,4.1,,,,,,,23383,,,,,,,,,20064,,,,,,17.557786598178847,,,,,1225.0,,,,,,,,,,,,,,,,,,,,,,,,,,,,,,,,25.200082084957927,,,,,,,,,,,,,,,,,,,,,1032.0,,,,,,11.0,,,,,,,,,,,,,,,,DOUGLAS
2015-11-01,2.8,,,,,,,,,,,,,,,,4.7,,,,,,,23397,,,,,,,,,19960,,,,,,,,,,,,,,,,,,,,,,,,,,,,,,,,,,,,,,,,,,,,,,,,,,,,,,,,,,,,,,,,,,,,,,10.9,,,,,,,,,,,,,,,,DOUGLAS
2015-12-01,3.8,,,,,,,,,,,,,,,,5.0,,,,,,,23238,,,,,,,,,20275,,,,,,,,,,,,,,,,,,,,,,,,,,,,,,,,,,,,,,,,,,,,,,,,,,,,,,,,,,,,,,,,,,,,,,11.0,,,,,,,,,,,,,,,,DOUGLAS
2016-01-01,4.6,37.173,44.4,35503.0,155.0,48315.0,36964.0,55257.0,51812.0,25.1,5702.0,3172.0,22.58314218978664,,,11.897233893557427,5.8,50340.0,43.391999999999996,38861.0,219.0,30.54795005773173,70.21472392638037,23448,88.0,2.270577105014191,,22.8,1809692.0,12.343743508067307,5.638166047087981,27.709431751611014,20072,419.6,,17.906598114824334,293.1,151.63,17.18677224033535,8.7,94.8,79.0,532.0,1223.0,58702.0,104.0,7865.0,81.89028420356905,,24.2830833991055,8.6,2548.0,3796.0,6.9,,10.3,176.0,42.5,557.0,9.8,424.0,690.0,7.5,816.0,10.4,200.0,630.0,1002.0,8.0,12.1,12.8,42067.0,,747.0,8480.0,24.80476777640773,6303.0,40246.0,487.0,47365.0,53315.0,29.68331846565567,41.0,623.0,1690807.0,465.3,5733.0,15.5,13.6,4965.0,6501.0,11.8,,42.40328506591744,329.0,15.4,1013.0,21.688518955018658,147.42,509.0,93.6,35.3,11.0,805.0,1062.0,88.47,932.0,14.8,697.0,1167.0,11.1,18.5,1426.0,16.8,1117.0,1735.0,13.2,20.4,DOUGLAS
2016-02-01,4.6,,,,,,,,,,,,,,,,6.1,,,,,,,23759,,,,,,,,,20055,,,,,,,,,,,,,,,,,,,,,,,,,,,,,,,,,,,,,,,,,,,,,,,,,,,,,,,,,,,,,,,,,,,,,,11.3,,,,,,,,,,,,,,,,DOUGLAS
2016-03-01,4.4,,,,,,,,,,,,,,,,6.3,,,,,,,23722,,,,,,,,,20132,,,,,,,,,,,,,,,,,,,,,,,,,,,,,,,,,,,,,,,,,,,,,,,,,,,,,,,,,,,,,,,,,,,,,,11.3,,,,,,,,,,,,,,,,DOUGLAS
2016-04-01,3.2,,,,,,,,,,,,,,,,5.7,,,,,,,23684,,,,,,,,,20056,,,,,,16.795683790757682,,,,,1239.0,,,,,,,,,,,,,,,,,,,,,,,,,,,,,,,,24.865535788167147,,,,,,,,,,,,,,,,,,,,,1004.0,,,,,,11.3,,,,,,,,,,,,,,,,DOUGLAS
2016-05-01,2.7,,,,,,,,,,,,,,,,4.8,,,,,,,23724,,,,,,,,,20280,,,,,,,,,,,,,,,,,,,,,,,,,,,,,,,,,,,,,,,,,,,,,,,,,,,,,,,,,,,,,,,,,,,,,,11.2,,,,,,,,,,,,,,,,DOUGLAS
2016-06-01,3.1,,,,,,,,,,,,,,,,5.8,,,,,,,23742,,,,,,,,,20831,,,,,,,,,,,,,,,,,,,,,,,,,,,,,,,,,,,,,,,,,,,,,,,,,,,,,,,,,,,,,,,,,,,,,,11.2,,,,,,,,,,,,,,,,DOUGLAS
2016-07-01,3.0,,,,,,,,,,,,,,,,5.1,,,,,,,23720,,,,,,,,,20894,,,,,,16.38391819660702,,,,,1253.0,,,,,,,,,,,,,,,,,,,,,,,,,,,,,,,,24.726069878023573,,,,,,,,,,,,,,,,,,,,,1023.0,,,,,,11.1,,,,,,,,,,,,,,,,DOUGLAS
2016-08-01,3.1,,,,,,,,,,,,,,,,4.9,,,,,,,23536,,,,,,,,,20830,,,,,,,,,,,,,,,,,,,,,,,,,,,,,,,,,,,,,,,,,,,,,,,,,,,,,,,,,,,,,,,,,,,,,,11.1,,,,,,,,,,,,,,,,DOUGLAS
2016-09-01,3.0,,,,,,,,,,,,,,,,4.5,,,,,,,23723,,,,,,,,,20228,,,,,,,,,,,,,,,,,,,,,,,,,,,,,,,,,,,,,,,,,,,,,,,,,,,,,,,,,,,,,,,,,,,,,,11.2,,,,,,,,,,,,,,,,DOUGLAS
2016-10-01,2.8,,,,,,,,,,,,,,,,4.3,,,,,,,23832,,,,,,,,,20131,,,,,,17.181022570244128,,,,,1256.0,,,,,,,,,,,,,,,,,,,,,,,,,,,,,,,,24.541142503608988,,,,,,,,,,,,,,,,,,,,,1009.0,,,,,,11.3,,,,,,,,,,,,,,,,DOUGLAS
2016-11-01,3.1,,,,,,,,,,,,,,,,4.6,,,,,,,23597,,,,,,,,,20013,,,,,,,,,,,,,,,,,,,,,,,,,,,,,,,,,,,,,,,,,,,,,,,,,,,,,,,,,,,,,,,,,,,,,,11.3,,,,,,,,,,,,,,,,DOUGLAS
2016-12-01,4.2,,,,,,,,,,,,,,,,4.6,,,,,,,23377,,,,,,,,,20171,,,,,,,,,,,,,,,,,,,,,,,,,,,,,,,,,,,,,,,,,,,,,,,,,,,,,,,,,,,,,,,,,,,,,,11.3,,,,,,,,,,,,,,,,DOUGLAS
2017-01-01,5.0,37.575,,,234.0,,,,,,,,,,,,5.6,,43.284,,193.0,,,23676,86.0,,,,,,,,20278,,,,,157.16,16.11033843300881,,,,,1264.0,,,,,,,,,,,,,202.0,,,,,,,,,,,,,,,,,,,23.92489400363416,,,,,,,,,,,,,,,,,,,,,1005.0,,151.47,,,,11.4,,,,,,,,,,,,,,,,DOUGLAS
2017-02-01,4.6,,,,,,,,,,,,,,,,5.9,,,,,,,23964,,,,,,,,,20204,,,,,,,,,,,,,,,,,,,,,,,,,,,,,,,,,,,,,,,,,,,,,,,,,,,,,,,,,,,,,,,,,,,,,,11.4,,,,,,,,,,,,,,,,DOUGLAS
2017-03-01,4.3,,,,,,,,,,,,,,,,5.3,,,,,,,23777,,,,,,,,,20236,,,,,,,,,,,,,,,,,,,,,,,,,,,,,,,,,,,,,,,,,,,,,,,,,,,,,,,,,,,,,,,,,,,,,,11.3,,,,,,,,,,,,,,,,DOUGLAS
2017-04-01,3.3,,,,,,,,,,,,,,,,4.6,,,,,,,23733,,,,,,,,,20399,,,,,,15.901789811840295,,,,,1286.0,,,,,,,,,,,,,,,,,,,,,,,,,,,,,,,,23.07692307692308,,,,,,,,,,,,,,,,,,,,,1017.0,,,,,,11.3,,,,,,,,,,,,,,,,DOUGLAS
2017-05-01,2.6,,,,,,,,,,,,,,,,4.1,,,,,,,23646,,,,,,,,,20700,,,,,,,,,,,,,,,,,,,,,,,,,,,,,,,,,,,,,,,,,,,,,,,,,,,,,,,,,,,,,,,,,,,,,,11.3,,,,,,,,,,,,,,,,DOUGLAS
2017-06-01,2.7,,,,,,,,,,,,,,,,5.0,,,,,,,23856,,,,,,,,,21180,,,,,,,,,,,,,,,,,,,,,,,,,,,,,,,,,,,,,,,,,,,,,,,,,,,,,,,,,,,,,,,,,,,,,,11.4,,,,,,,,,,,,,,,,DOUGLAS
2017-07-01,2.5,,,,,,,,,,,,,,,,4.3,,,,,,,23829,,,,,,,,,21346,,,,,,16.39381537062301,,,,,1306.0,,,,,,,,,,,,,,,,,,,,,,,,,,,,,,,,22.69649086804843,,,,,,,,,,,,,,,,,,,,,1045.0,,,,,,11.4,,,,,,,,,,,,,,,,DOUGLAS
2017-08-01,2.5,,,,,,,,,,,,,,,,4.5,,,,,,,23716,,,,,,,,,21138,,,,,,,,,,,,,,,,,,,,,,,,,,,,,,,,,,,,,,,,,,,,,,,,,,,,,,,,,,,,,,,,,,,,,,11.4,,,,,,,,,,,,,,,,DOUGLAS
2017-09-01,2.3,,,,,,,,,,,,,,,,3.6,,,,,,,23976,,,,,,,,,20523,,,,,,,,,,,,,,,,,,,,,,,,,,,,,,,,,,,,,,,,,,,,,,,,,,,,,,,,,,,,,,,,,,,,,,11.4,,,,,,,,,,,,,,,,DOUGLAS
2017-10-01,2.0,,,,,,,,,,,,,,,,3.3,,,,,,,23793,,,,,,,,,20472,,,,,,16.91327111313453,,,,,1314.0,,,,,,,,,,,,,,,,,,,,,,,,,,,,,,,,23.33535721513864,,,,,,,,,,,,,,,,,,,,,1049.0,,,,,,11.4,,,,,,,,,,,,,,,,DOUGLAS
2017-11-01,2.9,,,,,,,,,,,,,,,,3.8,,,,,,,23771,,,,,,,,,20614,,,,,,,,,,,,,,,,,,,,,,,,,,,,,,,,,,,,,,,,,,,,,,,,,,,,,,,,,,,,,,,,,,,,,,11.5,,,,,,,,,,,,,,,,DOUGLAS
2017-12-01,3.7,,,,,,,,,,,,,,,,3.7,,,,,,,23579,,,,,,,,,20739,,,,,,,,,,,,,,,,,,,,,,,,,,,,,,,,,,,,,,,,,,,,,,,,,,,,,,,,,,,,,,,,,,,,,,11.5,,,,,,,,,,,,,,,,DOUGLAS
2018-01-01,4.1,,,,,,,,,,,,,,,,4.1,,,,,,,23655,,,,,,,,,20855,,,,,,16.14391143911439,,,,,1331.0,,,,,,,,,,,,,,,,,,,,,,,,,,,,,,,,22.57142857142857,,,,,,,,,,,,,,,,,,,,,1061.0,,,,,,11.4,,,,,,,,,,,,,,,,DOUGLAS
2018-02-01,3.9,,,,,,,,,,,,,,,,4.7,,,,,,,24198,,,,,,,,,20849,,,,,,,,,,,,,,,,,,,,,,,,,,,,,,,,,,,,,,,,,,,,,,,,,,,,,,,,,,,,,,,,,,,,,,11.4,,,,,,,,,,,,,,,,DOUGLAS
2018-03-01,3.9,,,,,,,,,,,,,,,,4.5,,,,,,,24062,,,,,,,,,20831,,,,,,,,,,,,,,,,,,,,,,,,,,,,,,,,,,,,,,,,,,,,,,,,,,,,,,,,,,,,,,,,,,,,,,11.5,,,,,,,,,,,,,,,,DOUGLAS
2018-04-01,3.1,,,,,,,,,,,,,,,,4.1,,,,,,,23915,,,,,,,,,21063,,,,,,15.862708719851575,,,,,,,,,,,,,,,,,,,,,,,,,,,,,,,,,,,,,22.83160674385537,,,,,,,,,,,,,,,,,,,,,,,,,,,11.5,,,,,,,,,,,,,,,,DOUGLAS
2018-05-01,2.1,,,,,,,,,,,,,,,,3.5,,,,,,,23778,,,,,,,,,21333,,,,,,,,,,,,,,,,,,,,,,,,,,,,,,,,,,,,,,,,,,,,,,,,,,,,,,,,,,,,,,,,,,,,,,11.5,,,,,,,,,,,,,,,,DOUGLAS
2018-06-01,2.4,,,,,,,,,,,,,,,,4.3,,,,,,,23973,,,,,,,,,21676,,,,,,,,,,,,,,,,,,,,,,,,,,,,,,,,,,,,,,,,,,,,,,,,,,,,,,,,,,,,,,,,,,,,,,11.5,,,,,,,,,,,,,,,,DOUGLAS
2018-07-01,2.3,,,,,,,,,,,,,,,,3.8,,,,,,,23867,,,,,,,,,21868,,,,,,,,,,,,,,,,,,,,,,,,,,,,,,,,,,,,,,,,,,,,,,,,,,,,,,,,,,,,,,,,,,,,,,11.5,,,,,,,,,,,,,,,,DOUGLAS
2018-08-01,2.1,,,,,,,,,,,,,,,,3.7,,,,,,,23709,,,,,,,,,21400,,,,,,,,,,,,,,,,,,,,,,,,,,,,,,,,,,,,,,,,,,,,,,,,,,,,,,,,,,,,,,,,,,,,,,11.6,,,,,,,,,,,,,,,,DOUGLAS
