DATE,MNGRAN1URN,SMU27000008081300001,MNGRAN1POP,PUA0T17MN27051A647NCEN,RACEDISPARITY027051,SMU27334608081300001SA,PI27051,2020RATIO027051,B14005DCYACS027051,DP04ACS027051,MNGRAN1LFN,CDC20N2U027051,USPTOISSUED027051,PCPI27051,PUAAMN27051A647NCEN,B01002001E027051,B080ACS027051,CDC20N2UAA027051,EQFXSUBPRIME027051,MHIMN27051A052NCEN,HC01ESTVC1727051,S1701ACS027051,HC01ESTVC1627051,ENU2705120510,BPPRIV027051,MHICILBMN27051A052NCEN,MHICIUBMN27051A052NCEN,PUA5T17RMN27051A647NCEN,HOWNRATEACS027051,NETMIGNACS027051,B03002012E027051,S1101SPHOUSE027051,PEAAMN27051A647NCEN,PPAAMN27051A156NCEN,PECILBAAMN27051A647NCEN,PECIUBAAMN27051A647NCEN,PPCILBAAMN27051A156NCEN,DMPCRATE027051,PPCIUBAAMN27051A156NCEN,FBITC027051,S1501ACSTOTAL027051,B03002003E027051,B03002006E027051,B03002005E027051,PE5T17MN27051A647NCEN,PP5T17MN27051A156NCEN,PECILB5T17MN27051A647NCEN,PECIUB5T17MN27051A647NCEN,PPCILB5T17MN27051A156NCEN,CBR27051MNA647NCEN,PEU18MN27051A647NCEN,PPU18MN27051A156NCEN,B03002004E027051,PECILBU18MN27051A647NCEN,PECIUBU18MN27051A647NCEN,PPCILBU18MN27051A156NCEN,PPCIUB5T17MN27051A156NCEN,PPCIUBU18MN27051A156NCEN,county
1991-01-01,9.7,53.6,6.256,,,31.3,97606.0,,,,2901,,,15602.0,,,,,,,,,,200.0,1.0,,,,,,,,,,,,,,,,,,,,,,,,,,,,,,,,,,GRANT
1991-02-01,9.0,53.6,,,,31.1,,,,,2852,,,,,,,,,,,,,,,,,,,,,,,,,,,,,,,,,,,,,,,,,,,,,,,,GRANT
1991-03-01,9.8,54.2,,,,31.0,,,,,2882,,,,,,,,,,,,,,,,,,,,,,,,,,,,,,,,,,,,,,,,,,,,,,,,GRANT
1991-04-01,7.5,54.0,,,,30.9,,,,,2892,,,,,,,,,,,,,201.0,,,,,,,,,,,,,,,,,,,,,,,,,,,,,,,,,,,GRANT
1991-05-01,4.6,54.2,,,,30.7,,,,,2872,,,,,,,,,,,,,,,,,,,,,,,,,,,,,,,,,,,,,,,,,,,,,,,,GRANT
1991-06-01,4.3,55.5,,,,31.1,,,,,2949,,,,,,,,,,,,,,,,,,,,,,,,,,,,,,,,,,,,,,,,,,,,,,,,GRANT
1991-07-01,4.5,55.0,,,,30.3,,,,,2807,,,,,,,,,,,,,201.0,,,,,,,,,,,,,,,,,,,,,,,,,,,,,,,,,,,GRANT
1991-08-01,4.5,54.9,,,,30.2,,,,,2796,,,,,,,,,,,,,,,,,,,,,,,,,,,,,,,,,,,,,,,,,,,,,,,,GRANT
1991-09-01,4.9,54.4,,,,30.1,,,,,2772,,,,,,,,,,,,,,,,,,,,,,,,,,,,,,,,,,,,,,,,,,,,,,,,GRANT
1991-10-01,3.7,54.5,,,,30.4,,,,,2794,,,,,,,,,,,,,199.0,,,,,,,,,,,,,,,,,,,,,,,,,,,,,,,,,,,GRANT
1991-11-01,7.3,54.3,,,,30.0,,,,,2812,,,,,,,,,,,,,,,,,,,,,,,,,,,,,,,,,,,,,,,,,,,,,,,,GRANT
1991-12-01,7.9,55.2,,,,30.5,,,,,2764,,,,,,,,,,,,,,,,,,,,,,,,,,,,,,,,,,,,,,,,,,,,,,,,GRANT
1992-01-01,9.6,54.3,6.197,,,30.4,109752.0,,,,2757,,,17711.0,,,,,,,,,,198.0,4.0,,,,,,,,,,,,,,,,,,,,,,,,,,,,,,,,,,GRANT
1992-02-01,9.3,54.4,,,,30.1,,,,,2731,,,,,,,,,,,,,,,,,,,,,,,,,,,,,,,,,,,,,,,,,,,,,,,,GRANT
1992-03-01,9.9,55.0,,,,30.3,,,,,2730,,,,,,,,,,,,,,,,,,,,,,,,,,,,,,,,,,,,,,,,,,,,,,,,GRANT
1992-04-01,7.6,55.0,,,,30.2,,,,,2844,,,,,,,,,,,,,198.0,,,,,,,,,,,,,,,,,,,,,,,,,,,,,,,,,,,GRANT
1992-05-01,5.5,55.3,,,,30.5,,,,,2871,,,,,,,,,,,,,,,,,,,,,,,,,,,,,,,,,,,,,,,,,,,,,,,,GRANT
1992-06-01,5.6,56.3,,,,30.4,,,,,2957,,,,,,,,,,,,,,,,,,,,,,,,,,,,,,,,,,,,,,,,,,,,,,,,GRANT
1992-07-01,5.3,56.1,,,,30.8,,,,,2791,,,,,,,,,,,,,199.0,,,,,,,,,,,,,,,,,,,,,,,,,,,,,,,,,,,GRANT
1992-08-01,4.7,56.1,,,,30.9,,,,,2760,,,,,,,,,,,,,,,,,,,,,,,,,,,,,,,,,,,,,,,,,,,,,,,,GRANT
1992-09-01,5.2,56.1,,,,31.0,,,,,2793,,,,,,,,,,,,,,,,,,,,,,,,,,,,,,,,,,,,,,,,,,,,,,,,GRANT
1992-10-01,4.0,56.3,,,,30.8,,,,,2835,,,,,,,,,,,,,197.0,,,,,,,,,,,,,,,,,,,,,,,,,,,,,,,,,,,GRANT
1992-11-01,5.8,56.4,,,,31.1,,,,,2878,,,,,,,,,,,,,,,,,,,,,,,,,,,,,,,,,,,,,,,,,,,,,,,,GRANT
1992-12-01,7.2,56.9,,,,29.7,,,,,2790,,,,,,,,,,,,,,,,,,,,,,,,,,,,,,,,,,,,,,,,,,,,,,,,GRANT
1993-01-01,9.1,56.2,6.17,,,31.2,96165.0,,,,2957,,,15586.0,,,,,,25204.0,,,,204.0,3.0,22794.0,27600.0,,,,,,822.0,13.4,648.0,995.0,10.6,,16.3,,,,,,184.0,14.8,138.0,230.0,11.1,475.0,260.0,16.1,,201.0,319.0,12.4,18.5,19.7,GRANT
1993-02-01,9.5,56.5,,,,31.3,,,,,2937,,,,,,,,,,,,,,,,,,,,,,,,,,,,,,,,,,,,,,,,,,,,,,,,GRANT
1993-03-01,9.8,56.9,,,,30.9,,,,,2981,,,,,,,,,,,,,,,,,,,,,,,,,,,,,,,,,,,,,,,,,,,,,,,,GRANT
1993-04-01,7.1,57.5,,,,31.8,,,,,2992,,,,,,,,,,,,,198.0,,,,,,,,,,,,,,,,,,,,,,,,,,,,,,,,,,,GRANT
1993-05-01,4.6,57.5,,,,31.7,,,,,3039,,,,,,,,,,,,,,,,,,,,,,,,,,,,,,,,,,,,,,,,,,,,,,,,GRANT
1993-06-01,5.6,58.5,,,,31.8,,,,,3131,,,,,,,,,,,,,,,,,,,,,,,,,,,,,,,,,,,,,,,,,,,,,,,,GRANT
1993-07-01,4.8,57.9,,,,31.6,,,,,2923,,,,,,,,,,,,,197.0,,,,,,,,,,,,,,,,,,,,,,,,,,,,,,,,,,,GRANT
1993-08-01,4.6,57.5,,,,31.4,,,,,2875,,,,,,,,,,,,,,,,,,,,,,,,,,,,,,,,,,,,,,,,,,,,,,,,GRANT
1993-09-01,4.5,57.5,,,,31.4,,,,,3032,,,,,,,,,,,,,,,,,,,,,,,,,,,,,,,,,,,,,,,,,,,,,,,,GRANT
1993-10-01,3.8,57.6,,,,31.8,,,,,3092,,,,,,,,,,,,,198.0,,,,,,,,,,,,,,,,,,,,,,,,,,,,,,,,,,,GRANT
1993-11-01,4.6,57.4,,,,31.7,,,,,3048,,,,,,,,,,,,,,,,,,,,,,,,,,,,,,,,,,,,,,,,,,,,,,,,GRANT
1993-12-01,5.6,57.9,,,,31.7,,,,,3017,,,,,,,,,,,,,,,,,,,,,,,,,,,,,,,,,,,,,,,,,,,,,,,,GRANT
1994-01-01,8.6,56.7,6.252999999999999,,,31.5,107782.0,,,,3003,,,17237.0,,,,,,,,,,204.0,3.0,,,,,,,,,,,,,,,,,,,,,,,,,,,,,,,,,,GRANT
1994-02-01,7.8,56.9,,,,31.5,,,,,2986,,,,,,,,,,,,,,,,,,,,,,,,,,,,,,,,,,,,,,,,,,,,,,,,GRANT
1994-03-01,8.1,57.4,,,,31.3,,,,,2997,,,,,,,,,,,,,,,,,,,,,,,,,,,,,,,,,,,,,,,,,,,,,,,,GRANT
1994-04-01,5.8,57.2,,,,31.2,,,,,2939,,,,,,,,,,,,,203.0,,,,,,,,,,,,,,,,,,,,,,,,,,,,,,,,,,,GRANT
1994-05-01,3.6,57.6,,,,31.4,,,,,3045,,,,,,,,,,,,,,,,,,,,,,,,,,,,,,,,,,,,,,,,,,,,,,,,GRANT
1994-06-01,3.6,58.4,,,,31.4,,,,,3059,,,,,,,,,,,,,,,,,,,,,,,,,,,,,,,,,,,,,,,,,,,,,,,,GRANT
1994-07-01,3.5,58.1,,,,31.4,,,,,2900,,,,,,,,,,,,,199.0,,,,,,,,,,,,,,,,,,,,,,,,,,,,,,,,,,,GRANT
1994-08-01,3.4,58.1,,,,31.6,,,,,2950,,,,,,,,,,,,,,,,,,,,,,,,,,,,,,,,,,,,,,,,,,,,,,,,GRANT
1994-09-01,3.4,58.4,,,,32.0,,,,,3049,,,,,,,,,,,,,,,,,,,,,,,,,,,,,,,,,,,,,,,,,,,,,,,,GRANT
1994-10-01,2.6,57.9,,,,31.6,,,,,3113,,,,,,,,,,,,,202.0,,,,,,,,,,,,,,,,,,,,,,,,,,,,,,,,,,,GRANT
1994-11-01,3.5,57.8,,,,31.8,,,,,3157,,,,,,,,,,,,,,,,,,,,,,,,,,,,,,,,,,,,,,,,,,,,,,,,GRANT
1994-12-01,5.2,57.9,,,,31.1,,,,,3064,,,,,,,,,,,,,,,,,,,,,,,,,,,,,,,,,,,,,,,,,,,,,,,,GRANT
1995-01-01,7.8,56.7,6.306,,,31.5,113093.0,,,,2988,,,17934.0,,,,,,28194.0,,,,194.0,5.0,25110.0,31262.0,,,,,,743.0,12.2,587.0,898.0,9.6,,14.8,,,,,,163.0,13.4,125.0,201.0,10.3,472.0,236.0,14.8,,182.0,289.0,11.5,16.4,18.2,GRANT
1995-02-01,7.5,57.1,,,,31.7,,,,,2944,,,,,,,,,,,,,,,,,,,,,,,,,,,,,,,,,,,,,,,,,,,,,,,,GRANT
1995-03-01,7.4,57.8,,,,31.7,,,,,3054,,,,,,,,,,,,,,,,,,,,,,,,,,,,,,,,,,,,,,,,,,,,,,,,GRANT
1995-04-01,5.7,57.7,,,,31.7,,,,,3175,,,,,,,,,,,,,196.0,,,,,,,,,,,,,,,,,,,,,,,,,,,,,,,,,,,GRANT
1995-05-01,3.9,58.0,,,,31.8,,,,,3099,,,,,,,,,,,,,,,,,,,,,,,,,,,,,,,,,,,,,,,,,,,,,,,,GRANT
1995-06-01,3.2,58.9,,,,32.0,,,,,3101,,,,,,,,,,,,,,,,,,,,,,,,,,,,,,,,,,,,,,,,,,,,,,,,GRANT
1995-07-01,3.0,58.3,,,,31.6,,,,,2998,,,,,,,,,,,,,193.0,,,,,,,,,,,,,,,,,,,,,,,,,,,,,,,,,,,GRANT
1995-08-01,2.8,58.2,,,,31.8,,,,,2889,,,,,,,,,,,,,,,,,,,,,,,,,,,,,,,,,,,,,,,,,,,,,,,,GRANT
1995-09-01,3.4,58.4,,,,31.9,,,,,2993,,,,,,,,,,,,,,,,,,,,,,,,,,,,,,,,,,,,,,,,,,,,,,,,GRANT
1995-10-01,3.2,57.9,,,,31.8,,,,,2964,,,,,,,,,,,,,197.0,,,,,,,,,,,,,,,,,,,,,,,,,,,,,,,,,,,GRANT
1995-11-01,4.3,57.8,,,,31.7,,,,,2974,,,,,,,,,,,,,,,,,,,,,,,,,,,,,,,,,,,,,,,,,,,,,,,,GRANT
1995-12-01,6.4,58.4,,,,32.0,,,,,2968,,,,,,,,,,,,,,,,,,,,,,,,,,,,,,,,,,,,,,,,,,,,,,,,GRANT
1996-01-01,9.7,57.2,6.301,,,32.0,140069.0,,,,2954,,,22230.0,,,,,,,,,,197.0,9.0,,,,,,,,,,,,,,,,,,,,,,,,,,,,,,,,,,GRANT
1996-02-01,7.7,57.5,,,,32.1,,,,,3066,,,,,,,,,,,,,,,,,,,,,,,,,,,,,,,,,,,,,,,,,,,,,,,,GRANT
1996-03-01,8.4,58.4,,,,32.4,,,,,3180,,,,,,,,,,,,,,,,,,,,,,,,,,,,,,,,,,,,,,,,,,,,,,,,GRANT
1996-04-01,6.9,58.1,,,,32.4,,,,,3204,,,,,,,,,,,,,199.0,,,,,,,,,,,,,,,,,,,,,,,,,,,,,,,,,,,GRANT
1996-05-01,4.8,58.3,,,,32.4,,,,,3187,,,,,,,,,,,,,,,,,,,,,,,,,,,,,,,,,,,,,,,,,,,,,,,,GRANT
1996-06-01,4.3,59.2,,,,32.4,,,,,3162,,,,,,,,,,,,,,,,,,,,,,,,,,,,,,,,,,,,,,,,,,,,,,,,GRANT
1996-07-01,4.4,59.3,,,,32.9,,,,,3017,,,,,,,,,,,,,197.0,,,,,,,,,,,,,,,,,,,,,,,,,,,,,,,,,,,GRANT
1996-08-01,4.0,58.7,,,,32.7,,,,,3037,,,,,,,,,,,,,,,,,,,,,,,,,,,,,,,,,,,,,,,,,,,,,,,,GRANT
1996-09-01,4.3,58.8,,,,33.0,,,,,2953,,,,,,,,,,,,,,,,,,,,,,,,,,,,,,,,,,,,,,,,,,,,,,,,GRANT
1996-10-01,3.2,58.2,,,,32.7,,,,,2992,,,,,,,,,,,,,201.0,,,,,,,,,,,,,,,,,,,,,,,,,,,,,,,,,,,GRANT
1996-11-01,4.7,58.3,,,,32.8,,,,,2997,,,,,,,,,,,,,,,,,,,,,,,,,,,,,,,,,,,,,,,,,,,,,,,,GRANT
1996-12-01,6.6,59.2,,,,33.2,,,,,2933,,,,,,,,,,,,,,,,,,,,,,,,,,,,,,,,,,,,,,,,,,,,,,,,GRANT
1997-01-01,9.2,57.9,6.31,,,32.8,130614.0,,,,2881,,,20700.0,,,,,,30909.0,,,,197.0,12.0,27790.0,34011.0,,,,,,722.0,12.0,557.0,888.0,9.3,,14.8,,,,,,195.0,16.2,138.0,252.0,11.5,331.0,278.0,17.5,,206.0,350.0,12.9,21.0,22.1,GRANT
1997-02-01,7.1,58.3,,,,32.9,,,,,2843,,,,,,,,,,,,,,,,,,,,,,,,,,,,,,,,,,,,,,,,,,,,,,,,GRANT
1997-03-01,7.4,59.1,,,,33.5,,,,,2848,,,,,,,,,,,,,,,,,,,,,,,,,,,,,,,,,,,,,,,,,,,,,,,,GRANT
1997-04-01,7.0,59.0,,,,33.1,,,,,2971,,,,,,,,,,,,,203.0,,,,,,,,,,,,,,,,,,,,,,,,,,,,,,,,,,,GRANT
1997-05-01,3.6,59.1,,,,33.1,,,,,2943,,,,,,,,,,,,,,,,,,,,,,,,,,,,,,,,,,,,,,,,,,,,,,,,GRANT
1997-06-01,4.0,59.4,,,,32.9,,,,,2973,,,,,,,,,,,,,,,,,,,,,,,,,,,,,,,,,,,,,,,,,,,,,,,,GRANT
1997-07-01,3.7,59.3,,,,33.2,,,,,2947,,,,,,,,,,,,,206.0,,,,,,,,,,,,,,,,,,,,,,,,,,,,,,,,,,,GRANT
1997-08-01,3.1,59.4,,,,33.3,,,,,2972,,,,,,,,,,,,,,,,,,,,,,,,,,,,,,,,,,,,,,,,,,,,,,,,GRANT
1997-09-01,3.3,59.5,,,,33.5,,,,,2957,,,,,,,,,,,,,,,,,,,,,,,,,,,,,,,,,,,,,,,,,,,,,,,,GRANT
1997-10-01,3.2,59.8,,,,33.7,,,,,2911,,,,,,,,,,,,,208.0,,,,,,,,,,,,,,,,,,,,,,,,,,,,,,,,,,,GRANT
1997-11-01,4.4,59.8,,,,33.8,,,,,3002,,,,,,,,,,,,,,,,,,,,,,,,,,,,,,,,,,,,,,,,,,,,,,,,GRANT
1997-12-01,5.7,60.0,,,,33.4,,,,,3002,,,,,,,,,,,,,,,,,,,,,,,,,,,,,,,,,,,,,,,,,,,,,,,,GRANT
1998-01-01,8.8,59.4,6.284,1567.0,,34.0,140385.0,,,,2890,,,22340.0,6026.0,,,,,32010.0,,,,204.0,5.0,28931.0,35071.0,1207.0,,,,,798.0,13.2,616.0,980.0,10.2,,16.3,,,,,,199.0,16.5,131.0,267.0,10.9,313.0,277.0,17.7,,198.0,357.0,12.6,22.1,22.8,GRANT
1998-02-01,8.1,59.9,,,,34.3,,,,,2934,,,,,,,,,,,,,,,,,,,,,,,,,,,,,,,,,,,,,,,,,,,,,,,,GRANT
1998-03-01,8.9,60.3,,,,34.2,,,,,2901,,,,,,,,,,,,,,,,,,,,,,,,,,,,,,,,,,,,,,,,,,,,,,,,GRANT
1998-04-01,5.4,60.5,,,,34.4,,,,,2847,,,,,,,,,,,,,206.0,,,,,,,,,,,,,,,,,,,,,,,,,,,,,,,,,,,GRANT
1998-05-01,3.5,60.7,,,,34.6,,,,,2857,,,,,,,,,,,,,,,,,,,,,,,,,,,,,,,,,,,,,,,,,,,,,,,,GRANT
1998-06-01,3.6,61.2,,,,34.7,,,,,2879,,,,,,,,,,,,,,,,,,,,,,,,,,,,,,,,,,,,,,,,,,,,,,,,GRANT
1998-07-01,3.0,61.0,,,,34.9,,,,,2754,,,,,,,,,,,,,206.0,,,,,,,,,,,,,,,,,,,,,,,,,,,,,,,,,,,GRANT
1998-08-01,2.4,61.1,,,,35.0,,,,,2653,,,,,,,,,,,,,,,,,,,,,,,,,,,,,,,,,,,,,,,,,,,,,,,,GRANT
1998-09-01,2.7,61.0,,,,34.9,,,,,2728,,,,,,,,,,,,,,,,,,,,,,,,,,,,,,,,,,,,,,,,,,,,,,,,GRANT
1998-10-01,2.7,61.2,,,,35.0,,,,,2759,,,,,,,,,,,,,206.0,,,,,,,,,,,,,,,,,,,,,,,,,,,,,,,,,,,GRANT
1998-11-01,4.5,61.0,,,,34.8,,,,,2820,,,,,,,,,,,,,,,,,,,,,,,,,,,,,,,,,,,,,,,,,,,,,,,,GRANT
1998-12-01,5.2,61.7,,,,35.1,,,,,2834,,,,,,,,,,,,,,,,,,,,,,,,,,,,,,,,,,,,,,,,,,,,,,,,GRANT
1999-01-01,9.1,60.7,6.307,1500.0,,35.3,148513.0,,,,2783,617.6,,23547.0,6180.0,,,472.2,21.35611318739989,33601.0,,,,199.0,12.0,31473.0,35873.0,1170.0,,,,,572.0,9.3,429.0,715.0,6.9,,11.6,,,,,,129.0,11.0,80.0,178.0,6.9,251.0,172.0,11.4,,115.0,229.0,7.7,15.2,15.2,GRANT
1999-02-01,7.9,60.8,,,,35.2,,,,,2845,,,,,,,,,,,,,,,,,,,,,,,,,,,,,,,,,,,,,,,,,,,,,,,,GRANT
1999-03-01,7.4,61.3,,,,35.3,,,,,2855,,,,,,,,,,,,,,,,,,,,,,,,,,,,,,,,,,,,,,,,,,,,,,,,GRANT
1999-04-01,5.0,61.8,,,,35.6,,,,,2811,,,,,,,,21.0752688172043,,,,,205.0,,,,,,,,,,,,,,,,,,,,,,,,,,,,,,,,,,,GRANT
1999-05-01,4.0,62.1,,,,35.9,,,,,2888,,,,,,,,,,,,,,,,,,,,,,,,,,,,,,,,,,,,,,,,,,,,,,,,GRANT
1999-06-01,5.1,62.8,,,,35.9,,,,,2960,,,,,,,,,,,,,,,,,,,,,,,,,,,,,,,,,,,,,,,,,,,,,,,,GRANT
1999-07-01,4.1,63.1,,,,36.2,,,,,2994,,,,,,,,20.397208803005906,,,,,205.0,,,,,,,,,,,,,,,,,,,,,,,,,,,,,,,,,,,GRANT
1999-08-01,3.5,63.2,,,,36.0,,,,,2957,,,,,,,,,,,,,,,,,,,,,,,,,,,,,,,,,,,,,,,,,,,,,,,,GRANT
1999-09-01,3.6,63.1,,,,36.1,,,,,2890,,1.0,,,,,,,,,,,,,,,,,,,,,,,,,,,,,,,,,,,,,,,,,,,,,,GRANT
1999-10-01,3.2,63.7,,,,36.4,,,,,2761,,,,,,,,20.65217391304348,,,,,206.0,,,,,,,,,,,,,,,,,,,,,,,,,,,,,,,,,,,GRANT
1999-11-01,4.7,63.9,,,,36.5,,,,,2730,,,,,,,,,,,,,,,,,,,,,,,,,,,,,,,,,,,,,,,,,,,,,,,,GRANT
1999-12-01,7.1,64.7,,,,36.5,,,,,2854,,,,,,,,,,,,,,,,,,,,,,,,,,,,,,,,,,,,,,,,,,,,,,,,GRANT
2000-01-01,8.3,63.5,6.261,1415.0,,36.6,161846.0,,,,3331,291.3,,25833.0,6144.0,,,220.5,20.795454545454547,35938.0,,,,207.0,11.0,33305.0,38779.0,1104.0,,,,,541.0,8.8,417.0,666.0,6.8,,10.8,,,,,,104.0,9.4,70.0,138.0,6.3,210.0,163.0,11.5,,118.0,208.0,8.4,12.5,14.7,GRANT
2000-02-01,7.9,64.0,,,,36.8,,,,,3361,,,,,,,,,,,,,,,,,,,,,,,,,,,,,,,,,,,,,,,,,,,,,,,,GRANT
2000-03-01,7.2,64.7,,,,36.9,,,,,3331,,,,,,,,,,,,,,,,,,,,,,,,,,,,,,,,,,,,,,,,,,,,,,,,GRANT
2000-04-01,4.5,64.6,,,,37.1,,,,,3334,,,,,,,,19.90104452996152,,,,,211.0,,,,,,,,,,,,,,,,,,,,,,,,,,,,,,,,,,,GRANT
2000-05-01,3.5,64.3,,,,36.6,,,,,3351,,,,,,,,,,,,,,,,,,,,,,,,,,,,,,,,,,,,,,,,,,,,,,,,GRANT
2000-06-01,3.4,65.1,,,,37.0,,,,,3252,,,,,,,,,,,,,,,,,,,,,,,,,,,,,,,,,,,,,,,,,,,,,,,,GRANT
2000-07-01,3.0,64.7,,,,36.9,,,,,3256,,,,,,,,19.03133903133903,,,,,214.0,,,,,,,,,,,,,,,,,,,,,,,,,,,,,,,,,,,GRANT
2000-08-01,3.4,65.0,,,,37.0,,,,,3242,,,,,,,,,,,,,,,,,,,,,,,,,,,,,,,,,,,,,,,,,,,,,,,,GRANT
2000-09-01,3.6,64.4,,,,36.8,,,,,3274,,,,,,,,,,,,,,,,,,,,,,,,,,,,,,,,,,,,,,,,,,,,,,,,GRANT
2000-10-01,3.0,65.1,,,,37.0,,,,,3323,,,,,,,,17.244846656611358,,,,,210.0,,,,,,,,,,,,,,,,,,,,,,,,,,,,,,,,,,,GRANT
2000-11-01,5.1,65.2,,,,37.0,,,,,3304,,,,,,,,,,,,,,,,,,,,,,,,,,,,,,,,,,,,,,,,,,,,,,,,GRANT
2000-12-01,6.6,65.7,,,,37.1,,,,,3244,,,,,,,,,,,,,,,,,,,,,,,,,,,,,,,,,,,,,,,,,,,,,,,,GRANT
2001-01-01,8.4,65.6,6.234,1357.0,,37.7,159479.0,,,,3198,400.9,,25472.0,6113.0,,,334.9,18.666666666666668,35660.0,,,,203.0,3.0,33212.0,38289.0,1078.0,,,,,540.0,8.8,414.0,665.0,6.8,,10.9,,,,,,102.0,9.5,66.0,138.0,6.1,279.0,151.0,11.2,,106.0,197.0,7.8,12.8,14.5,GRANT
2001-02-01,8.4,66.0,,,,37.9,,,,,3220,,,,,,,,,,,,,,,,,,,,,,,,,,,,,,,,,,,,,,,,,,,,,,,,GRANT
2001-03-01,8.3,66.7,,,,38.1,,,,,3261,,,,,,,,,,,,,,,,,,,,,,,,,,,,,,,,,,,,,,,,,,,,,,,,GRANT
2001-04-01,6.7,66.6,,,,37.9,,,,,3397,,,,,,,,17.932922655715267,,,,,210.0,,,,,,,,,,,,,,,,,,,,,,,,,,,,,,,,,,,GRANT
2001-05-01,4.3,66.9,,,,38.0,,,,,3447,,,,,,,,,,,,,,,,,,,,,,,,,,,,,,,,,,,,,,,,,,,,,,,,GRANT
2001-06-01,4.2,67.3,,,,38.0,,,,,3488,,,,,,,,,,,,,,,,,,,,,,,,,,,,,,,,,,,,,,,,,,,,,,,,GRANT
2001-07-01,4.0,65.9,,,,37.6,,,,,3242,,,,,,,,17.99132947976879,,,,,207.0,,,,,,,,,,,,,,,,,,,,,,,,,,,,,,,,,,,GRANT
2001-08-01,3.9,65.8,,,,37.5,,,,,3340,,,,,,,,,,,,,,,,,,,,,,,,,,,,,,,,,,,,,,,,,,,,,,,,GRANT
2001-09-01,3.5,65.7,,,,37.4,,,,,3337,,,,,,,,,,,,,,,,,,,,,,,,,,,,,,,,,,,,,,,,,,,,,,,,GRANT
2001-10-01,3.2,67.5,,,,38.9,,,,,3329,,,,,,,,18.506493506493506,,,,,205.0,,,,,,,,,,,,,,,,,,,,,,,,,,,,,,,,,,,GRANT
2001-11-01,4.3,68.9,,,,40.7,,,,,3246,,,,,,,,,,,,,,,,,,,,,,,,,,,,,,,,,,,,,,,,,,,,,,,,GRANT
2001-12-01,6.6,68.3,,,,39.2,,,,,3291,,,,,,,,,,,,,,,,,,,,,,,,,,,,,,,,,,,,,,,,,,,,,,,,GRANT
2002-01-01,9.8,66.9,6.244,1330.0,,38.5,162431.0,,,,3320,381.4,,25803.0,6128.0,,,286.8,19.495798319327733,36960.0,,,,207.0,7.0,34390.0,39721.0,1047.0,,,,,499.0,8.1,378.0,619.0,6.2,,10.1,,,,,,101.0,9.7,67.0,135.0,6.4,305.0,141.0,10.6,,99.0,183.0,7.5,12.9,13.8,GRANT
2002-02-01,9.4,67.2,,,,38.5,,,,,3337,,,,,,,,,,,,,,,,,,,,,,,,,,,,,,,,,,,,,,,,,,,,,,,,GRANT
2002-03-01,9.3,67.3,,,,38.4,,,,,3383,,,,,,,,,,,,,,,,,,,,,,,,,,,,,,,,,,,,,,,,,,,,,,,,GRANT
2002-04-01,7.5,67.4,,,,38.5,,,,,3353,,,,,,,,19.514472455648924,,,,,217.0,,,,,,,,,,,,,,,,,,,,,,,,,,,,,,,,,,,GRANT
2002-05-01,4.6,67.8,,,,38.7,,,,,3284,,,,,,,,,,,,,,,,,,,,,,,,,,,,,,,,,,,,,,,,,,,,,,,,GRANT
2002-06-01,5.2,68.7,,,,38.8,,,,,3321,,,,,,,,,,,,,,,,,,,,,,,,,,,,,,,,,,,,,,,,,,,,,,,,GRANT
2002-07-01,4.8,68.8,,,,39.5,,,,,3282,,,,,,,,20.87475149105368,,,,,220.0,,,,,,,,,,,,,,,,,,,,,,,,,,,,,,,,,,,GRANT
2002-08-01,4.6,68.8,,,,39.2,,,,,3228,,,,,,,,,,,,,,,,,,,,,,,,,,,,,,,,,,,,,,,,,,,,,,,,GRANT
2002-09-01,4.3,68.5,,,,39.2,,,,,3290,,,,,,,,,,,,,,,,,,,,,,,,,,,,,,,,,,,,,,,,,,,,,,,,GRANT
2002-10-01,3.7,68.7,,,,39.0,,,,,3350,,,,,,,,20.183486238532108,,,,,218.0,,,,,,,,,,,,,,,,,,,,,,,,,,,,,,,,,,,GRANT
2002-11-01,4.4,68.7,,,,39.1,,,,,3283,,,,,,,,,,,,,,,,,,,,,,,,,,,,,,,,,,,,,,,,,,,,,,,,GRANT
2002-12-01,6.5,69.4,,,,39.0,,,,,3327,,,,,,,,,,,,,,,,,,,,,,,,,,,,,,,,,,,,,,,,,,,,,,,,GRANT
2003-01-01,9.3,67.6,6.16,1296.0,,39.1,172813.0,,,,3284,456.8,,27712.0,5999.0,,,345.9,19.813278008298763,37293.0,,,,215.0,4.0,34848.0,39908.0,996.0,,,,,506.0,8.4,384.0,627.0,6.4,,10.5,,,,,,95.0,9.5,64.0,126.0,6.4,310.0,154.0,11.8,,110.0,197.0,8.5,12.7,15.2,GRANT
2003-02-01,8.9,68.0,,,,39.3,,,,,3242,,,,,,,,,,,,,,,,,,,,,,,,,,,,,,,,,,,,,,,,,,,,,,,,GRANT
2003-03-01,8.6,68.1,,,,39.1,,,,,3328,,,,,,,,,,,,,,,,,,,,,,,,,,,,,,,,,,,,,,,,,,,,,,,,GRANT
2003-04-01,7.0,67.8,,,,38.9,,,,,3364,,,,,,,,19.84392419175028,,,,,217.0,,,,,,,,,,,,,,,,,,,,,,,,,,,,,,,,,,,GRANT
2003-05-01,4.6,68.1,,,,39.6,,,,,3277,,,,,,,,,,,,,,,,,,,,,,,,,,,,,,,,,,,,,,,,,,,,,,,,GRANT
2003-06-01,5.1,68.7,,,,39.7,,,,,3293,,,,,,,,,,,,,,,,,,,,,,,,,,,,,,,,,,,,,,,,,,,,,,,,GRANT
2003-07-01,4.8,70.0,,,,39.6,,,,,3111,,,,,,,,20.04773269689737,,,,,214.0,,,,,,,,,,,,,,,,,,,,,,,,,,,,,,,,,,,GRANT
2003-08-01,4.6,69.8,,,,39.5,,,,,3106,,,,,,,,,,,,,,,,,,,,,,,,,,,,,,,,,,,,,,,,,,,,,,,,GRANT
2003-09-01,4.7,69.4,,,,39.9,,,,,3105,,,,,,,,,,,,,,,,,,,,,,,,,,,,,,,,,,,,,,,,,,,,,,,,GRANT
2003-10-01,4.0,68.6,,,,39.8,,,,,3207,,,,,,,,20.82825822168088,,,,,212.0,,,,,,,,,,,,,,,,,,,,,,,,,,,,,,,,,,,GRANT
2003-11-01,5.3,68.8,,,,40.4,,,,,3202,,,,,,,,,,,,,,,,,,,,,,,,,,,,,,,,,,,,,,,,,,,,,,,,GRANT
2003-12-01,7.6,69.2,,,,40.4,,,,,3182,,,,,,,,,,,,,,,,,,,,,,,,,,,,,,,,,,,,,,,,,,,,,,,,GRANT
2004-01-01,9.9,67.2,6.0729999999999995,1277.0,,40.9,179334.0,,,,3316,350.9,,29047.0,5997.0,,,249.0,20.151133501259448,38064.0,,,,210.0,5.0,35665.0,40623.0,937.0,,,,,508.0,8.5,382.0,634.0,6.4,,10.6,,,,,,95.0,10.1,62.0,128.0,6.6,326.0,149.0,11.7,,106.0,192.0,8.3,13.6,15.0,GRANT
2004-02-01,9.5,66.7,,,,40.7,,,,,3275,,,,,,,,,,,,,,,,,,,,,,,,,,,,,,,,,,,,,,,,,,,,,,,,GRANT
2004-03-01,9.1,67.5,,,,40.6,,,,,3261,,,,,,,,,,,,,,,,,,,,,,,,,,,,,,,,,,,,,,,,,,,,,,,,GRANT
2004-04-01,5.6,68.1,,,,40.9,,,,,3211,,,,,,,,20.2231520223152,,,,,210.0,,,,,,,,,,,,,,,,,,,,,,,,,,,,,,,,,,,GRANT
2004-05-01,4.0,67.9,,,,40.5,,,,,3212,,,,,,,,,,,,,,,,,,,,,,,,,,,,,,,,,,,,,,,,,,,,,,,,GRANT
2004-06-01,4.6,68.9,,,,40.6,,,,,3277,,,,,,,,,,,,,,,,,,,,,,,,,,,,,,,,,,,,,,,,,,,,,,,,GRANT
2004-07-01,4.2,67.8,,,,40.5,,,,,3134,,,,,,,,19.622093023255808,,,,,209.0,,,,,,,,,,,,,,,,,,,,,,,,,,,,,,,,,,,GRANT
2004-08-01,4.2,68.2,,,,40.7,,,,,3039,,,,,,,,,,,,,,,,,,,,,,,,,,,,,,,,,,,,,,,,,,,,,,,,GRANT
2004-09-01,4.6,67.6,,,,40.6,,,,,3015,,,,,,,,,,,,,,,,,,,,,,,,,,,,,,,,,,,,,,,,,,,,,,,,GRANT
2004-10-01,3.4,67.9,,,,40.8,,,,,3014,,,,,,,,19.662921348314608,,,,,207.0,,,,,,,,,,,,,,,,,,,,,,,,,,,,,,,,,,,GRANT
2004-11-01,4.3,67.5,,,,40.4,,,,,3045,,,,,,,,,,,,,,,,,,,,,,,,,,,,,,,,,,,,,,,,,,,,,,,,GRANT
2004-12-01,6.7,68.1,,,,40.3,,,,,3067,,,,,,,,,,,,,,,,,,,,,,,,,,,,,,,,,,,,,,,,,,,,,,,,GRANT
2005-01-01,9.1,66.0,6.037999999999999,1255.0,,40.5,172251.0,,,,3085,332.2,,27940.0,5896.0,,,251.5,18.208092485549127,38267.0,,,,203.0,10.0,35047.0,41487.0,926.0,,,,,593.0,10.1,479.0,707.0,8.1,,12.0,91.0,,,,,107.0,11.5,81.0,133.0,8.7,296.0,168.0,13.4,,130.0,205.0,10.4,14.4,16.4,GRANT
2005-02-01,8.9,66.0,,,,40.6,,,,,3019,,,,,,,,,,,,,,,,,,,,,,,,,,,,,,,,,,,,,,,,,,,,,,,,GRANT
2005-03-01,9.0,66.5,,,,40.2,,,,,3091,,,,,,,,,,,,,,,,,,,,,,,,,,,,,,,,,,,,,,,,,,,,,,,,GRANT
2005-04-01,6.4,67.5,,,,41.1,,,,,3051,,,,,,,,18.523878437047763,,,,,210.0,,,,,,,,,,,,,,,,,,,,,,,,,,,,,,,,,,,GRANT
2005-05-01,4.5,68.2,,,,41.8,,,,,3026,,,,,,,,,,,,,,,,,,,,,,,,,,,,,,,,,,,,,,,,,,,,,,,,GRANT
2005-06-01,4.5,68.8,,,,40.3,,,,,3087,,,,,,,,,,,,,,,,,,,,,,,,,,,,,,,,,,,,,,,,,,,,,,,,GRANT
2005-07-01,3.7,68.3,,,,40.8,,,,,3078,,,,,,,,20.39660056657224,,,,,214.0,,,,,,,,,,,,,,,,,,,,,,,,,,,,,,,,,,,GRANT
2005-08-01,3.8,68.6,,,,40.7,,,,,3079,,,,,,,,,,,,,,,,,,,,,,,,,,,,,,,,,,,,,,,,,,,,,,,,GRANT
2005-09-01,4.0,68.3,,,,41.0,,,,,3007,,,,,,,,,,,,,,,,,,,,,,,,,,,,,,,,,,,,,,,,,,,,,,,,GRANT
2005-10-01,3.3,68.4,,,,40.9,,,,,3040,,,,,,,,21.25,,,,,217.0,,,,,,,,,,,,,,,,,,,,,,,,,,,,,,,,,,,GRANT
2005-11-01,4.0,68.2,,,,40.8,,,,,3004,,,,,,,,,,,,,,,,,,,,,,,,,,,,,,,,,,,,,,,,,,,,,,,,GRANT
2005-12-01,6.1,68.8,,,,41.0,,,,,3053,,,,,,,,,,,,,,,,,,,,,,,,,,,,,,,,,,,,,,,,,,,,,,,,GRANT
2006-01-01,8.1,66.0,5.975,1236.0,,40.3,174021.0,,,,3104,462.4,,28402.0,5905.0,,,369.0,20.365168539325843,38230.0,,,,224.0,13.0,35020.0,41439.0,910.0,,,,,625.0,10.6,493.0,758.0,8.3,,12.8,71.0,,,,,116.0,12.7,89.0,143.0,9.8,301.0,186.0,15.0,,146.0,226.0,11.8,15.7,18.3,GRANT
2006-02-01,8.3,66.3,,,,40.5,,,,,3102,,,,,,,,,,,,,,,,,,,,,,,,,,,,,,,,,,,,,,,,,,,,,,,,GRANT
2006-03-01,8.0,67.5,,,,40.7,,,,,3138,,,,,,,,,,,,,,,,,,,,,,,,,,,,,,,,,,,,,,,,,,,,,,,,GRANT
2006-04-01,5.8,67.4,,,,40.4,,,,,3103,,,,,,,,19.662921348314608,,,,,228.0,,,,,,,,,,,,,,,,,,,,,,,,,,,,,,,,,,,GRANT
2006-05-01,3.7,67.8,,,,40.7,,,,,3076,,,,,,,,,,,,,,,,,,,,,,,,,,,,,,,,,,,,,,,,,,,,,,,,GRANT
2006-06-01,3.5,69.0,,,,40.9,,,,,3102,,,,,,,,,,,,,,,,,,,,,,,,,,,,,,,,,,,,,,,,,,,,,,,,GRANT
2006-07-01,3.6,69.1,,,,41.0,,,,,2998,,,,,,,,21.074380165289256,,,,,228.0,,,,,,,,,,,,,,,,,,,,,,,,,,,,,,,,,,,GRANT
2006-08-01,3.6,69.1,,,,41.2,,,,,2956,,,,,,,,,,,,,,,,,,,,,,,,,,,,,,,,,,,,,,,,,,,,,,,,GRANT
2006-09-01,3.9,68.8,,,,41.3,,,,,2947,,,,,,,,,,,,,,,,,,,,,,,,,,,,,,,,,,,,,,,,,,,,,,,,GRANT
2006-10-01,3.4,68.9,,,,41.3,,,,,2975,,,,,,,,19.63276836158192,,,,,230.0,,,,,,,,,,,,,,,,,,,,,,,,,,,,,,,,,,,GRANT
2006-11-01,4.1,68.8,,,,41.5,,,,,2955,,,,,,,,,,,,,,,,,,,,,,,,,,,,,,,,,,,,,,,,,,,,,,,,GRANT
2006-12-01,6.6,69.4,,,,41.5,,,,,3008,,,,,,,,,,,,,,,,,,,,,,,,,,,,,,,,,,,,,,,,,,,,,,,,GRANT
2007-01-01,9.1,66.7,5.962999999999999,1207.0,,41.0,192433.0,,,,2975,591.4,,31351.0,5851.0,,,387.3,20.361990950226247,39285.0,,,,208.0,3.0,36082.0,42488.0,880.0,,,,,692.0,11.8,549.0,836.0,9.4,,14.3,73.0,,,,,121.0,13.8,90.0,152.0,10.2,312.0,194.0,16.1,,147.0,241.0,12.2,17.3,20.0,GRANT
2007-02-01,9.1,66.5,,,,41.0,,,,,2983,,,,,,,,,,,,,,,,,,,,,,,,,,,,,,,,,,,,,,,,,,,,,,,,GRANT
2007-03-01,8.6,67.2,,,,41.1,,,,,3010,,,,,,,,,,,,,,,,,,,,,,,,,,,,,,,,,,,,,,,,,,,,,,,,GRANT
2007-04-01,7.0,67.4,,,,40.9,,,,,3078,,,,,,,,19.062027231467475,,,,,213.0,,,,,,,,,,,,,,,,,,,,,,,,,,,,,,,,,,,GRANT
2007-05-01,4.5,67.7,,,,41.1,,,,,3057,,,,,,,,,,,,,,,,,,,,,,,,,,,,,,,,,,,,,,,,,,,,,,,,GRANT
2007-06-01,4.6,68.2,,,,40.7,,,,,3060,,,,,,,,,,,,,,,,,,,,,,,,,,,,,,,,,,,,,,,,,,,,,,,,GRANT
2007-07-01,4.2,67.9,,,,41.2,,,,,3055,,,,,,,,19.59564541213064,,,,,216.0,,,,,,,,,,,,,,,,,,,,,,,,,,,,,,,,,,,GRANT
2007-08-01,4.3,67.7,,,,40.8,,,,,3003,,,,,,,,,,,,,,,,,,,,,,,,,,,,,,,,,,,,,,,,,,,,,,,,GRANT
2007-09-01,4.5,66.9,,,,40.9,,,,,2982,,,,,,,,,,,,,,,,,,,,,,,,,,,,,,,,,,,,,,,,,,,,,,,,GRANT
2007-10-01,3.8,66.5,,,,41.1,,,,,3038,,,,,,,,19.07894736842105,,,,,221.0,,,,,,,,,,,,,,,,,,,,,,,,,,,,,,,,,,,GRANT
2007-11-01,4.2,66.6,,,,41.5,,,,,2960,,,,,,,,,,,,,,,,,,,,,,,,,,,,,,,,,,,,,,,,,,,,,,,,GRANT
2007-12-01,6.9,67.1,,,,41.7,,,,,3013,,,,,,,,,,,,,,,,,,,,,,,,,,,,,,,,,,,,,,,,,,,,,,,,GRANT
2008-01-01,9.3,65.7,5.917000000000001,1181.0,,42.2,239145.0,,,,3058,426.2,,39121.0,5836.0,,,316.0,18.33333333333333,38532.0,,,,213.0,4.0,35552.0,41512.0,837.0,,,,,632.0,10.8,506.0,758.0,8.7,95.95999979972841,13.0,110.0,,,,,104.0,12.4,79.0,129.0,9.4,371.0,171.0,14.5,,133.0,209.0,11.3,15.4,17.7,GRANT
2008-02-01,9.3,67.1,,,,43.4,,,,,3048,,,,,,,,,,,,,,,,,,,,,,,,,,,,,,,,,,,,,,,,,,,,,,,,GRANT
2008-03-01,8.4,66.7,,,,43.0,,,,,3077,,,,,,,,,,,,,,,,,,,,,,,,,,,,,,,,,,,,,,,,,,,,,,,,GRANT
2008-04-01,7.2,67.9,,,,43.2,,,,,3145,,,,,,,,18.83561643835617,,,,,216.0,,,,,,,,,,,,,,,,,,,,,,,,,,,,,,,,,,,GRANT
2008-05-01,5.5,68.0,,,,42.9,,,,,3121,,,,,,,,,,,,,,,,,,,,,,,,,,,,,,,,,,,,,,,,,,,,,,,,GRANT
2008-06-01,5.8,69.7,,,,43.5,,,,,3127,,,,,,,,,,,,,,,,,,,,,,,,,,,,,,,,,,,,,,,,,,,,,,,,GRANT
2008-07-01,5.7,69.3,,,,43.4,,,,,3049,,,,,,,,17.983193277310928,,,,,219.0,,,,,,,,,,,,,,,,,,,,,,,,,,,,,,,,,,,GRANT
2008-08-01,5.9,69.2,,,,43.5,,,,,2977,,,,,,,,,,,,,,,,,,,,,,,,,,,,,,,,,,,,,,,,,,,,,,,,GRANT
2008-09-01,5.5,68.0,,,,42.8,,,,,2992,,,,,,,,,,,,,,,,,,,,,,,,,,,,,,,,,,,,,,,,,,,,,,,,GRANT
2008-10-01,5.5,68.8,,,,42.9,,,,,3032,,,,,,,,20.454545454545453,,,,,216.0,,,,,,,,,,,,,,,,,,,,,,,,,,,,,,,,,,,GRANT
2008-11-01,7.0,68.3,,,,42.7,,,,,2975,,,,,,,,,,,,,,,,,,,,,,,,,,,,,,,,,,,,,,,,,,,,,,,,GRANT
2008-12-01,9.5,67.2,,,,42.6,,,,,3033,,,,,,,,,,,,,,,,,,,,,,,,,,,,,,,,,,,,,,,,,,,,,,,,GRANT
2009-01-01,11.7,66.8,5.806,1240.0,12.580256141602748,42.4,224665.0,,1.6181229773462782,,3115,394.6,,37307.0,5662.0,46.2,20.011446012972147,335.8,18.894830659536538,43940.0,,,,208.0,3.0,39757.0,48122.0,879.0,81.64813834480324,-170.0,79.0,31.049562682215747,601.0,10.6,469.0,733.0,8.3,69.63999986648561,12.9,85.0,28.4,5789.0,12.0,33.0,128.0,14.6,97.0,159.0,11.0,444.0,196.0,15.8,16.0,150.0,241.0,12.1,18.1,19.4,GRANT
2009-02-01,11.7,67.0,,,,42.4,,,,,3116,,,,,,,,,,,,,,,,,,,,,,,,,,,,,,,,,,,,,,,,,,,,,,,,GRANT
2009-03-01,11.1,67.4,,,,42.2,,,,,3186,,,,,,,,,,,,,,,,,,,,,,,,,,,,,,,,,,,,,,,,,,,,,,,,GRANT
2009-04-01,8.7,68.1,,,,42.5,,,,,3202,,,,,,,,19.96434937611408,,,,,214.0,,,,,,,,,,,,,,,,,,,,,,,,,,,,,,,,,,,GRANT
2009-05-01,7.0,68.2,,,,42.5,,,,,3242,,,,,,,,,,,,,,,,,,,,,,,,,,,,,,,,,,,,,,,,,,,,,,,,GRANT
2009-06-01,7.1,69.2,,,,42.4,,,,,3307,,,,,,,,,,,,,,,,,,,,,,,,,,,,,,,,,,,,,,,,,,,,,,,,GRANT
2009-07-01,7.1,68.8,,,,42.4,,,,,3226,,,,,,,,19.499105545617173,,,,,215.0,,,,,,,,,,,,,,,,,,,,,,,,,,,,,,,,,,,GRANT
2009-08-01,6.9,68.8,,,,42.3,,,,,3211,,,,,,,,,,,,,,,,,,,,,,,,,,,,,,,,,,,,,,,,,,,,,,,,GRANT
2009-09-01,7.0,68.4,,,,42.6,,,,,3117,,,,,,,,,,,,,,,,,,,,,,,,,,,,,,,,,,,,,,,,,,,,,,,,GRANT
2009-10-01,6.7,67.7,,,,42.7,,,,,3160,,,,,,,,20.07233273056058,,,,,213.0,,,,,,,,,,,,,,,,,,,,,,,,,,,,,,,,,,,GRANT
2009-11-01,6.7,67.4,,,,42.6,,,,,3108,,,,,,,,,,,,,,,,,,,,,,,,,,,,,,,,,,,,,,,,,,,,,,,,GRANT
2009-12-01,8.4,67.8,,,,42.7,,,,,3089,,,,,,,,,,,,,,,,,,,,,,,,,,,,,,,,,,,,,,,,,,,,,,,,GRANT
2010-01-01,10.9,67.2,6.002000000000001,1277.0,8.169995073018896,43.1,233459.0,10.621669469770737,2.127659574468085,29.80769230769231,3334,413.4,,38884.0,5913.0,45.8,20.568884042166484,291.1,19.366197183098592,44039.0,18.1,,85.8,210.0,2.0,40462.0,47616.0,899.0,83.02689819543751,-129.0,85.0,34.66476462196862,641.0,10.8,508.0,774.0,8.5,67.0699999332428,13.1,91.0,30.3,5903.0,19.0,15.0,135.0,15.0,103.0,167.0,11.4,558.0,207.0,16.2,27.0,160.0,254.0,12.5,18.6,19.9,GRANT
2010-02-01,10.7,67.3,,,,43.1,,,,,3519,,,,,,,,,,,,,,,,,,,,,,,,,,,,,,,,,,,,,,,,,,,,,,,,GRANT
2010-03-01,10.8,68.1,,,,43.4,,,,,3531,,,,,,,,,,,,,,,,,,,,,,,,,,,,,,,,,,,,,,,,,,,,,,,,GRANT
2010-04-01,8.2,67.5,,,,43.2,,,,,3549,,,,,,,,18.214285714285708,,,,,209.0,,,,,,,,,,,,,,,,,,,,,,,,,,,,,,,,,,,GRANT
2010-05-01,6.8,67.6,,,,43.2,,,,,3525,,,,,,,,,,,,,,,,,,,,,,,,,,,,,,,,,,,,,,,,,,,,,,,,GRANT
2010-06-01,6.6,68.8,,,,43.3,,,,,3414,,,,,,,,,,,,,,,,,,,,,,,,,,,,,,,,,,,,,,,,,,,,,,,,GRANT
2010-07-01,6.9,68.5,,,,43.2,,,,,3424,,,,,,,,18.117229129662523,,,,,209.0,,,,,,,,,,,,,,,,,,,,,,,,,,,,,,,,,,,GRANT
2010-08-01,6.8,68.8,,,,43.4,,,,,3332,,,,,,,,,,,,,,,,,,,,,,,,,,,,,,,,,,,,,,,,,,,,,,,,GRANT
2010-09-01,6.8,67.7,,,,43.1,,,,,3286,,,,,,,,,,,,,,,,,,,,,,,,,,,,,,,,,,,,,,,,,,,,,,,,GRANT
2010-10-01,6.0,68.1,,,,43.5,,,,,3272,,,,,,,,18.525179856115106,,,,,209.0,,,,,,,,,,,,,,,,,,,,,,,,,,,,,,,,,,,GRANT
2010-11-01,6.6,67.5,,,,43.2,,,,,3316,,,,,,,,,,,,,,,,,,,,,,,,,,,,,,,,,,,,,,,,,,,,,,,,GRANT
2010-12-01,7.8,67.7,,,,43.3,,,,,3287,,,,,,,,,,,,,,,,,,,,,,,,,,,,,,,,,,,,,,,,,,,,,,,,GRANT
2011-01-01,10.1,66.9,5.992000000000001,1255.0,10.422208320001527,43.2,249538.0,10.401946107784429,2.7491408934707904,29.218266253869967,3326,320.5,,41569.0,5891.0,46.3,21.74748228273032,220.1,18.69158878504673,43715.0,17.2,,88.7,215.0,3.0,40179.0,47251.0,888.0,81.77958906435727,-73.0,91.0,39.71223021582735,613.0,10.4,484.0,742.0,8.2,57.51499999966471,12.6,94.0,29.500000000000004,5871.0,5.0,41.0,131.0,14.8,96.0,166.0,10.8,620.0,205.0,16.3,11.0,156.0,254.0,12.4,18.8,20.2,GRANT
2011-02-01,10.0,67.0,,,,43.2,,,,,3368,,,,,,,,,,,,,,,,,,,,,,,,,,,,,,,,,,,,,,,,,,,,,,,,GRANT
2011-03-01,9.6,67.0,,,,43.0,,,,,3377,,,,,,,,,,,,,,,,,,,,,,,,,,,,,,,,,,,,,,,,,,,,,,,,GRANT
2011-04-01,7.9,67.4,,,,42.9,,,,,3430,,,,,,,,20.255474452554747,,,,,215.0,,,,,,,,,,,,,,,,,,,,,,,,,,,,,,,,,,,GRANT
2011-05-01,5.9,67.5,,,,42.9,,,,,3507,,,,,,,,,,,,,,,,,,,,,,,,,,,,,,,,,,,,,,,,,,,,,,,,GRANT
2011-06-01,6.0,68.7,,,,42.9,,,,,3462,,,,,,,,,,,,,,,,,,,,,,,,,,,,,,,,,,,,,,,,,,,,,,,,GRANT
2011-07-01,6.3,68.2,,,,43.0,,,,,3460,,,,,,,,20.214669051878353,,,,,214.0,,,,,,,,,,,,,,,,,,,,,,,,,,,,,,,,,,,GRANT
2011-08-01,5.6,68.5,,,,43.1,,,,,3342,,,,,,,,,,,,,,,,,,,,,,,,,,,,,,,,,,,,,,,,,,,,,,,,GRANT
2011-09-01,5.2,67.9,,,,43.5,,,,,3280,,,,,,,,,,,,,,,,,,,,,,,,,,,,,,,,,,,,,,,,,,,,,,,,GRANT
2011-10-01,4.9,67.2,,,,43.0,,,,,3302,,,,,,,,22.62521588946459,,,,,215.0,,,,,,,,,,,,,,,,,,,,,,,,,,,,,,,,,,,GRANT
2011-11-01,5.1,67.2,,,,43.3,,,,,3286,,,,,,,,,,,,,,,,,,,,,,,,,,,,,,,,,,,,,,,,,,,,,,,,GRANT
2011-12-01,6.2,67.7,,,,43.4,,,,,3356,,,,,,,,,,,,,,,,,,,,,,,,,,,,,,,,,,,,,,,,,,,,,,,,GRANT
2012-01-01,8.8,67.2,5.928,1242.0,10.63888909024571,43.6,314133.0,9.822043969102793,2.6119402985074625,25.12621359223301,3277,496.6,,52840.0,5848.0,46.4,22.491862567811932,369.8,20.640569395017792,47616.0,18.4,9.9,89.8,219.0,1.0,43567.0,51665.0,885.0,82.04297407912688,20.0,94.0,37.308868501529055,651.0,11.1,523.0,779.0,8.9,61.6659999997355,13.3,96.0,31.3,5829.0,18.0,9.0,139.0,15.7,107.0,171.0,12.0,657.0,214.0,17.2,30.0,168.0,260.0,13.5,19.4,20.9,GRANT
2012-02-01,8.8,67.3,,,,43.7,,,,,3340,,,,,,,,,,,,,,,,,,,,,,,,,,,,,,,,,,,,,,,,,,,,,,,,GRANT
2012-03-01,8.3,67.4,,,,43.5,,,,,3360,,,,,,,,,,,,,,,,,,,,,,,,,,,,,,,,,,,,,,,,,,,,,,,,GRANT
2012-04-01,5.8,67.5,,,,43.5,,,,,3391,,,,,,,,19.434628975265017,,,,,221.0,,,,,,,,,,,,,,,,,,,,,,,,,,,,,,,,,,,GRANT
2012-05-01,5.1,67.7,,,,43.5,,,,,3470,,,,,,,,,,,,,,,,,,,,,,,,,,,,,,,,,,,,,,,,,,,,,,,,GRANT
2012-06-01,5.3,69.5,,,,44.0,,,,,3468,,,,,,,,,,,,,,,,,,,,,,,,,,,,,,,,,,,,,,,,,,,,,,,,GRANT
2012-07-01,5.4,68.9,,,,43.6,,,,,3470,,,,,,,,18.803418803418804,,,,,221.0,,,,,,,,,,,,,,,,,,,,,,,,,,,,,,,,,,,GRANT
2012-08-01,5.3,69.1,,,,43.7,,,,,3327,,,,,,,,,,,,,,,,,,,,,,,,,,,,,,,,,,,,,,,,,,,,,,,,GRANT
2012-09-01,4.8,67.8,,,,43.5,,,,,3184,,,,,,,,,,,,,,,,,,,,,,,,,,,,,,,,,,,,,,,,,,,,,,,,GRANT
2012-10-01,4.7,67.9,,,,43.5,,,,,3239,,,,,,,,17.192982456140353,,,,,220.0,,,,,,,,,,,,,,,,,,,,,,,,,,,,,,,,,,,GRANT
2012-11-01,4.7,67.9,,,,43.6,,,,,3225,,,,,,,,,,,,,,,,,,,,,,,,,,,,,,,,,,,,,,,,,,,,,,,,GRANT
2012-12-01,6.5,68.2,,,,43.6,,,,,3287,,,,,,,,,,,,,,,,,,,,,,,,,,,,,,,,,,,,,,,,,,,,,,,,GRANT
2013-01-01,9.2,67.9,5.955,1252.0,9.216005607322499,43.8,299691.0,10.393196560567203,3.7313432835820888,23.84185303514377,3277,397.3,,50099.0,5885.0,47.0,22.72858691723889,278.8,18.60068259385665,49618.0,18.3,10.1,90.3,214.0,1.0,44961.0,54275.0,916.0,84.15571111490523,-40.0,99.0,38.04713804713805,631.0,10.7,498.0,764.0,8.4,63.101999999955304,13.0,71.0,32.4,5792.0,23.0,13.0,142.0,15.5,106.0,178.0,11.6,623.0,205.0,16.4,12.0,158.0,252.0,12.7,19.4,20.1,GRANT
2013-02-01,8.5,68.0,,,,43.8,,,,,3211,,,,,,,,,,,,,,,,,,,,,,,,,,,,,,,,,,,,,,,,,,,,,,,,GRANT
2013-03-01,8.4,68.5,,,,44.1,,,,,3218,,,,,,,,,,,,,,,,,,,,,,,,,,,,,,,,,,,,,,,,,,,,,,,,GRANT
2013-04-01,7.1,67.7,,,,43.3,,,,,3236,,,,,,,,18.229166666666664,,,,,219.0,,,,,,,,,,,,,,,,,,,,,,,,,,,,,,,,,,,GRANT
2013-05-01,5.0,67.9,,,,43.6,,,,,3352,,,,,,,,,,,,,,,,,,,,,,,,,,,,,,,,,,,,,,,,,,,,,,,,GRANT
2013-06-01,4.9,68.3,,,,43.3,,,,,3382,,,,,,,,,,,,,,,,,,,,,,,,,,,,,,,,,,,,,,,,,,,,,,,,GRANT
2013-07-01,4.6,67.6,,,,43.2,,,,,3370,,,,,,,,20.16949152542373,,,,,224.0,,,,,,,,,,,,,,,,,,,,,,,,,,,,,,,,,,,GRANT
2013-08-01,4.2,67.4,,,,43.0,,,,,3320,,,,,,,,,,,,,,,,,,,,,,,,,,,,,,,,,,,,,,,,,,,,,,,,GRANT
2013-09-01,4.0,66.3,,,,43.4,,,,,3218,,,,,,,,,,,,,,,,,,,,,,,,,,,,,,,,,,,,,,,,,,,,,,,,GRANT
2013-10-01,3.6,65.0,,,,42.6,,,,,3264,,,,,,,,19.463087248322147,,,,,218.0,,,,,,,,,,,,,,,,,,,,,,,,,,,,,,,,,,,GRANT
2013-11-01,3.9,64.5,,,,42.6,,,,,3259,,,,,,,,,,,,,,,,,,,,,,,,,,,,,,,,,,,,,,,,,,,,,,,,GRANT
2013-12-01,5.5,64.4,,,,42.7,,,,,3282,,,,,,,,,,,,,,,,,,,,,,,,,,,,,,,,,,,,,,,,,,,,,,,,GRANT
2014-01-01,7.9,62.8,5.922999999999999,1264.0,16.002280265339973,42.6,269329.0,9.670779354308038,1.8867924528301887,24.76038338658147,3262,644.8,,45243.0,5855.0,46.8,22.728581713462926,370.9,18.677685950413228,48179.0,18.3,9.9,91.7,214.0,0.0,43661.0,52697.0,927.0,84.46452933151433,-33.0,105.0,37.925445705024316,615.0,10.5,476.0,754.0,8.1,46.3129999996163,12.9,64.0,33.2,5760.0,23.0,16.0,151.0,16.3,113.0,189.0,12.2,524.0,219.0,17.3,6.0,166.0,272.0,13.1,20.4,21.5,GRANT
2014-02-01,8.0,62.4,,,,42.6,,,,,3237,,,,,,,,,,,,,,,,,,,,,,,,,,,,,,,,,,,,,,,,,,,,,,,,GRANT
2014-03-01,7.8,62.2,,,,42.6,,,,,3267,,,,,,,,,,,,,,,,,,,,,,,,,,,,,,,,,,,,,,,,,,,,,,,,GRANT
2014-04-01,5.6,62.7,,,,42.7,,,,,3177,,,,,,,,15.973377703826955,,,,,219.0,,,,,,,,,,,,,,,,,,,,,,,,,,,,,,,,,,,GRANT
2014-05-01,3.8,63.2,,,,42.9,,,,,3247,,,,,,,,,,,,,,,,,,,,,,,,,,,,,,,,,,,,,,,,,,,,,,,,GRANT
2014-06-01,4.1,64.2,,,,42.9,,,,,3354,,,,,,,,,,,,,,,,,,,,,,,,,,,,,,,,,,,,,,,,,,,,,,,,GRANT
2014-07-01,4.0,64.0,,,,42.9,,,,,3289,,,,,,,,15.816326530612244,,,,,222.0,,,,,,,,,,,,,,,,,,,,,,,,,,,,,,,,,,,GRANT
2014-08-01,3.7,64.0,,,,42.9,,,,,3281,,,,,,,,,,,,,,,,,,,,,,,,,,,,,,,,,,,,,,,,,,,,,,,,GRANT
2014-09-01,3.2,63.2,,,,43.0,,,,,3238,,,,,,,,,,,,,,,,,,,,,,,,,,,,,,,,,,,,,,,,,,,,,,,,GRANT
2014-10-01,2.6,63.2,,,,43.0,,,,,3352,,,,,,,,16.49659863945578,,,,,218.0,,,,,,,,,,,,,,,,,,,,,,,,,,,,,,,,,,,GRANT
2014-11-01,3.5,63.1,,,,42.8,,,,,3325,,,,,,,,,,,,,,,,,,,,,,,,,,,,,,,,,,,,,,,,,,,,,,,,GRANT
2014-12-01,5.6,62.9,,,,42.5,,,,,3351,,,,,,,,,,,,,,,,,,,,,,,,,,,,,,,,,,,,,,,,,,,,,,,,GRANT
2015-01-01,7.0,62.7,5.867000000000001,1274.0,26.82544137156853,41.8,280688.0,10.914742708257942,1.5503875968992251,25.74459404324765,3352,365.2,,47752.0,5803.0,46.3,22.505498533724342,266.8,15.570934256055365,50570.0,18.9,9.1,92.7,210.0,3.0,45963.0,55177.0,907.0,84.4933469805527,-110.0,105.0,30.834752981260646,615.0,10.6,496.0,734.0,8.5,62.026999999769004,12.7,46.0,35.3,5736.0,18.0,33.0,129.0,14.2,97.0,161.0,10.7,545.0,192.0,15.1,0.0,150.0,234.0,11.8,17.7,18.4,GRANT
2015-02-01,6.8,62.9,,,,42.0,,,,,3285,,,,,,,,,,,,,,,,,,,,,,,,,,,,,,,,,,,,,,,,,,,,,,,,GRANT
2015-03-01,6.9,63.3,,,,42.1,,,,,3363,,,,,,,,,,,,,,,,,,,,,,,,,,,,,,,,,,,,,,,,,,,,,,,,GRANT
2015-04-01,4.7,63.6,,,,42.1,,,,,3356,,,,,,,,14.336283185840712,,,,,214.0,,,,,,,,,,,,,,,,,,,,,,,,,,,,,,,,,,,GRANT
2015-05-01,4.1,63.7,,,,42.1,,,,,3331,,,,,,,,,,,,,,,,,,,,,,,,,,,,,,,,,,,,,,,,,,,,,,,,GRANT
2015-06-01,3.8,64.7,,,,42.1,,,,,3424,,,,,,,,,,,,,,,,,,,,,,,,,,,,,,,,,,,,,,,,,,,,,,,,GRANT
2015-07-01,4.0,64.4,,,,42.0,,,,,3325,,,,,,,,13.798977853492337,,,,,215.0,,,,,,,,,,,,,,,,,,,,,,,,,,,,,,,,,,,GRANT
2015-08-01,3.6,64.3,,,,41.9,,,,,3280,,,,,,,,,,,,,,,,,,,,,,,,,,,,,,,,,,,,,,,,,,,,,,,,GRANT
2015-09-01,3.1,63.3,,,,41.8,,,,,3227,,,,,,,,,,,,,,,,,,,,,,,,,,,,,,,,,,,,,,,,,,,,,,,,GRANT
2015-10-01,2.8,63.5,,,,41.9,,,,,3407,,,,,,,,13.321799307958473,,,,,214.0,,,,,,,,,,,,,,,,,,,,,,,,,,,,,,,,,,,GRANT
2015-11-01,3.7,63.6,,,,42.0,,,,,3380,,,,,,,,,,,,,,,,,,,,,,,,,,,,,,,,,,,,,,,,,,,,,,,,GRANT
2015-12-01,5.6,64.2,,,,42.5,,,,,3433,,,,,,,,,,,,,,,,,,,,,,,,,,,,,,,,,,,,,,,,,,,,,,,,GRANT
2016-01-01,6.8,63.5,5.931,1333.0,25.57762709522933,41.4,280404.0,11.654464663563267,2.0746887966804977,24.495560936238903,3385,510.6,,47079.0,5852.0,45.9,23.020247469066373,368.7,12.762237762237765,51274.0,19.6,11.5,92.8,211.0,0.0,47388.0,55160.0,959.0,83.27919302444862,,113.0,28.57142857142857,700.0,12.0,573.0,827.0,9.8,,14.2,14.0,36.0,5696.0,7.0,26.0,168.0,17.5,134.0,202.0,13.9,,249.0,18.7,2.0,202.0,296.0,15.2,21.1,22.2,GRANT
2016-02-01,6.8,63.8,,,,41.8,,,,,3279,,,,,,,,,,,,,,,,,,,,,,,,,,,,,,,,,,,,,,,,,,,,,,,,GRANT
2016-03-01,6.7,64.2,,,,41.8,,,,,3334,,,,,,,,,,,,,,,,,,,,,,,,,,,,,,,,,,,,,,,,,,,,,,,,GRANT
2016-04-01,4.4,64.5,,,,42.5,,,,,3309,,,,,,,,12.953367875647665,,,,,215.0,,,,,,,,,,,,,,,,,,,,,,,,,,,,,,,,,,,GRANT
2016-05-01,3.2,64.5,,,,42.1,,,,,3299,,,,,,,,,,,,,,,,,,,,,,,,,,,,,,,,,,,,,,,,,,,,,,,,GRANT
2016-06-01,3.9,65.5,,,,42.1,,,,,3322,,,,,,,,,,,,,,,,,,,,,,,,,,,,,,,,,,,,,,,,,,,,,,,,GRANT
2016-07-01,3.9,65.5,,,,42.3,,,,,3235,,,,,,,,13.162393162393165,,,,,221.0,,,,,,,,,,,,,,,,,,,,,,,,,,,,,,,,,,,GRANT
2016-08-01,4.1,65.8,,,,42.5,,,,,3226,,,,,,,,,,,,,,,,,,,,,,,,,,,,,,,,,,,,,,,,,,,,,,,,GRANT
2016-09-01,3.6,65.2,,,,43.1,,,,,3190,,,,,,,,,,,,,,,,,,,,,,,,,,,,,,,,,,,,,,,,,,,,,,,,GRANT
2016-10-01,3.2,64.8,,,,42.6,,,,,3323,,,,,,,,12.81198003327787,,,,,222.0,,,,,,,,,,,,,,,,,,,,,,,,,,,,,,,,,,,GRANT
2016-11-01,3.6,64.7,,,,42.5,,,,,3316,,,,,,,,,,,,,,,,,,,,,,,,,,,,,,,,,,,,,,,,,,,,,,,,GRANT
2016-12-01,5.7,64.9,,,,42.6,,,,,3368,,,,,,,,,,,,,,,,,,,,,,,,,,,,,,,,,,,,,,,,,,,,,,,,GRANT
2017-01-01,7.4,64.5,5.941,,,42.8,,,,,3357,,,,,,,,11.900826446280991,,,,,223.0,1.0,,,,,,,,,,,,,,,20.0,,,,,,,,,,,,,,,,,,,GRANT
2017-02-01,6.8,64.3,,,,42.8,,,,,3237,,,,,,,,,,,,,,,,,,,,,,,,,,,,,,,,,,,,,,,,,,,,,,,,GRANT
2017-03-01,6.3,64.7,,,,43.1,,,,,3260,,,,,,,,,,,,,,,,,,,,,,,,,,,,,,,,,,,,,,,,,,,,,,,,GRANT
2017-04-01,3.9,64.4,,,,42.8,,,,,3279,,,,,,,,11.794871794871796,,,,,224.0,,,,,,,,,,,,,,,,,,,,,,,,,,,,,,,,,,,GRANT
2017-05-01,3.2,64.7,,,,42.8,,,,,3296,,,,,,,,,,,,,,,,,,,,,,,,,,,,,,,,,,,,,,,,,,,,,,,,GRANT
2017-06-01,3.3,66.0,,,,43.0,,,,,3362,,,,,,,,,,,,,,,,,,,,,,,,,,,,,,,,,,,,,,,,,,,,,,,,GRANT
2017-07-01,3.1,65.6,,,,43.0,,,,,3315,,,,,,,,11.7039586919105,,,,,225.0,,,,,,,,,,,,,,,,,,,,,,,,,,,,,,,,,,,GRANT
2017-08-01,3.0,65.8,,,,43.1,,,,,3219,,,,,,,,,,,,,,,,,,,,,,,,,,,,,,,,,,,,,,,,,,,,,,,,GRANT
2017-09-01,2.4,65.2,,,,43.2,,,,,3170,,,,,,,,,,,,,,,,,,,,,,,,,,,,,,,,,,,,,,,,,,,,,,,,GRANT
2017-10-01,1.9,65.1,,,,43.3,,,,,3275,,,,,,,,13.559322033898303,,,,,228.0,,,,,,,,,,,,,,,,,,,,,,,,,,,,,,,,,,,GRANT
2017-11-01,3.2,64.9,,,,43.4,,,,,3280,,,,,,,,,,,,,,,,,,,,,,,,,,,,,,,,,,,,,,,,,,,,,,,,GRANT
2017-12-01,4.8,64.3,,,,43.4,,,,,3319,,,,,,,,,,,,,,,,,,,,,,,,,,,,,,,,,,,,,,,,,,,,,,,,GRANT
2018-01-01,6.4,64.3,,,,43.7,,,,,3283,,,,,,,,11.947626841243864,,,,,230.0,,,,,,,,,,,,,,,,,,,,,,,,,,,,,,,,,,,GRANT
2018-02-01,6.0,64.2,,,,44.2,,,,,3269,,,,,,,,,,,,,,,,,,,,,,,,,,,,,,,,,,,,,,,,,,,,,,,,GRANT
2018-03-01,6.1,63.7,,,,43.7,,,,,3280,,,,,,,,,,,,,,,,,,,,,,,,,,,,,,,,,,,,,,,,,,,,,,,,GRANT
2018-04-01,4.9,64.6,,,,43.7,,,,,3345,,,,,,,,11.68,,,,,,,,,,,,,,,,,,,,,,,,,,,,,,,,,,,,,,,,GRANT
2018-05-01,3.1,65.3,,,,43.7,,,,,3396,,,,,,,,,,,,,,,,,,,,,,,,,,,,,,,,,,,,,,,,,,,,,,,,GRANT
2018-06-01,3.1,65.4,,,,43.1,,,,,3382,,,,,,,,,,,,,,,,,,,,,,,,,,,,,,,,,,,,,,,,,,,,,,,,GRANT
2018-07-01,3.4,65.7,,,,43.7,,,,,3372,,,,,,,,,,,,,,,,,,,,,,,,,,,,,,,,,,,,,,,,,,,,,,,,GRANT
2018-08-01,2.9,65.1,,,,43.5,,,,,3191,,,,,,,,,,,,,,,,,,,,,,,,,,,,,,,,,,,,,,,,,,,,,,,,GRANT
