DATE,MNHENN3URN,MHIMN27053A052NCEN,ATNHPIUS27053A,CBR27053MNA647NCEN,NETMIGNACS027053,S1701ACS027053,PCPI27053,2020RATIO027053,CDC20N2UAA027053,PPAAMN27053A156NCEN,PUAAMN27053A647NCEN,PUA0T17MN27053A647NCEN,USPTOISSUED027053,B03002003E027053,MHICILBMN27053A052NCEN,MHICIUBMN27053A052NCEN,B01002001E027053,MNHENN3POP,PI27053,MWACL27053,HC01ESTVC1727053,MNHENN3LFN,HC01ESTVC1627053,EQFXSUBPRIME027053,DP04ACS027053,CDC20N2U027053,B080ACS027053,B14005DCYACS027053,PEAAMN27053A647NCEN,PECIUBAAMN27053A647NCEN,S1101SPHOUSE027053,HOWNRATEACS027053,DMPCRATE027053,S1501ACSTOTAL027053,RACEDISPARITY027053,FBITC027053,PEU18MN27053A647NCEN,PPU18MN27053A156NCEN,PE5T17MN27053A647NCEN,PUA5T17RMN27053A647NCEN,B03002005E027053,ENU2705320510,BPPRIV027053,B03002006E027053,B03002012E027053,PECILBAAMN27053A647NCEN,PPCILBAAMN27053A156NCEN,PPCIUBAAMN27053A156NCEN,B03002004E027053,PECILBU18MN27053A647NCEN,PECIUBU18MN27053A647NCEN,PPCILBU18MN27053A156NCEN,PP5T17MN27053A156NCEN,PECILB5T17MN27053A647NCEN,PECIUB5T17MN27053A647NCEN,PPCILB5T17MN27053A156NCEN,PPCIUB5T17MN27053A156NCEN,PPCIUBU18MN27053A156NCEN,county
1991-01-01,4.1,,62.19,,,,26183.0,,,,,,90.0,,,,,1043.22,27314121.0,,,602954,,,,,,,,,,,,,,,,,,,,33884.0,2410.0,,,,,,,,,,,,,,,,HENNEPIN
1991-02-01,4.3,,,,,,,,,,,,79.0,,,,,,,,,606215,,,,,,,,,,,,,,,,,,,,,,,,,,,,,,,,,,,,,HENNEPIN
1991-03-01,4.5,,,,,,,,,,,,100.0,,,,,,,,,611082,,,,,,,,,,,,,,,,,,,,,,,,,,,,,,,,,,,,,HENNEPIN
1991-04-01,4.3,,,,,,,,,,,,106.0,,,,,,,,,612973,,,,,,,,,,,,,,,,,,,,34189.0,,,,,,,,,,,,,,,,,HENNEPIN
1991-05-01,4.4,,,,,,,,,,,,93.0,,,,,,,,,614813,,,,,,,,,,,,,,,,,,,,,,,,,,,,,,,,,,,,,HENNEPIN
1991-06-01,5.1,,,,,,,,,,,,67.0,,,,,,,,,623891,,,,,,,,,,,,,,,,,,,,,,,,,,,,,,,,,,,,,HENNEPIN
1991-07-01,4.7,,,,,,,,,,,,100.0,,,,,,,,,629597,,,,,,,,,,,,,,,,,,,,34329.0,,,,,,,,,,,,,,,,,HENNEPIN
1991-08-01,4.6,,,,,,,,,,,,99.0,,,,,,,,,625976,,,,,,,,,,,,,,,,,,,,,,,,,,,,,,,,,,,,,HENNEPIN
1991-09-01,4.9,,,,,,,,,,,,102.0,,,,,,,,,619583,,,,,,,,,,,,,,,,,,,,,,,,,,,,,,,,,,,,,HENNEPIN
1991-10-01,4.3,,,,,,,,,,,,96.0,,,,,,,,,619052,,,,,,,,,,,,,,,,,,,,34673.0,,,,,,,,,,,,,,,,,HENNEPIN
1991-11-01,3.6,,,,,,,,,,,,93.0,,,,,,,,,618177,,,,,,,,,,,,,,,,,,,,,,,,,,,,,,,,,,,,,HENNEPIN
1991-12-01,3.6,,,,,,,,,,,,113.0,,,,,,,,,614887,,,,,,,,,,,,,,,,,,,,,,,,,,,,,,,,,,,,,HENNEPIN
1992-01-01,4.2,,63.23,,,,27872.0,,,,,,91.0,,,,,1050.2160000000001,29271268.0,,,604888,,,,,,,,,,,,,,,,,,,,34826.0,3079.0,,,,,,,,,,,,,,,,HENNEPIN
1992-02-01,4.2,,,,,,,,,,,,107.0,,,,,,,,,608326,,,,,,,,,,,,,,,,,,,,,,,,,,,,,,,,,,,,,HENNEPIN
1992-03-01,4.3,,,,,,,,,,,,101.0,,,,,,,,,614300,,,,,,,,,,,,,,,,,,,,,,,,,,,,,,,,,,,,,HENNEPIN
1992-04-01,4.1,,,,,,,,,,,,116.0,,,,,,,,,614757,,,,,,,,,,,,,,,,,,,,34965.0,,,,,,,,,,,,,,,,,HENNEPIN
1992-05-01,4.3,,,,,,,,,,,,96.0,,,,,,,,,617501,,,,,,,,,,,,,,,,,,,,,,,,,,,,,,,,,,,,,HENNEPIN
1992-06-01,5.1,,,,,,,,,,,,87.0,,,,,,,,,625952,,,,,,,,,,,,,,,,,,,,,,,,,,,,,,,,,,,,,HENNEPIN
1992-07-01,4.6,,,,,,,,,,,,114.0,,,,,,,,,633820,,,,,,,,,,,,,,,,,,,,35424.0,,,,,,,,,,,,,,,,,HENNEPIN
1992-08-01,4.5,,,,,,,,,,,,93.0,,,,,,,,,632046,,,,,,,,,,,,,,,,,,,,,,,,,,,,,,,,,,,,,HENNEPIN
1992-09-01,4.9,,,,,,,,,,,,109.0,,,,,,,,,625741,,,,,,,,,,,,,,,,,,,,,,,,,,,,,,,,,,,,,HENNEPIN
1992-10-01,4.1,,,,,,,,,,,,111.0,,,,,,,,,625909,,,,,,,,,,,,,,,,,,,,35757.0,,,,,,,,,,,,,,,,,HENNEPIN
1992-11-01,3.9,,,,,,,,,,,,108.0,,,,,,,,,626842,,,,,,,,,,,,,,,,,,,,,,,,,,,,,,,,,,,,,HENNEPIN
1992-12-01,3.7,,,,,,,,,,,,127.0,,,,,,,,,624753,,,,,,,,,,,,,,,,,,,,,,,,,,,,,,,,,,,,,HENNEPIN
1993-01-01,4.2,38486.0,64.87,88516.0,,,28491.0,,,11.7,,,94.0,,36578.0,40385.0,,1059.615,30189782.0,,,610782,,,,,,,123587.0,146983.0,,,,,,,46466.0,18.5,28717.0,,,35493.0,3342.0,,,100191.0,9.5,14.0,,36667.0,56264.0,14.6,16.4,21964.0,35471.0,12.6,20.3,22.4,HENNEPIN
1993-02-01,4.3,,,,,,,,,,,,106.0,,,,,,,,,614721,,,,,,,,,,,,,,,,,,,,,,,,,,,,,,,,,,,,,HENNEPIN
1993-03-01,4.3,,,,,,,,,,,,140.0,,,,,,,,,617180,,,,,,,,,,,,,,,,,,,,,,,,,,,,,,,,,,,,,HENNEPIN
1993-04-01,4.0,,,,,,,,,,,,106.0,,,,,,,,,619795,,,,,,,,,,,,,,,,,,,,35429.0,,,,,,,,,,,,,,,,,HENNEPIN
1993-05-01,4.3,,,,,,,,,,,,129.0,,,,,,,,,623535,,,,,,,,,,,,,,,,,,,,,,,,,,,,,,,,,,,,,HENNEPIN
1993-06-01,5.0,,,,,,,,,,,,105.0,,,,,,,,,631736,,,,,,,,,,,,,,,,,,,,,,,,,,,,,,,,,,,,,HENNEPIN
1993-07-01,4.5,,,,,,,,,,,,114.0,,,,,,,,,639079,,,,,,,,,,,,,,,,,,,,35622.0,,,,,,,,,,,,,,,,,HENNEPIN
1993-08-01,4.3,,,,,,,,,,,,100.0,,,,,,,,,637839,,,,,,,,,,,,,,,,,,,,,,,,,,,,,,,,,,,,,HENNEPIN
1993-09-01,4.4,,,,,,,,,,,,93.0,,,,,,,,,626927,,,,,,,,,,,,,,,,,,,,,,,,,,,,,,,,,,,,,HENNEPIN
1993-10-01,4.0,,,,,,,,,,,,109.0,,,,,,,,,633379,,,,,,,,,,,,,,,,,,,,36303.0,,,,,,,,,,,,,,,,,HENNEPIN
1993-11-01,3.5,,,,,,,,,,,,117.0,,,,,,,,,633328,,,,,,,,,,,,,,,,,,,,,,,,,,,,,,,,,,,,,HENNEPIN
1993-12-01,3.1,,,,,,,,,,,,128.0,,,,,,,,,630162,,,,,,,,,,,,,,,,,,,,,,,,,,,,,,,,,,,,,HENNEPIN
1994-01-01,3.8,,66.98,,,,29784.0,,,,,,122.0,,,,,1069.03,31839811.0,,,621760,,,,,,,,,,,,,,,,,,,,36922.0,2804.0,,,,,,,,,,,,,,,,HENNEPIN
1994-02-01,3.4,,,,,,,,,,,,108.0,,,,,,,,,622474,,,,,,,,,,,,,,,,,,,,,,,,,,,,,,,,,,,,,HENNEPIN
1994-03-01,3.5,,,,,,,,,,,,123.0,,,,,,,,,626455,,,,,,,,,,,,,,,,,,,,,,,,,,,,,,,,,,,,,HENNEPIN
1994-04-01,3.1,,,,,,,,,,,,127.0,,,,,,,,,630653,,,,,,,,,,,,,,,,,,,,37089.0,,,,,,,,,,,,,,,,,HENNEPIN
1994-05-01,2.8,,,,,,,,,,,,138.0,,,,,,,,,629986,,,,,,,,,,,,,,,,,,,,,,,,,,,,,,,,,,,,,HENNEPIN
1994-06-01,3.5,,,,,,,,,,,,147.0,,,,,,,,,637173,,,,,,,,,,,,,,,,,,,,,,,,,,,,,,,,,,,,,HENNEPIN
1994-07-01,3.2,,,,,,,,,,,,122.0,,,,,,,,,645792,,,,,,,,,,,,,,,,,,,,36503.0,,,,,,,,,,,,,,,,,HENNEPIN
1994-08-01,3.3,,,,,,,,,,,,126.0,,,,,,,,,642639,,,,,,,,,,,,,,,,,,,,,,,,,,,,,,,,,,,,,HENNEPIN
1994-09-01,3.6,,,,,,,,,,,,134.0,,,,,,,,,634509,,,,,,,,,,,,,,,,,,,,,,,,,,,,,,,,,,,,,HENNEPIN
1994-10-01,3.2,,,,,,,,,,,,104.0,,,,,,,,,639917,,,,,,,,,,,,,,,,,,,,37200.0,,,,,,,,,,,,,,,,,HENNEPIN
1994-11-01,2.9,,,,,,,,,,,,129.0,,,,,,,,,640041,,,,,,,,,,,,,,,,,,,,,,,,,,,,,,,,,,,,,HENNEPIN
1994-12-01,2.6,,,,,,,,,,,,157.0,,,,,,,,,640057,,,,,,,,,,,,,,,,,,,,,,,,,,,,,,,,,,,,,HENNEPIN
1995-01-01,3.1,43653.0,70.8,84489.0,,,31761.0,,,9.1,,,116.0,,41304.0,45988.0,,1076.932,34204813.0,,,630920,,,,,,,96014.0,114165.0,,,,,,,35618.0,14.3,22145.0,,,36885.0,2998.0,,,77862.0,7.4,10.8,,28139.0,43097.0,11.3,12.7,17323.0,26967.0,9.9,15.4,17.3,HENNEPIN
1995-02-01,2.9,,,,,,,,,,,,130.0,,,,,,,,,632975,,,,,,,,,,,,,,,,,,,,,,,,,,,,,,,,,,,,,HENNEPIN
1995-03-01,2.8,,,,,,,,,,,,162.0,,,,,,,,,634247,,,,,,,,,,,,,,,,,,,,,,,,,,,,,,,,,,,,,HENNEPIN
1995-04-01,2.8,,,,,,,,,,,,145.0,,,,,,,,,635786,,,,,,,,,,,,,,,,,,,,37226.0,,,,,,,,,,,,,,,,,HENNEPIN
1995-05-01,2.7,,,,,,,,,,,,155.0,,,,,,,,,638665,,,,,,,,,,,,,,,,,,,,,,,,,,,,,,,,,,,,,HENNEPIN
1995-06-01,3.1,,,,,,,,,,,,154.0,,,,,,,,,644130,,,,,,,,,,,,,,,,,,,,,,,,,,,,,,,,,,,,,HENNEPIN
1995-07-01,3.1,,,,,,,,,,,,123.0,,,,,,,,,655171,,,,,,,,,,,,,,,,,,,,36693.0,,,,,,,,,,,,,,,,,HENNEPIN
1995-08-01,2.8,,,,,,,,,,,,144.0,,,,,,,,,651707,,,,,,,,,,,,,,,,,,,,,,,,,,,,,,,,,,,,,HENNEPIN
1995-09-01,3.2,,,,,,,,,,,,144.0,,,,,,,,,644577,,,,,,,,,,,,,,,,,,,,,,,,,,,,,,,,,,,,,HENNEPIN
1995-10-01,2.7,,,,,,,,,,,,123.0,,,,,,,,,650114,,,,,,,,,,,,,,,,,,,,38453.0,,,,,,,,,,,,,,,,,HENNEPIN
1995-11-01,2.5,,,,,,,,,,,,123.0,,,,,,,,,649713,,,,,,,,,,,,,,,,,,,,,,,,,,,,,,,,,,,,,HENNEPIN
1995-12-01,2.5,,,,,,,,,,,,162.0,,,,,,,,,647176,,,,,,,,,,,,,,,,,,,,,,,,,,,,,,,,,,,,,HENNEPIN
1996-01-01,3.0,,73.71,,,,33360.0,,,,,,149.0,,,,,1083.757,36153751.0,,,632148,,,,,,,,,,,,,,,,,,,,38653.0,2798.0,,,,,,,,,,,,,,,,HENNEPIN
1996-02-01,2.8,,,,,,,,,,,,164.0,,,,,,,,,632728,,,,,,,,,,,,,,,,,,,,,,,,,,,,,,,,,,,,,HENNEPIN
1996-03-01,3.0,,,,,,,,,,,,173.0,,,,,,,,,636442,,,,,,,,,,,,,,,,,,,,,,,,,,,,,,,,,,,,,HENNEPIN
1996-04-01,2.9,,,,,,,,,,,,182.0,,,,,,,,,638816,,,,,,,,,,,,,,,,,,,,38862.0,,,,,,,,,,,,,,,,,HENNEPIN
1996-05-01,3.0,,,,,,,,,,,,200.0,,,,,,,,,641471,,,,,,,,,,,,,,,,,,,,,,,,,,,,,,,,,,,,,HENNEPIN
1996-06-01,3.3,,,,,,,,,,,,189.0,,,,,,,,,650046,,,,,,,,,,,,,,,,,,,,,,,,,,,,,,,,,,,,,HENNEPIN
1996-07-01,3.4,,,,,,,,,,,,167.0,,,,,,,,,658885,,,,,,,,,,,,,,,,,,,,39138.0,,,,,,,,,,,,,,,,,HENNEPIN
1996-08-01,3.1,,,,,,,,,,,,201.0,,,,,,,,,653454,,,,,,,,,,,,,,,,,,,,,,,,,,,,,,,,,,,,,HENNEPIN
1996-09-01,3.3,,,,,,,,,,,,183.0,,,,,,,,,647823,,,,,,,,,,,,,,,,,,,,,,,,,,,,,,,,,,,,,HENNEPIN
1996-10-01,2.8,,,,,,,,,,,,181.0,,,,,,,,,651571,,,,,,,,,,,,,,,,,,,,39635.0,,,,,,,,,,,,,,,,,HENNEPIN
1996-11-01,2.6,,,,,,,,,,,,196.0,,,,,,,,,653081,,,,,,,,,,,,,,,,,,,,,,,,,,,,,,,,,,,,,HENNEPIN
1996-12-01,2.3,,,,,,,,,,,,171.0,,,,,,,,,649825,,,,,,,,,,,,,,,,,,,,,,,,,,,,,,,,,,,,,HENNEPIN
1997-01-01,2.7,48054.0,77.16,66979.0,,,35907.0,,,9.4,,,194.0,,45585.0,50509.0,,1089.694,39127611.0,,,634945,,,,,,,99321.0,121100.0,,,,,,,38669.0,15.5,23099.0,,,39701.0,2506.0,,,77543.0,7.3,11.5,,29003.0,48334.0,11.6,13.4,16506.0,29692.0,9.5,17.2,19.3,HENNEPIN
1997-02-01,2.4,,,,,,,,,,,,191.0,,,,,,,,,635658,,,,,,,,,,,,,,,,,,,,,,,,,,,,,,,,,,,,,HENNEPIN
1997-03-01,2.6,,,,,,,,,,,,222.0,,,,,,,,,640974,,,,,,,,,,,,,,,,,,,,,,,,,,,,,,,,,,,,,HENNEPIN
1997-04-01,2.3,,,,,,,,,,,,212.0,,,,,,,,,641746,,,,,,,,,,,,,,,,,,,,40082.0,,,,,,,,,,,,,,,,,HENNEPIN
1997-05-01,2.3,,,,,,,,,,,,238.0,,,,,,,,,644474,,,,,,,,,,,,,,,,,,,,,,,,,,,,,,,,,,,,,HENNEPIN
1997-06-01,2.8,,,,,,,,,,,,277.0,,,,,,,,,652165,,,,,,,,,,,,,,,,,,,,,,,,,,,,,,,,,,,,,HENNEPIN
1997-07-01,2.5,,,,,,,,,,,,231.0,,,,,,,,,660168,,,,,,,,,,,,,,,,,,,,41248.0,,,,,,,,,,,,,,,,,HENNEPIN
1997-08-01,2.5,,,,,,,,,,,,191.0,,,,,,,,,656650,,,,,,,,,,,,,,,,,,,,,,,,,,,,,,,,,,,,,HENNEPIN
1997-09-01,2.8,,,,,,,,,,,,199.0,,,,,,,,,651832,,,,,,,,,,,,,,,,,,,,,,,,,,,,,,,,,,,,,HENNEPIN
1997-10-01,2.3,,,,,,,,,,,,267.0,,,,,,,,,653188,,,,,,,,,,,,,,,,,,,,41036.0,,,,,,,,,,,,,,,,,HENNEPIN
1997-11-01,1.9,,,,,,,,,,,,224.0,,,,,,,,,654440,,,,,,,,,,,,,,,,,,,,,,,,,,,,,,,,,,,,,HENNEPIN
1997-12-01,1.8,,,,,,,,,,,,270.0,,,,,,,,,650084,,,,,,,,,,,,,,,,,,,,,,,,,,,,,,,,,,,,,HENNEPIN
1998-01-01,2.2,49449.0,81.08,61593.0,,,38742.0,,,9.3,1062044.0,250637.0,193.0,,46945.0,51939.0,,1099.002,42577300.0,,,640464,,,,,,,98904.0,120515.0,,,,,,,36922.0,14.7,21617.0,176274.0,,40878.0,2904.0,,,77293.0,7.3,11.3,,26744.0,47101.0,10.7,12.3,14436.0,28798.0,8.2,16.3,18.8,HENNEPIN
1998-02-01,2.1,,,,,,,,,,,,266.0,,,,,,,,,640501,,,,,,,,,,,,,,,,,,,,,,,,,,,,,,,,,,,,,HENNEPIN
1998-03-01,2.1,,,,,,,,,,,,340.0,,,,,,,,,646211,,,,,,,,,,,,,,,,,,,,,,,,,,,,,,,,,,,,,HENNEPIN
1998-04-01,1.8,,,,,,,,,,,,324.0,,,,,,,,,647866,,,,,,,,,,,,,,,,,,,,40801.0,,,,,,,,,,,,,,,,,HENNEPIN
1998-05-01,1.8,,,,,,,,,,,,299.0,,,,,,,,,649827,,,,,,,,,,,,,,,,,,,,,,,,,,,,,,,,,,,,,HENNEPIN
1998-06-01,2.3,,,,,,,,,,,,327.0,,,,,,,,,655222,,,,,,,,,,,,,,,,,,,,,,,,,,,,,,,,,,,,,HENNEPIN
1998-07-01,2.0,,,,,,,,,,,,357.0,,,,,,,,,660162,,,,,,,,,,,,,,,,,,,,40843.0,,,,,,,,,,,,,,,,,HENNEPIN
1998-08-01,2.0,,,,,,,,,,,,321.0,,,,,,,,,660152,,,,,,,,,,,,,,,,,,,,,,,,,,,,,,,,,,,,,HENNEPIN
1998-09-01,2.6,,,,,,,,,,,,305.0,,,,,,,,,656735,,,,,,,,,,,,,,,,,,,,,,,,,,,,,,,,,,,,,HENNEPIN
1998-10-01,1.9,,,,,,,,,,,,307.0,,,,,,,,,660844,,,,,,,,,,,,,,,,,,,,40485.0,,,,,,,,,,,,,,,,,HENNEPIN
1998-11-01,1.8,,,,,,,,,,,,332.0,,,,,,,,,663738,,,,,,,,,,,,,,,,,,,,,,,,,,,,,,,,,,,,,HENNEPIN
1998-12-01,1.6,,,,,,,,,,,,326.0,,,,,,,,,659457,,,,,,,,,,,,,,,,,,,,,,,,,,,,,,,,,,,,,HENNEPIN
1999-01-01,2.0,50398.0,87.82,59901.0,,,40456.0,,324.8,8.0,1104434.0,265711.0,212.0,,47623.0,53334.0,,1109.634,44891887.0,,,645147,,28.18485047181914,,290.3,,,88871.0,109909.0,,,,,,,27556.0,10.4,19052.0,189357.0,,40091.0,3430.0,,,67833.0,6.1,10.0,,18844.0,36267.0,7.1,10.1,12108.0,25996.0,6.4,13.7,13.6,HENNEPIN
1999-02-01,1.9,,,,,,,,,,,,262.0,,,,,,,,,646334,,,,,,,,,,,,,,,,,,,,,,,,,,,,,,,,,,,,,HENNEPIN
1999-03-01,1.9,,,,,,,,,,,,363.0,,,,,,,,,650893,,,,,,,,,,,,,,,,,,,,,,,,,,,,,,,,,,,,,HENNEPIN
1999-04-01,1.9,,,,,,,,,,,,331.0,,,,,,,,,654775,,28.366826247742452,,,,,,,,,,,,,,,,,,40229.0,,,,,,,,,,,,,,,,,HENNEPIN
1999-05-01,2.0,,,,,,,,,,,,324.0,,,,,,,,,657064,,,,,,,,,,,,,,,,,,,,,,,,,,,,,,,,,,,,,HENNEPIN
1999-06-01,2.7,,,,,,,,,,,,264.0,,,,,,,,,662773,,,,,,,,,,,,,,,,,,,,,,,,,,,,,,,,,,,,,HENNEPIN
1999-07-01,2.6,,,,,,,,,,,,290.0,,,,,,,,,676776,,27.26508531954801,,,,,,,,,,,,,,,,,,40424.0,,,,,,,,,,,,,,,,,HENNEPIN
1999-08-01,2.3,,,,,,,,,,,,340.0,,,,,,,,,672826,,,,,,,,,,,,,,,,,,,,,,,,,,,,,,,,,,,,,HENNEPIN
1999-09-01,2.6,,,,,,,,,,,,337.0,,,,,,,,,666915,,,,,,,,,,,,,,,,,,,,,,,,,,,,,,,,,,,,,HENNEPIN
1999-10-01,2.0,,,,,,,,,,,,273.0,,,,,,,,,669379,,27.621157639699305,,,,,,,,,,,,,,,,,,40559.0,,,,,,,,,,,,,,,,,HENNEPIN
1999-11-01,2.0,,,,,,,,,,,,311.0,,,,,,,,,670562,,,,,,,,,,,,,,,,,,,,,,,,,,,,,,,,,,,,,HENNEPIN
1999-12-01,1.9,,,,,,,,,,,,359.0,,,,,,,,,664890,,,,,,,,,,,,,,,,,,,,,,,,,,,,,,,,,,,,,HENNEPIN
2000-01-01,2.8,54517.0,100.0,59774.0,,,43750.0,,317.5,7.0,1109034.0,264852.0,267.0,,51361.0,57866.0,,1118.415,48902615.0,,,655290,,28.364965757579093,,284.6,,,77803.0,94481.0,,,,,,,23617.0,8.9,13887.0,185611.0,,40415.0,2834.0,,,61124.0,5.5,8.5,,17629.0,29605.0,6.7,7.5,9585.0,18189.0,5.2,9.8,11.2,HENNEPIN
2000-02-01,2.6,,,,,,,,,,,,315.0,,,,,,,,,654169,,,,,,,,,,,,,,,,,,,,,,,,,,,,,,,,,,,,,HENNEPIN
2000-03-01,2.9,,,,,,,,,,,,341.0,,,,,,,,,659177,,,,,,,,,,,,,,,,,,,,,,,,,,,,,,,,,,,,,HENNEPIN
2000-04-01,2.4,,,,,,,,,,,,322.0,,,,,,,,,662284,,28.634178321678323,,,,,,,,,,,,,,,,,,41114.0,,,,,,,,,,,,,,,,,HENNEPIN
2000-05-01,2.6,,,,,,,,,,,,310.0,,,,,,,,,663496,,,,,,,,,,,,,,,,,,,,,,,,,,,,,,,,,,,,,HENNEPIN
2000-06-01,2.9,,,,,,,,,,,,327.0,,,,,,,,,671288,,,,,,,,,,,,,,,,,,,,,,,,,,,,,,,,,,,,,HENNEPIN
2000-07-01,2.7,,,,,,,,,,,,462.0,,,,,,,,,673788,,27.72544024925529,,,,,,,,,,,,,,,,,,41238.0,,,,,,,,,,,,,,,,,HENNEPIN
2000-08-01,2.8,,,,,,,,,,,,304.0,,,,,,,,,673078,,,,,,,,,,,,,,,,,,,,,,,,,,,,,,,,,,,,,HENNEPIN
2000-09-01,3.0,,,,,,,,,,,,299.0,,,,,,,,,669254,,,,,,,,,,,,,,,,,,,,,,,,,,,,,,,,,,,,,HENNEPIN
2000-10-01,2.7,,,,,,,,,,,,345.0,,,,,,,,,671818,,25.31389357925272,,,,,,,,,,,,,,,,,,41814.0,,,,,,,,,,,,,,,,,HENNEPIN
2000-11-01,2.6,,,,,,,,,,,,380.0,,,,,,,,,674221,,,,,,,,,,,,,,,,,,,,,,,,,,,,,,,,,,,,,HENNEPIN
2000-12-01,2.4,,,,,,,,,,,,362.0,,,,,,,,,671582,,,,,,,,,,,,,,,,,,,,,,,,,,,,,,,,,,,,,HENNEPIN
2001-01-01,3.0,54054.0,110.01,62909.0,,,43432.0,,320.8,7.3,1104680.0,262639.0,314.0,,51093.0,57187.0,,1125.134,48789901.0,,,661677,,25.648348210923878,,288.1,,,80363.0,97628.0,,,,,,,23719.0,9.0,15105.0,185546.0,,41017.0,2837.0,,,63099.0,5.7,8.8,,17230.0,30209.0,6.6,8.1,10125.0,20085.0,5.5,10.8,11.5,HENNEPIN
2001-02-01,2.9,,,,,,,,,,,,334.0,,,,,,,,,662417,,,,,,,,,,,,,,,,,,,,,,,,,,,,,,,,,,,,,HENNEPIN
2001-03-01,3.3,,,,,,,,,,,,392.0,,,,,,,,,665827,,,,,,,,,,,,,,,,,,,,,,,,,,,,,,,,,,,,,HENNEPIN
2001-04-01,3.1,,,,,,,,,,,,412.0,,,,,,,,,664112,,25.276971505662075,,,,,,,,,,,,,,,,,,41125.0,,,,,,,,,,,,,,,,,HENNEPIN
2001-05-01,3.0,,,,,,,,,,,,444.0,,,,,,,,,661565,,,,,,,,,,,,,,,,,,,,,,,,,,,,,,,,,,,,,HENNEPIN
2001-06-01,3.7,,,,,,,,,,,,437.0,,,,,,,,,669158,,,,,,,,,,,,,,,,,,,,,,,,,,,,,,,,,,,,,HENNEPIN
2001-07-01,3.5,,,,,,,,,,,,426.0,,,,,,,,,674063,,25.243624430081674,,,,,,,,,,,,,,,,,,41127.0,,,,,,,,,,,,,,,,,HENNEPIN
2001-08-01,3.6,,,,,,,,,,,,408.0,,,,,,,,,666996,,,,,,,,,,,,,,,,,,,,,,,,,,,,,,,,,,,,,HENNEPIN
2001-09-01,3.7,,,,,,,,,,,,353.0,,,,,,,,,665655,,,,,,,,,,,,,,,,,,,,,,,,,,,,,,,,,,,,,HENNEPIN
2001-10-01,3.7,,,,,,,,,,,,448.0,,,,,,,,,669330,,24.66146711914637,,,,,,,,,,,,,,,,,,41134.0,,,,,,,,,,,,,,,,,HENNEPIN
2001-11-01,3.9,,,,,,,,,,,,219.0,,,,,,,,,673470,,,,,,,,,,,,,,,,,,,,,,,,,,,,,,,,,,,,,HENNEPIN
2001-12-01,4.0,,,,,,,,,,,,366.0,,,,,,,,,669083,,,,,,,,,,,,,,,,,,,,,,,,,,,,,,,,,,,,,HENNEPIN
2002-01-01,4.7,53252.0,119.48,65755.0,,,43245.0,,302.2,8.1,1108227.0,264233.0,720.0,,50334.0,56338.0,,1123.626,48466040.0,,,656241,,24.438746210451807,,273.9,,,89294.0,109201.0,,,,,,,27038.0,10.2,17794.0,186019.0,,40261.0,2812.0,,,69387.0,6.3,9.9,,19853.0,34222.0,7.5,9.6,12347.0,23241.0,6.6,12.5,13.0,HENNEPIN
2002-02-01,4.5,,,,,,,,,,,,471.0,,,,,,,,,657060,,,,,,,,,,,,,,,,,,,,,,,,,,,,,,,,,,,,,HENNEPIN
2002-03-01,4.8,,,,,,,,,,,,495.0,,,,,,,,,657713,,,,,,,,,,,,,,,,,,,,,,,,,,,,,,,,,,,,,HENNEPIN
2002-04-01,4.5,,,,,,,,,,,,492.0,,,,,,,,,659013,,24.020733413948182,,,,,,,,,,,,,,,,,,40585.0,,,,,,,,,,,,,,,,,HENNEPIN
2002-05-01,4.2,,,,,,,,,,,,507.0,,,,,,,,,660070,,,,,,,,,,,,,,,,,,,,,,,,,,,,,,,,,,,,,HENNEPIN
2002-06-01,4.9,,,,,,,,,,,,594.0,,,,,,,,,667433,,,,,,,,,,,,,,,,,,,,,,,,,,,,,,,,,,,,,HENNEPIN
2002-07-01,4.6,,,,,,,,,,,,462.0,,,,,,,,,671250,,23.87328055619679,,,,,,,,,,,,,,,,,,40650.0,,,,,,,,,,,,,,,,,HENNEPIN
2002-08-01,4.4,,,,,,,,,,,,449.0,,,,,,,,,667159,,,,,,,,,,,,,,,,,,,,,,,,,,,,,,,,,,,,,HENNEPIN
2002-09-01,4.3,,,,,,,,,,,,475.0,,,,,,,,,661294,,,,,,,,,,,,,,,,,,,,,,,,,,,,,,,,,,,,,HENNEPIN
2002-10-01,3.9,,,,,,,,,,,,509.0,,,,,,,,,660523,,24.15555040808818,,,,,,,,,,,,,,,,,,40624.0,,,,,,,,,,,,,,,,,HENNEPIN
2002-11-01,4.0,,,,,,,,,,,,437.0,,,,,,,,,662655,,,,,,,,,,,,,,,,,,,,,,,,,,,,,,,,,,,,,HENNEPIN
2002-12-01,3.9,,,,,,,,,,,,483.0,,,,,,,,,657929,,,,,,,,,,,,,,,,,,,,,,,,,,,,,,,,,,,,,HENNEPIN
2003-01-01,4.7,53815.0,125.35,68645.0,,,44863.0,,286.8,9.1,1106451.0,263135.0,401.0,,51123.0,56648.0,,1123.338,50222482.0,,,650770,,23.99491906599661,,262.6,,,100402.0,122043.0,,,,,,,31794.0,12.1,19003.0,183130.0,,40434.0,3237.0,,,78761.0,7.1,11.0,,23712.0,39875.0,9.0,10.4,13453.0,24553.0,7.3,13.4,15.2,HENNEPIN
2003-02-01,4.4,,,,,,,,,,,,414.0,,,,,,,,,651606,,,,,,,,,,,,,,,,,,,,,,,,,,,,,,,,,,,,,HENNEPIN
2003-03-01,4.6,,,,,,,,,,,,517.0,,,,,,,,,652592,,,,,,,,,,,,,,,,,,,,,,,,,,,,,,,,,,,,,HENNEPIN
2003-04-01,4.4,,,,,,,,,,,,465.0,,,,,,,,,655780,,23.747342001603517,,,,,,,,,,,,,,,,,,40519.0,,,,,,,,,,,,,,,,,HENNEPIN
2003-05-01,4.5,,,,,,,,,,,,485.0,,,,,,,,,658022,,,,,,,,,,,,,,,,,,,,,,,,,,,,,,,,,,,,,HENNEPIN
2003-06-01,5.3,,,,,,,,,,,,600.0,,,,,,,,,666709,,,,,,,,,,,,,,,,,,,,,,,,,,,,,,,,,,,,,HENNEPIN
2003-07-01,5.0,,,,,,,,,,,,488.0,,,,,,,,,671628,,23.84520910093882,,,,,,,,,,,,,,,,,,40563.0,,,,,,,,,,,,,,,,,HENNEPIN
2003-08-01,4.8,,,,,,,,,,,,497.0,,,,,,,,,668505,,,,,,,,,,,,,,,,,,,,,,,,,,,,,,,,,,,,,HENNEPIN
2003-09-01,5.0,,,,,,,,,,,,565.0,,,,,,,,,665362,,,,,,,,,,,,,,,,,,,,,,,,,,,,,,,,,,,,,HENNEPIN
2003-10-01,4.6,,,,,,,,,,,,476.0,,,,,,,,,663651,,24.075023202338237,,,,,,,,,,,,,,,,,,40242.0,,,,,,,,,,,,,,,,,HENNEPIN
2003-11-01,4.4,,,,,,,,,,,,431.0,,,,,,,,,663134,,,,,,,,,,,,,,,,,,,,,,,,,,,,,,,,,,,,,HENNEPIN
2003-12-01,4.2,,,,,,,,,,,,541.0,,,,,,,,,657877,,,,,,,,,,,,,,,,,,,,,,,,,,,,,,,,,,,,,HENNEPIN
2004-01-01,4.9,54471.0,136.73,70293.0,,,48031.0,,288.2,9.3,1105164.0,261185.0,451.0,,51798.0,57281.0,,1123.328,53735446.0,,,648425,,24.18488549832419,,268.6,,,103251.0,126292.0,,,,,,239.0,33663.0,12.9,21208.0,179316.0,,38629.0,2839.0,,,80209.0,7.3,11.4,,24663.0,42662.0,9.4,11.8,14453.0,27963.0,8.1,15.6,16.3,HENNEPIN
2004-02-01,4.5,,,,,,,,,,,,477.0,,,,,,,,,647848,,,,,,,,,,,,,,,,,,,,,,,,,,,,,,,,,,,,,HENNEPIN
2004-03-01,4.8,,,,,,,,,,,,549.0,,,,,,,,,651601,,,,,,,,,,,,,,,,,,,,,,,,,,,,,,,,,,,,,HENNEPIN
2004-04-01,4.2,,,,,,,,,,,,477.0,,,,,,,,,654076,,23.54378703657925,,,,,,,,,,,,,,,,,,39366.0,,,,,,,,,,,,,,,,,HENNEPIN
2004-05-01,4.3,,,,,,,,,,,,455.0,,,,,,,,,655955,,,,,,,,,,,,,,,,,,,,,,,,,,,,,,,,,,,,,HENNEPIN
2004-06-01,5.0,,,,,,,,,,,,625.0,,,,,,,,,661968,,,,,,,,,,,,,,,,,,,,,,,,,,,,,,,,,,,,,HENNEPIN
2004-07-01,4.7,,,,,,,,,,,,553.0,,,,,,,,,666555,,22.743587630101985,,,,,,,,,,,,,,,,,,39938.0,,,,,,,,,,,,,,,,,HENNEPIN
2004-08-01,4.5,,,,,,,,,,,,651.0,,,,,,,,,663684,,,,,,,,,,,,,,,,,,,,,,,,,,,,,,,,,,,,,HENNEPIN
2004-09-01,4.5,,,,,,,,,,,,543.0,,,,,,,,,659754,,,,,,,,,,,,,,,,,,,,,,,,,,,,,,,,,,,,,HENNEPIN
2004-10-01,4.0,,,,,,,,,,,,528.0,,,,,,,,,662329,,22.74131976004363,,,,,,,,,,,,,,,,,,40306.0,,,,,,,,,,,,,,,,,HENNEPIN
2004-11-01,3.8,,,,,,,,,,,,545.0,,,,,,,,,660834,,,,,,,,,,,,,,,,,,,,,,,,,,,,,,,,,,,,,HENNEPIN
2004-12-01,3.7,,,,,,,,,,,,503.0,,,,,,,,,656586,,,,,,,,,,,,,,,,,,,,,,,,,,,,,,,,,,,,,HENNEPIN
2005-01-01,4.1,56004.0,148.91,72192.0,,,49738.0,,293.5,10.8,1086243.0,256443.0,586.0,,54930.0,57078.0,,1122.286,55557915.0,,,644230,,22.44266080590432,,276.7,,,117031.0,125971.0,,,,,,199.0,37027.0,14.4,22015.0,177034.0,,39206.0,2432.0,,,108092.0,10.0,11.6,,32981.0,41073.0,12.9,12.4,19246.0,24784.0,10.9,14.0,16.0,HENNEPIN
2005-02-01,3.9,,,,,,,,,,,,555.0,,,,,,,,,643896,,,,,,,,,,,,,,,,,,,,,,,,,,,,,,,,,,,,,HENNEPIN
2005-03-01,4.0,,,,,,,,,,,,760.0,,,,,,,,,646325,,,,,,,,,,,,,,,,,,,,,,,,,,,,,,,,,,,,,HENNEPIN
2005-04-01,3.5,,,,,,,,,,,,660.0,,,,,,,,,651480,,22.23743850430563,,,,,,,,,,,,,,,,,,40434.0,,,,,,,,,,,,,,,,,HENNEPIN
2005-05-01,3.5,,,,,,,,,,,,648.0,,,,,,,,,651555,,,,,,,,,,,,,,,,,,,,,,,,,,,,,,,,,,,,,HENNEPIN
2005-06-01,4.0,,,,,,,,,,,,750.0,,,,,,,,,654097,,,,,,,,,,,,,,,,,,,,,,,,,,,,,,,,,,,,,HENNEPIN
2005-07-01,3.6,,,,,,,,,,,,609.0,,,,,,,,,658840,,22.31926464503163,,,,,,,,,,,,,,,,,,41523.0,,,,,,,,,,,,,,,,,HENNEPIN
2005-08-01,3.5,,,,,,,,,,,,681.0,,,,,,,,,655968,,,,,,,,,,,,,,,,,,,,,,,,,,,,,,,,,,,,,HENNEPIN
2005-09-01,3.8,,,,,,,,,,,,688.0,,,,,,,,,654272,,,,,,,,,,,,,,,,,,,,,,,,,,,,,,,,,,,,,HENNEPIN
2005-10-01,3.4,,,,,,,,,,,,577.0,,,,,,,,,658112,,22.518052866743712,,,,,,,,,,,,,,,,,,42362.0,,,,,,,,,,,,,,,,,HENNEPIN
2005-11-01,3.5,,,,,,,,,,,,517.0,,,,,,,,,658481,,,,,,,,,,,,,,,,,,,,,,,,,,,,,,,,,,,,,HENNEPIN
2005-12-01,3.3,,,,,,,,,,,,600.0,,,,,,,,,653556,,,,,,,,,,,,,,,,,,,,,,,,,,,,,,,,,,,,,HENNEPIN
2006-01-01,3.9,58275.0,153.13,73096.0,,,52946.0,,282.5,11.3,1097405.0,264749.0,591.0,,56785.0,59765.0,,1125.73,59273654.0,,,643752,,22.33289528701989,,271.1,,,123749.0,131688.0,,,,,,198.0,40524.0,15.3,25401.0,183588.0,,41638.0,2316.0,,,115811.0,10.6,12.0,,36349.0,44698.0,13.7,13.8,22191.0,28611.0,12.1,15.6,16.9,HENNEPIN
2006-02-01,3.8,,,,,,,,,,,,606.0,,,,,,,,,642924,,,,,,,,,,,,,,,,,,,,,,,,,,,,,,,,,,,,,HENNEPIN
2006-03-01,3.7,,,,,,,,,,,,799.0,,,,,,,,,643567,,,,,,,,,,,,,,,,,,,,,,,,,,,,,,,,,,,,,HENNEPIN
2006-04-01,3.3,,,,,,,,,,,,755.0,,,,,,,,,645637,,22.245681813076974,,,,,,,,,,,,,,,,,,41499.0,,,,,,,,,,,,,,,,,HENNEPIN
2006-05-01,3.1,,,,,,,,,,,,757.0,,,,,,,,,646473,,,,,,,,,,,,,,,,,,,,,,,,,,,,,,,,,,,,,HENNEPIN
2006-06-01,3.7,,,,,,,,,,,,755.0,,,,,,,,,653125,,,,,,,,,,,,,,,,,,,,,,,,,,,,,,,,,,,,,HENNEPIN
2006-07-01,3.7,,,,,,,,,,,,692.0,,,,,,,,,657931,,22.02710187202304,,,,,,,,,,,,,,,,,,41127.0,,,,,,,,,,,,,,,,,HENNEPIN
2006-08-01,3.5,,,,,,,,,,,,825.0,,,,,,,,,653296,,,,,,,,,,,,,,,,,,,,,,,,,,,,,,,,,,,,,HENNEPIN
2006-09-01,3.7,,,,,,,,,,,,858.0,,,,,,,,,648894,,,,,,,,,,,,,,,,,,,,,,,,,,,,,,,,,,,,,HENNEPIN
2006-10-01,3.4,,,,,,,,,,,,859.0,,,,,,,,,651470,,22.134872681805593,,,,,,,,,,,,,,,,,,41786.0,,,,,,,,,,,,,,,,,HENNEPIN
2006-11-01,3.4,,,,,,,,,,,,847.0,,,,,,,,,653665,,,,,,,,,,,,,,,,,,,,,,,,,,,,,,,,,,,,,HENNEPIN
2006-12-01,3.5,,,,,,,,,,,,809.0,,,,,,,,,651540,,,,,,,,,,,,,,,,,,,,,,,,,,,,,,,,,,,,,HENNEPIN
2007-01-01,4.1,60943.0,151.66,77700.0,,,55887.0,,275.4,10.6,1112136.0,263454.0,821.0,,60059.0,61828.0,,1134.481,62961960.0,,,650244,,22.07217079161156,,267.3,,,117947.0,126200.0,,,,,,159.0,37754.0,14.3,23851.0,183491.0,,39998.0,1418.0,,,109695.0,9.9,11.3,,33257.0,42252.0,12.6,13.0,20541.0,27161.0,11.2,14.8,16.0,HENNEPIN
2007-02-01,3.8,,,,,,,,,,,,721.0,,,,,,,,,647966,,,,,,,,,,,,,,,,,,,,,,,,,,,,,,,,,,,,,HENNEPIN
2007-03-01,3.9,,,,,,,,,,,,973.0,,,,,,,,,649080,,,,,,,,,,,,,,,,,,,,,,,,,,,,,,,,,,,,,HENNEPIN
2007-04-01,3.7,,,,,,,,,,,,818.0,,,,,,,,,651835,,21.857296201323877,,,,,,,,,,,,,,,,,,40631.0,,,,,,,,,,,,,,,,,HENNEPIN
2007-05-01,3.8,,,,,,,,,,,,1037.0,,,,,,,,,653302,,,,,,,,,,,,,,,,,,,,,,,,,,,,,,,,,,,,,HENNEPIN
2007-06-01,4.4,,,,,,,,,,,,879.0,,,,,,,,,659886,,,,,,,,,,,,,,,,,,,,,,,,,,,,,,,,,,,,,HENNEPIN
2007-07-01,4.3,,,,,,,,,,,,827.0,,,,,,,,,664723,,21.852719306671,,,,,,,,,,,,,,,,,,41088.0,,,,,,,,,,,,,,,,,HENNEPIN
2007-08-01,4.3,,,,,,,,,,,,1001.0,,,,,,,,,660785,,,,,,,,,,,,,,,,,,,,,,,,,,,,,,,,,,,,,HENNEPIN
2007-09-01,4.5,,,,,,,,,,,,803.0,,,,,,,,,658049,,,,,,,,,,,,,,,,,,,,,,,,,,,,,,,,,,,,,HENNEPIN
2007-10-01,4.0,,,,,,,,,,,,913.0,,,,,,,,,657874,,22.326514180061437,,,,,,,,,,,,,,,,,,41716.0,,,,,,,,,,,,,,,,,HENNEPIN
2007-11-01,3.9,,,,,,,,,,,,910.0,,,,,,,,,658697,,,,,,,,,,,,,,,,,,,,,,,,,,,,,,,,,,,,,HENNEPIN
2007-12-01,4.1,,,,,,,,,,,,812.0,,,,,,,,,655852,,,,,,,,,,,,,,,,,,,,,,,,,,,,,,,,,,,,,HENNEPIN
2008-01-01,4.4,62275.0,144.12,85448.0,,,56785.0,,283.4,11.0,1116753.0,263760.0,989.0,,61108.0,63443.0,,1144.737,64461038.0,,,647677,,22.91906541031245,,281.1,,,122354.0,131740.0,,,47.00999999046329,,,136.0,33821.0,12.8,20079.0,182647.0,,40102.0,942.0,,,112968.0,10.1,11.8,,29634.0,38009.0,11.2,11.0,17235.0,22923.0,9.4,12.6,14.4,HENNEPIN
2008-02-01,4.1,,,,,,,,,,,,936.0,,,,,,,,,646953,,,,,,,,,,,,,,,,,,,,,,,,,,,,,,,,,,,,,HENNEPIN
2008-03-01,4.4,,,,,,,,,,,,935.0,,,,,,,,,649084,,,,,,,,,,,,,,,,,,,,,,,,,,,,,,,,,,,,,HENNEPIN
2008-04-01,4.1,,,,,,,,,,,,1060.0,,,,,,,,,650759,,22.616644900866675,,,,,,,,,,,,,,,,,,40503.0,,,,,,,,,,,,,,,,,HENNEPIN
2008-05-01,4.5,,,,,,,,,,,,997.0,,,,,,,,,653744,,,,,,,,,,,,,,,,,,,,,,,,,,,,,,,,,,,,,HENNEPIN
2008-06-01,5.2,,,,,,,,,,,,1032.0,,,,,,,,,659889,,,,,,,,,,,,,,,,,,,,,,,,,,,,,,,,,,,,,HENNEPIN
2008-07-01,5.3,,,,,,,,,,,,1059.0,,,,,,,,,668034,,22.837881119591287,,,,,,,,,,,,,,,,,,41038.0,,,,,,,,,,,,,,,,,HENNEPIN
2008-08-01,5.4,,,,,,,,,,,,894.0,,,,,,,,,665904,,,,,,,,,,,,,,,,,,,,,,,,,,,,,,,,,,,,,HENNEPIN
2008-09-01,5.5,,,,,,,,,,,,1026.0,,,,,,,,,661414,,,,,,,,,,,,,,,,,,,,,,,,,,,,,,,,,,,,,HENNEPIN
2008-10-01,5.2,,,,,,,,,,,,1143.0,,,,,,,,,661538,,23.455308473736373,,,,,,,,,,,,,,,,,,41150.0,,,,,,,,,,,,,,,,,HENNEPIN
2008-11-01,5.3,,,,,,,,,,,,857.0,,,,,,,,,661211,,,,,,,,,,,,,,,,,,,,,,,,,,,,,,,,,,,,,HENNEPIN
2008-12-01,5.7,,,,,,,,,,,,937.0,,,,,,,,,657283,,,,,,,,,,,,,,,,,,,,,,,,,,,,,,,,,,,,,HENNEPIN
2009-01-01,6.4,61651.0,134.52,108304.0,-734.0,,52321.0,,265.8,11.9,1131548.0,256827.0,913.0,853107.0,60593.0,62709.0,35.8,1157.905,59997225.0,30.62,,649454,,23.148632914755453,,269.1,22.068867682981683,4.350832310591001,134301.0,141849.0,29.025541683508873,70.71750326391944,44.329999923706104,51.5,45.29572095365418,156.0,40342.0,15.7,25741.0,177108.0,8521.0,38711.0,731.0,63050.0,68227.0,126753.0,11.2,12.5,115503.0,36906.0,43778.0,14.4,14.5,23179.0,28303.0,13.1,16.0,17.0,HENNEPIN
2009-02-01,6.9,,,,,,,,,,,,968.0,,,,,,,,,651575,,,,,,,,,,,,,,,,,,,,,,,,,,,,,,,,,,,,,HENNEPIN
2009-03-01,7.3,,,,,,,,,,,,1283.0,,,,,,,,,652207,,,,,,,,,,,,,,,,,,,,,,,,,,,,,,,,,,,,,HENNEPIN
2009-04-01,6.8,,,,,,,,,,,,1199.0,,,,,,,,,653433,,22.888251523701157,,,,,,,,,,,,,,,,,,39207.0,,,,,,,,,,,,,,,,,HENNEPIN
2009-05-01,7.3,,,,,,,,,,,,1006.0,,,,,,,,,657605,,,,,,,,,,,,,,,,,,,,,,,,,,,,,,,,,,,,,HENNEPIN
2009-06-01,8.1,,,,,,,,,,,,1063.0,,,,,,,,,662357,,,,,,,,,,,,,,,,,,,,,,,,,,,,,,,,,,,,,HENNEPIN
2009-07-01,7.8,,,,,,,,,,,,854.0,,,,,,,,,667342,,22.98336405494412,,,,,,,,,,,,,,,,,,39140.0,,,,,,,,,,,,,,,,,HENNEPIN
2009-08-01,7.8,,,,,,,,,,,,871.0,,,,,,,,,662079,,,,,,,,,,,,,,,,,,,,,,,,,,,,,,,,,,,,,HENNEPIN
2009-09-01,7.7,,,,,,,,,,,,941.0,,,,,,,,,656818,,,,,,,,,,,,,,,,,,,,,,,,,,,,,,,,,,,,,HENNEPIN
2009-10-01,7.2,,,,,,,,,,,,989.0,,,,,,,,,656627,,23.4938350505822,,,,,,,,,,,,,,,,,,40900.0,,,,,,,,,,,,,,,,,HENNEPIN
2009-11-01,6.9,,,,,,,,,,,,880.0,,,,,,,,,655692,,,,,,,,,,,,,,,,,,,,,,,,,,,,,,,,,,,,,HENNEPIN
2009-12-01,6.8,,,,,,,,,,,,993.0,,,,,,,,,649115,,,,,,,,,,,,,,,,,,,,,,,,,,,,,,,,,,,,,HENNEPIN
2010-01-01,7.5,59252.0,126.57,125302.0,1832.0,,54136.0,15.749963815313357,268.0,13.7,1134261.0,258004.0,973.0,827721.0,57899.0,60605.0,35.9,1154.208,62494200.0,21.27,44.0,644138,92.1,23.326216674878196,37.400259331097224,276.1,22.250096734488782,4.620276842499066,155936.0,163316.0,30.553537371719194,69.33662769241847,43.25,51.89999999999999,45.40157635816967,164.0,48138.0,18.7,32247.0,181891.0,8556.0,38616.0,870.0,68287.0,72157.0,148556.0,13.0,14.4,128975.0,44519.0,51757.0,17.3,17.7,29598.0,34896.0,16.2,19.2,20.1,HENNEPIN
2010-02-01,7.4,,,,,,,,,,,,997.0,,,,,,,,,638538,,,,,,,,,,,,,,,,,,,,,,,,,,,,,,,,,,,,,HENNEPIN
2010-03-01,7.6,,,,,,,,,,,,1059.0,,,,,,,,,641831,,,,,,,,,,,,,,,,,,,,,,,,,,,,,,,,,,,,,HENNEPIN
2010-04-01,6.9,,,,,,,,,,,,930.0,,,,,,,,,644835,,23.140881913303442,,,,,,,,,,,,,,,,,,39511.0,,,,,,,,,,,,,,,,,HENNEPIN
2010-05-01,6.8,,,,,,,,,,,,924.0,,,,,,,,,646531,,,,,,,,,,,,,,,,,,,,,,,,,,,,,,,,,,,,,HENNEPIN
2010-06-01,7.2,,,,,,,,,,,,1125.0,,,,,,,,,656380,,,,,,,,,,,,,,,,,,,,,,,,,,,,,,,,,,,,,HENNEPIN
2010-07-01,7.2,,,,,,,,,,,,873.0,,,,,,,,,660230,,23.242825094762896,,,,,,,,,,,,,,,,,,40328.0,,,,,,,,,,,,,,,,,HENNEPIN
2010-08-01,7.1,,,,,,,,,,,,955.0,,,,,,,,,659700,,,,,,,,,,,,,,,,,,,,,,,,,,,,,,,,,,,,,HENNEPIN
2010-09-01,6.9,,,,,,,,,,,,927.0,,,,,,,,,657282,,,,,,,,,,,,,,,,,,,,,,,,,,,,,,,,,,,,,HENNEPIN
2010-10-01,6.6,,,,,,,,,,,,889.0,,,,,,,,,655773,,23.57391157868945,,,,,,,,,,,,,,,,,,41622.0,,,,,,,,,,,,,,,,,HENNEPIN
2010-11-01,6.5,,,,,,,,,,,,855.0,,,,,,,,,654937,,,,,,,,,,,,,,,,,,,,,,,,,,,,,,,,,,,,,HENNEPIN
2010-12-01,6.4,,,,,,,,,,,,908.0,,,,,,,,,650514,,,,,,,,,,,,,,,,,,,,,,,,,,,,,,,,,,,,,HENNEPIN
2011-01-01,6.7,60811.0,118.96,134180.0,-5585.0,,56749.0,16.288957762721633,256.5,13.6,1147822.0,259962.0,1009.0,828629.0,59850.0,61772.0,35.9,1169.458,66363149.0,21.19,44.7,647827,92.1,23.16303187433277,37.17935303676403,270.1,22.461985423086873,4.581993569131833,156330.0,164241.0,30.496865830385232,68.85145821358572,42.2579999999143,52.5,44.23248865520786,141.0,45890.0,17.7,29537.0,182940.0,8807.0,38869.0,919.0,69036.0,75076.0,148419.0,12.9,14.3,131185.0,42077.0,49703.0,16.2,16.1,26605.0,32469.0,14.5,17.7,19.2,HENNEPIN
2011-02-01,6.4,,,,,,,,,,,,886.0,,,,,,,,,646081,,,,,,,,,,,,,,,,,,,,,,,,,,,,,,,,,,,,,HENNEPIN
2011-03-01,6.4,,,,,,,,,,,,1161.0,,,,,,,,,647755,,,,,,,,,,,,,,,,,,,,,,,,,,,,,,,,,,,,,HENNEPIN
2011-04-01,6.0,,,,,,,,,,,,1159.0,,,,,,,,,651313,,22.653847324990107,,,,,,,,,,,,,,,,,,39890.0,,,,,,,,,,,,,,,,,HENNEPIN
2011-05-01,6.1,,,,,,,,,,,,1029.0,,,,,,,,,652877,,,,,,,,,,,,,,,,,,,,,,,,,,,,,,,,,,,,,HENNEPIN
2011-06-01,6.6,,,,,,,,,,,,1214.0,,,,,,,,,659475,,,,,,,,,,,,,,,,,,,,,,,,,,,,,,,,,,,,,HENNEPIN
2011-07-01,6.7,,,,,,,,,,,,1001.0,,,,,,,,,663456,,22.738824029190656,,,,,,,,,,,,,,,,,,41011.0,,,,,,,,,,,,,,,,,HENNEPIN
2011-08-01,6.1,,,,,,,,,,,,1018.0,,,,,,,,,661807,,,,,,,,,,,,,,,,,,,,,,,,,,,,,,,,,,,,,HENNEPIN
2011-09-01,5.8,,,,,,,,,,,,1021.0,,,,,,,,,662899,,,,,,,,,,,,,,,,,,,,,,,,,,,,,,,,,,,,,HENNEPIN
2011-10-01,5.4,,,,,,,,,,,,972.0,,,,,,,,,662530,,23.158707216853703,,,,,,,,,,,,,,,,,,41688.0,,,,,,,,,,,,,,,,,HENNEPIN
2011-11-01,5.1,,,,,,,,,,,,952.0,,,,,,,,,660613,,,,,,,,,,,,,,,,,,,,,,,,,,,,,,,,,,,,,HENNEPIN
2011-12-01,5.2,,,,,,,,,,,,943.0,,,,,,,,,656133,,,,,,,,,,,,,,,,,,,,,,,,,,,,,,,,,,,,,HENNEPIN
2012-01-01,5.6,62500.0,117.74,139018.0,-3189.0,12.6,61264.0,16.303903477643722,254.3,13.1,1164153.0,263303.0,986.0,831188.0,61058.0,63942.0,35.9,1184.77,72558116.0,21.41,45.5,652260,92.2,22.56245024828475,36.17271105826397,272.4,22.627532410193968,4.805484088201268,151955.0,159109.0,30.660181415828948,68.11770760779079,38.585999999661006,53.4,43.45758630092783,100.0,45436.0,17.3,29759.0,185553.0,8301.0,38202.0,1389.0,71667.0,77271.0,144801.0,12.5,13.7,133791.0,41976.0,48896.0,16.0,16.0,27125.0,32393.0,14.6,17.4,18.6,HENNEPIN
2012-02-01,5.6,,,,,,,,,,,,973.0,,,,,,,,,654306,,,,,,,,,,,,,,,,,,,,,,,,,,,,,,,,,,,,,HENNEPIN
2012-03-01,5.6,,,,,,,,,,,,1195.0,,,,,,,,,654172,,,,,,,,,,,,,,,,,,,,,,,,,,,,,,,,,,,,,HENNEPIN
2012-04-01,5.0,,,,,,,,,,,,949.0,,,,,,,,,653763,,22.148479239092808,,,,,,,,,,,,,,,,,,38778.0,,,,,,,,,,,,,,,,,HENNEPIN
2012-05-01,5.1,,,,,,,,,,,,1193.0,,,,,,,,,655063,,,,,,,,,,,,,,,,,,,,,,,,,,,,,,,,,,,,,HENNEPIN
2012-06-01,5.6,,,,,,,,,,,,1212.0,,,,,,,,,661349,,,,,,,,,,,,,,,,,,,,,,,,,,,,,,,,,,,,,HENNEPIN
2012-07-01,5.6,,,,,,,,,,,,1091.0,,,,,,,,,663223,,22.26766407400247,,,,,,,,,,,,,,,,,,39502.0,,,,,,,,,,,,,,,,,HENNEPIN
2012-08-01,5.4,,,,,,,,,,,,1236.0,,,,,,,,,663103,,,,,,,,,,,,,,,,,,,,,,,,,,,,,,,,,,,,,HENNEPIN
2012-09-01,5.0,,,,,,,,,,,,1101.0,,,,,,,,,664085,,,,,,,,,,,,,,,,,,,,,,,,,,,,,,,,,,,,,HENNEPIN
2012-10-01,4.8,,,,,,,,,,,,1166.0,,,,,,,,,668142,,22.54431915712214,,,,,,,,,,,,,,,,,,40685.0,,,,,,,,,,,,,,,,,HENNEPIN
2012-11-01,4.6,,,,,,,,,,,,1029.0,,,,,,,,,666408,,,,,,,,,,,,,,,,,,,,,,,,,,,,,,,,,,,,,HENNEPIN
2012-12-01,4.8,,,,,,,,,,,,956.0,,,,,,,,,661868,,,,,,,,,,,,,,,,,,,,,,,,,,,,,,,,,,,,,HENNEPIN
2013-01-01,5.4,64331.0,123.77,140269.0,-2218.0,12.8,60002.0,16.307317417714366,258.4,12.2,1176730.0,263312.0,1118.0,834728.0,62947.0,65715.0,36.0,1199.286,71920028.0,21.73,45.8,662106,92.3,21.4847086350815,34.79960878666833,281.2,22.694796603237986,5.114309611765527,143427.0,152347.0,31.139350246395324,67.26377297970252,35.494999999646105,53.90000000000001,43.481083727078726,143.0,40346.0,15.3,27780.0,185653.0,8334.0,37325.0,1793.0,74151.0,78843.0,134507.0,11.4,13.0,135476.0,36163.0,44529.0,13.7,15.0,24782.0,30778.0,13.4,16.6,16.9,HENNEPIN
2013-02-01,5.0,,,,,,,,,,,,1170.0,,,,,,,,,661480,,,,,,,,,,,,,,,,,,,,,,,,,,,,,,,,,,,,,HENNEPIN
2013-03-01,4.9,,,,,,,,,,,,1201.0,,,,,,,,,661201,,,,,,,,,,,,,,,,,,,,,,,,,,,,,,,,,,,,,HENNEPIN
2013-04-01,4.4,,,,,,,,,,,,1202.0,,,,,,,,,663419,,21.024874559624205,,,,,,,,,,,,,,,,,,37941.0,,,,,,,,,,,,,,,,,HENNEPIN
2013-05-01,4.5,,,,,,,,,,,,1408.0,,,,,,,,,665846,,,,,,,,,,,,,,,,,,,,,,,,,,,,,,,,,,,,,HENNEPIN
2013-06-01,5.0,,,,,,,,,,,,1214.0,,,,,,,,,670691,,,,,,,,,,,,,,,,,,,,,,,,,,,,,,,,,,,,,HENNEPIN
2013-07-01,4.8,,,,,,,,,,,,1267.0,,,,,,,,,673273,,21.090364129774393,,,,,,,,,,,,,,,,,,38998.0,,,,,,,,,,,,,,,,,HENNEPIN
2013-08-01,4.7,,,,,,,,,,,,1166.0,,,,,,,,,669423,,,,,,,,,,,,,,,,,,,,,,,,,,,,,,,,,,,,,HENNEPIN
2013-09-01,4.3,,,,,,,,,,,,1210.0,,,,,,,,,669127,,,,,,,,,,,,,,,,,,,,,,,,,,,,,,,,,,,,,HENNEPIN
2013-10-01,4.1,,,,,,,,,,,,1308.0,,,,,,,,,669123,,21.105655209272804,,,,,,,,,,,,,,,,,,39523.0,,,,,,,,,,,,,,,,,HENNEPIN
2013-11-01,3.8,,,,,,,,,,,,995.0,,,,,,,,,669516,,,,,,,,,,,,,,,,,,,,,,,,,,,,,,,,,,,,,HENNEPIN
2013-12-01,4.0,,,,,,,,,,,,932.0,,,,,,,,,666769,,,,,,,,,,,,,,,,,,,,,,,,,,,,,,,,,,,,,HENNEPIN
2014-01-01,4.6,64490.0,132.26,128333.0,-674.0,12.9,63582.0,16.768822154543518,254.8,13.0,1190018.0,265711.0,1384.0,838600.0,62862.0,66118.0,36.1,1212.093,76960159.0,21.61,46.4,665932,92.7,20.268167125583624,33.84256997460806,282.1,22.97398890815261,4.374890715159993,154785.0,163363.0,30.824438298553176,66.47801596642428,32.7829999998212,54.6,44.04940159551847,71.0,45438.0,17.1,29503.0,186092.0,7272.0,37507.0,1693.0,77166.0,80333.0,146207.0,12.3,13.7,139307.0,41490.0,49386.0,15.6,15.9,26493.0,32513.0,14.3,17.5,18.6,HENNEPIN
2014-02-01,4.5,,,,,,,,,,,,1538.0,,,,,,,,,666778,,,,,,,,,,,,,,,,,,,,,,,,,,,,,,,,,,,,,HENNEPIN
2014-03-01,4.5,,,,,,,,,,,,1763.0,,,,,,,,,668522,,,,,,,,,,,,,,,,,,,,,,,,,,,,,,,,,,,,,HENNEPIN
2014-04-01,3.7,,,,,,,,,,,,1680.0,,,,,,,,,669475,,19.871353242004293,,,,,,,,,,,,,,,,,,38142.0,,,,,,,,,,,,,,,,,HENNEPIN
2014-05-01,3.7,,,,,,,,,,,,1579.0,,,,,,,,,673165,,,,,,,,,,,,,,,,,,,,,,,,,,,,,,,,,,,,,HENNEPIN
2014-06-01,4.0,,,,,,,,,,,,1404.0,,,,,,,,,678313,,,,,,,,,,,,,,,,,,,,,,,,,,,,,,,,,,,,,HENNEPIN
2014-07-01,4.0,,,,,,,,,,,,1583.0,,,,,,,,,681448,,19.627522190027932,,,,,,,,,,,,,,,,,,39269.0,,,,,,,,,,,,,,,,,HENNEPIN
2014-08-01,3.8,,,,,,,,,,,,1352.0,,,,,,,,,676493,,,,,,,,,,,,,,,,,,,,,,,,,,,,,,,,,,,,,HENNEPIN
2014-09-01,3.4,,,,,,,,,,,,1474.0,,,,,,,,,673172,,,,,,,,,,,,,,,,,,,,,,,,,,,,,,,,,,,,,HENNEPIN
2014-10-01,3.0,,,,,,,,,,,,1477.0,,,,,,,,,672404,,19.947718846449995,,,,,,,,,,,,,,,,,,41140.0,,,,,,,,,,,,,,,,,HENNEPIN
2014-11-01,3.0,,,,,,,,,,,,1190.0,,,,,,,,,673270,,,,,,,,,,,,,,,,,,,,,,,,,,,,,,,,,,,,,HENNEPIN
2014-12-01,3.2,,,,,,,,,,,,1390.0,,,,,,,,,670255,,,,,,,,,,,,,,,,,,,,,,,,,,,,,,,,,,,,,HENNEPIN
2015-01-01,3.8,68902.0,136.12,125805.0,-1150.0,12.5,66322.0,16.735896190410102,258.7,10.9,1201524.0,267293.0,1393.0,843413.0,67520.0,70284.0,36.1,1223.385,80943551.0,22.97,47.0,667404,92.6,19.40295595971156,32.44318711723195,293.5,23.08673700808701,4.021821648629085,130801.0,138819.0,30.281636796097388,65.94920398311177,30.582999999867802,55.3,44.13013777489714,103.0,37142.0,13.9,25272.0,186455.0,7068.0,37015.0,1650.0,80741.0,81719.0,122783.0,10.2,11.6,143509.0,33067.0,41217.0,12.4,13.6,22231.0,28313.0,12.0,15.2,15.4,HENNEPIN
2015-02-01,3.6,,,,,,,,,,,,1366.0,,,,,,,,,670358,,,,,,,,,,,,,,,,,,,,,,,,,,,,,,,,,,,,,HENNEPIN
2015-03-01,3.6,,,,,,,,,,,,1532.0,,,,,,,,,668787,,,,,,,,,,,,,,,,,,,,,,,,,,,,,,,,,,,,,HENNEPIN
2015-04-01,3.2,,,,,,,,,,,,1458.0,,,,,,,,,674483,,18.88299920425084,,,,,,,,,,,,,,,,,,36944.0,,,,,,,,,,,,,,,,,HENNEPIN
2015-05-01,3.3,,,,,,,,,,,,1252.0,,,,,,,,,681764,,,,,,,,,,,,,,,,,,,,,,,,,,,,,,,,,,,,,HENNEPIN
2015-06-01,3.6,,,,,,,,,,,,1493.0,,,,,,,,,681775,,,,,,,,,,,,,,,,,,,,,,,,,,,,,,,,,,,,,HENNEPIN
2015-07-01,3.5,,,,,,,,,,,,1465.0,,,,,,,,,687890,,18.84024503672343,,,,,,,,,,,,,,,,,,36004.0,,,,,,,,,,,,,,,,,HENNEPIN
2015-08-01,3.2,,,,,,,,,,,,1431.0,,,,,,,,,683888,,,,,,,,,,,,,,,,,,,,,,,,,,,,,,,,,,,,,HENNEPIN
2015-09-01,3.0,,,,,,,,,,,,1524.0,,,,,,,,,678082,,,,,,,,,,,,,,,,,,,,,,,,,,,,,,,,,,,,,HENNEPIN
2015-10-01,2.9,,,,,,,,,,,,1456.0,,,,,,,,,675139,,19.0078355746622,,,,,,,,,,,,,,,,,,36642.0,,,,,,,,,,,,,,,,,HENNEPIN
2015-11-01,2.7,,,,,,,,,,,,1304.0,,,,,,,,,676633,,,,,,,,,,,,,,,,,,,,,,,,,,,,,,,,,,,,,HENNEPIN
2015-12-01,2.9,,,,,,,,,,,,1442.0,,,,,,,,,676103,,,,,,,,,,,,,,,,,,,,,,,,,,,,,,,,,,,,,HENNEPIN
2016-01-01,3.5,71184.0,142.9,,,11.9,67427.0,16.76258168833794,257.1,10.9,1210284.0,268607.0,1228.0,847424.0,69901.0,72467.0,36.2,1237.027,83103014.0,38.58,47.6,673959,92.8,18.452791956789685,31.434175375914315,295.0,23.22466642390824,3.678128523111612,132137.0,139043.0,29.68964528734592,65.63471126303843,,56.1,44.25603983700815,80.0,37515.0,14.0,24668.0,188268.0,6749.0,35817.0,1678.0,82545.0,82312.0,125231.0,10.3,11.5,148315.0,34015.0,41015.0,12.7,13.1,21959.0,27377.0,11.7,14.5,15.3,HENNEPIN
2016-02-01,3.5,,,,,,,,,,,,1380.0,,,,,,,,,680969,,,,,,,,,,,,,,,,,,,,,,,,,,,,,,,,,,,,,HENNEPIN
2016-03-01,3.5,,,,,,,,,,,,1628.0,,,,,,,,,680015,,,,,,,,,,,,,,,,,,,,,,,,,,,,,,,,,,,,,HENNEPIN
2016-04-01,3.1,,,,,,,,,,,,1435.0,,,,,,,,,683439,,18.32116598685407,,,,,,,,,,,,,,,,,,36189.0,,,,,,,,,,,,,,,,,HENNEPIN
2016-05-01,2.9,,,,,,,,,,,,1432.0,,,,,,,,,686732,,,,,,,,,,,,,,,,,,,,,,,,,,,,,,,,,,,,,HENNEPIN
2016-06-01,3.6,,,,,,,,,,,,1565.0,,,,,,,,,692628,,,,,,,,,,,,,,,,,,,,,,,,,,,,,,,,,,,,,HENNEPIN
2016-07-01,3.5,,,,,,,,,,,,1174.0,,,,,,,,,700372,,18.07069013690975,,,,,,,,,,,,,,,,,,36486.0,,,,,,,,,,,,,,,,,HENNEPIN
2016-08-01,3.6,,,,,,,,,,,,1694.0,,,,,,,,,697539,,,,,,,,,,,,,,,,,,,,,,,,,,,,,,,,,,,,,HENNEPIN
2016-09-01,3.4,,,,,,,,,,,,1203.0,,,,,,,,,694445,,,,,,,,,,,,,,,,,,,,,,,,,,,,,,,,,,,,,HENNEPIN
2016-10-01,3.2,,,,,,,,,,,,1252.0,,,,,,,,,689890,,18.216513019467595,,,,,,,,,,,,,,,,,,36861.0,,,,,,,,,,,,,,,,,HENNEPIN
2016-11-01,2.9,,,,,,,,,,,,1053.0,,,,,,,,,688806,,,,,,,,,,,,,,,,,,,,,,,,,,,,,,,,,,,,,HENNEPIN
2016-12-01,3.2,,,,,,,,,,,,1111.0,,,,,,,,,688606,,,,,,,,,,,,,,,,,,,,,,,,,,,,,,,,,,,,,HENNEPIN
2017-01-01,3.5,,153.27,,,,,,,,,,1194.0,,,,,1252.024,,,,685956,,17.775169701199008,,,,,,,,,,,,77.0,,,,,,36882.0,5344.0,,,,,,,,,,,,,,,,HENNEPIN
2017-02-01,3.5,,,,,,,,,,,,1126.0,,,,,,,,,690425,,,,,,,,,,,,,,,,,,,,,,,,,,,,,,,,,,,,,HENNEPIN
2017-03-01,3.2,,,,,,,,,,,,1392.0,,,,,,,,,690702,,,,,,,,,,,,,,,,,,,,,,,,,,,,,,,,,,,,,HENNEPIN
2017-04-01,2.9,,,,,,,,,,,,1072.0,,,,,,,,,693461,,17.576209965650953,,,,,,,,,,,,,,,,,,37740.0,,,,,,,,,,,,,,,,,HENNEPIN
2017-05-01,2.9,,,,,,,,,,,,1242.0,,,,,,,,,696889,,,,,,,,,,,,,,,,,,,,,,,,,,,,,,,,,,,,,HENNEPIN
2017-06-01,3.3,,,,,,,,,,,,1152.0,,,,,,,,,703484,,,,,,,,,,,,,,,,,,,,,,,,,,,,,,,,,,,,,HENNEPIN
2017-07-01,3.2,,,,,,,,,,,,967.0,,,,,,,,,711636,,17.820512820512818,,,,,,,,,,,,,,,,,,38341.0,,,,,,,,,,,,,,,,,HENNEPIN
2017-08-01,3.3,,,,,,,,,,,,1040.0,,,,,,,,,709851,,,,,,,,,,,,,,,,,,,,,,,,,,,,,,,,,,,,,HENNEPIN
2017-09-01,2.8,,,,,,,,,,,,650.0,,,,,,,,,706899,,,,,,,,,,,,,,,,,,,,,,,,,,,,,,,,,,,,,HENNEPIN
2017-10-01,2.4,,,,,,,,,,,,591.0,,,,,,,,,698611,,17.967495098969202,,,,,,,,,,,,,,,,,,38891.0,,,,,,,,,,,,,,,,,HENNEPIN
2017-11-01,2.5,,,,,,,,,,,,426.0,,,,,,,,,698584,,,,,,,,,,,,,,,,,,,,,,,,,,,,,,,,,,,,,HENNEPIN
2017-12-01,2.7,,,,,,,,,,,,282.0,,,,,,,,,694993,,,,,,,,,,,,,,,,,,,,,,,,,,,,,,,,,,,,,HENNEPIN
2018-01-01,2.9,,,,,,,,,,,,122.0,,,,,,,,,701127,,17.288850701479905,,,,,,,,,,,,,,,,,,40849.0,,,,,,,,,,,,,,,,,HENNEPIN
2018-02-01,2.9,,,,,,,,,,,,,,,,,,,,,705513,,,,,,,,,,,,,,,,,,,,,,,,,,,,,,,,,,,,,HENNEPIN
2018-03-01,2.8,,,,,,,,,,,,,,,,,,,,,703495,,,,,,,,,,,,,,,,,,,,,,,,,,,,,,,,,,,,,HENNEPIN
2018-04-01,2.5,,,,,,,,,,,,,,,,,,,,,704582,,16.910650217762512,,,,,,,,,,,,,,,,,,,,,,,,,,,,,,,,,,,HENNEPIN
2018-05-01,2.2,,,,,,,,,,,,,,,,,,,,,707234,,,,,,,,,,,,,,,,,,,,,,,,,,,,,,,,,,,,,HENNEPIN
2018-06-01,2.8,,,,,,,,,,,,,,,,,,,,,715319,,,,,,,,,,,,,,,,,,,,,,,,,,,,,,,,,,,,,HENNEPIN
2018-07-01,2.6,,,,,,,,,,,,,,,,,,,,,719203,,,,,,,,,,,,,,,,,,,,,,,,,,,,,,,,,,,,,HENNEPIN
2018-08-01,2.4,,,,,,,,,,,,,,,,,,,,,711415,,,,,,,,,,,,,,,,,,,,,,,,,,,,,,,,,,,,,HENNEPIN
