DATE,MNKOOC1URN,ATNHPIUS27071A,B01002001E027071,MNKOOC1POP,DP04ACS027071,EQFXSUBPRIME027071,HOWNRATEACS027071,NETMIGNACS027071,RACEDISPARITY027071,CBR27071MNA647NCEN,PEU18MN27071A647NCEN,PI27071,2020RATIO027071,B14005DCYACS027071,MNKOOC1LFN,CDC20N2U027071,PCPI27071,PUAAMN27071A647NCEN,B080ACS027071,CDC20N2UAA027071,MHIMN27071A052NCEN,HC01ESTVC1727071,S1701ACS027071,HC01ESTVC1627071,B03002003E027071,B03002006E027071,B03002012E027071,ENU2707120510,BPPRIV027071,MHICILBMN27071A052NCEN,MHICIUBMN27071A052NCEN,B03002005E027071,PUA0T17MN27071A647NCEN,PUA5T17RMN27071A647NCEN,S1101SPHOUSE027071,PEAAMN27071A647NCEN,PPAAMN27071A156NCEN,PECILBAAMN27071A647NCEN,PECIUBAAMN27071A647NCEN,PPCILBAAMN27071A156NCEN,DMPCRATE027071,PPCIUBAAMN27071A156NCEN,FBITC027071,S1501ACSTOTAL027071,PE5T17MN27071A647NCEN,PP5T17MN27071A156NCEN,PECILB5T17MN27071A647NCEN,PECIUB5T17MN27071A647NCEN,PPCILB5T17MN27071A156NCEN,PPU18MN27071A156NCEN,B03002004E027071,PECILBU18MN27071A647NCEN,PECIUBU18MN27071A647NCEN,PPCILBU18MN27071A156NCEN,PPCIUB5T17MN27071A156NCEN,PPCIUBU18MN27071A156NCEN,county
1991-01-01,14.0,,,15.632,,,,,,,,236564.0,,,6942,,15133.0,,,,,,,,,,,430.0,54.0,,,,,,,,,,,,,,,,,,,,,,,,,,,,KOOCHICHING
1991-02-01,12.3,,,,,,,,,,,,,,6802,,,,,,,,,,,,,,,,,,,,,,,,,,,,,,,,,,,,,,,,,,KOOCHICHING
1991-03-01,14.1,,,,,,,,,,,,,,6895,,,,,,,,,,,,,,,,,,,,,,,,,,,,,,,,,,,,,,,,,,KOOCHICHING
1991-04-01,15.3,,,,,,,,,,,,,,6800,,,,,,,,,,,,,433.0,,,,,,,,,,,,,,,,,,,,,,,,,,,,,KOOCHICHING
1991-05-01,15.6,,,,,,,,,,,,,,7011,,,,,,,,,,,,,,,,,,,,,,,,,,,,,,,,,,,,,,,,,,KOOCHICHING
1991-06-01,15.0,,,,,,,,,,,,,,7179,,,,,,,,,,,,,,,,,,,,,,,,,,,,,,,,,,,,,,,,,,KOOCHICHING
1991-07-01,12.5,,,,,,,,,,,,,,6808,,,,,,,,,,,,,430.0,,,,,,,,,,,,,,,,,,,,,,,,,,,,,KOOCHICHING
1991-08-01,11.3,,,,,,,,,,,,,,6652,,,,,,,,,,,,,,,,,,,,,,,,,,,,,,,,,,,,,,,,,,KOOCHICHING
1991-09-01,10.9,,,,,,,,,,,,,,6776,,,,,,,,,,,,,,,,,,,,,,,,,,,,,,,,,,,,,,,,,,KOOCHICHING
1991-10-01,10.5,,,,,,,,,,,,,,6596,,,,,,,,,,,,,429.0,,,,,,,,,,,,,,,,,,,,,,,,,,,,,KOOCHICHING
1991-11-01,11.3,,,,,,,,,,,,,,6544,,,,,,,,,,,,,,,,,,,,,,,,,,,,,,,,,,,,,,,,,,KOOCHICHING
1991-12-01,9.8,,,,,,,,,,,,,,6438,,,,,,,,,,,,,,,,,,,,,,,,,,,,,,,,,,,,,,,,,,KOOCHICHING
1992-01-01,10.9,85.62,,15.488,,,,,,,,247352.0,,,6586,,15971.0,,,,,,,,,,,429.0,68.0,,,,,,,,,,,,,,,,,,,,,,,,,,,,KOOCHICHING
1992-02-01,9.3,,,,,,,,,,,,,,6483,,,,,,,,,,,,,,,,,,,,,,,,,,,,,,,,,,,,,,,,,,KOOCHICHING
1992-03-01,10.4,,,,,,,,,,,,,,6524,,,,,,,,,,,,,,,,,,,,,,,,,,,,,,,,,,,,,,,,,,KOOCHICHING
1992-04-01,13.2,,,,,,,,,,,,,,6683,,,,,,,,,,,,,426.0,,,,,,,,,,,,,,,,,,,,,,,,,,,,,KOOCHICHING
1992-05-01,11.2,,,,,,,,,,,,,,6798,,,,,,,,,,,,,,,,,,,,,,,,,,,,,,,,,,,,,,,,,,KOOCHICHING
1992-06-01,11.0,,,,,,,,,,,,,,6996,,,,,,,,,,,,,,,,,,,,,,,,,,,,,,,,,,,,,,,,,,KOOCHICHING
1992-07-01,8.6,,,,,,,,,,,,,,6736,,,,,,,,,,,,,424.0,,,,,,,,,,,,,,,,,,,,,,,,,,,,,KOOCHICHING
1992-08-01,8.2,,,,,,,,,,,,,,6732,,,,,,,,,,,,,,,,,,,,,,,,,,,,,,,,,,,,,,,,,,KOOCHICHING
1992-09-01,9.1,,,,,,,,,,,,,,6886,,,,,,,,,,,,,,,,,,,,,,,,,,,,,,,,,,,,,,,,,,KOOCHICHING
1992-10-01,10.5,,,,,,,,,,,,,,6746,,,,,,,,,,,,,419.0,,,,,,,,,,,,,,,,,,,,,,,,,,,,,KOOCHICHING
1992-11-01,12.0,,,,,,,,,,,,,,6675,,,,,,,,,,,,,,,,,,,,,,,,,,,,,,,,,,,,,,,,,,KOOCHICHING
1992-12-01,10.9,,,,,,,,,,,,,,6589,,,,,,,,,,,,,,,,,,,,,,,,,,,,,,,,,,,,,,,,,,KOOCHICHING
1993-01-01,12.3,86.6,,15.489,,,,,,1148.0,729.0,246636.0,,,6681,,15923.0,,,,28396.0,,,,,,,415.0,53.0,26083.0,30696.0,,,,,1970.0,12.2,1553.0,2387.0,9.6,,14.8,,,488.0,15.4,368.0,608.0,11.6,17.3,,566.0,892.0,13.4,19.2,21.2,KOOCHICHING
1993-02-01,11.7,,,,,,,,,,,,,,6589,,,,,,,,,,,,,,,,,,,,,,,,,,,,,,,,,,,,,,,,,,KOOCHICHING
1993-03-01,12.5,,,,,,,,,,,,,,6654,,,,,,,,,,,,,,,,,,,,,,,,,,,,,,,,,,,,,,,,,,KOOCHICHING
1993-04-01,15.2,,,,,,,,,,,,,,6704,,,,,,,,,,,,,412.0,,,,,,,,,,,,,,,,,,,,,,,,,,,,,KOOCHICHING
1993-05-01,13.6,,,,,,,,,,,,,,6768,,,,,,,,,,,,,,,,,,,,,,,,,,,,,,,,,,,,,,,,,,KOOCHICHING
1993-06-01,13.7,,,,,,,,,,,,,,7071,,,,,,,,,,,,,,,,,,,,,,,,,,,,,,,,,,,,,,,,,,KOOCHICHING
1993-07-01,10.6,,,,,,,,,,,,,,6672,,,,,,,,,,,,,412.0,,,,,,,,,,,,,,,,,,,,,,,,,,,,,KOOCHICHING
1993-08-01,9.5,,,,,,,,,,,,,,6565,,,,,,,,,,,,,,,,,,,,,,,,,,,,,,,,,,,,,,,,,,KOOCHICHING
1993-09-01,9.5,,,,,,,,,,,,,,6685,,,,,,,,,,,,,,,,,,,,,,,,,,,,,,,,,,,,,,,,,,KOOCHICHING
1993-10-01,9.6,,,,,,,,,,,,,,6337,,,,,,,,,,,,,406.0,,,,,,,,,,,,,,,,,,,,,,,,,,,,,KOOCHICHING
1993-11-01,11.8,,,,,,,,,,,,,,6414,,,,,,,,,,,,,,,,,,,,,,,,,,,,,,,,,,,,,,,,,,KOOCHICHING
1993-12-01,10.1,,,,,,,,,,,,,,6281,,,,,,,,,,,,,,,,,,,,,,,,,,,,,,,,,,,,,,,,,,KOOCHICHING
1994-01-01,11.2,91.14,,15.385,,,,,,,,254889.0,,,6439,,16567.0,,,,,,,,,,,419.0,58.0,,,,,,,,,,,,,,,,,,,,,,,,,,,,KOOCHICHING
1994-02-01,9.9,,,,,,,,,,,,,,6384,,,,,,,,,,,,,,,,,,,,,,,,,,,,,,,,,,,,,,,,,,KOOCHICHING
1994-03-01,10.0,,,,,,,,,,,,,,6353,,,,,,,,,,,,,,,,,,,,,,,,,,,,,,,,,,,,,,,,,,KOOCHICHING
1994-04-01,12.5,,,,,,,,,,,,,,6514,,,,,,,,,,,,,411.0,,,,,,,,,,,,,,,,,,,,,,,,,,,,,KOOCHICHING
1994-05-01,9.9,,,,,,,,,,,,,,6479,,,,,,,,,,,,,,,,,,,,,,,,,,,,,,,,,,,,,,,,,,KOOCHICHING
1994-06-01,10.2,,,,,,,,,,,,,,6807,,,,,,,,,,,,,,,,,,,,,,,,,,,,,,,,,,,,,,,,,,KOOCHICHING
1994-07-01,9.5,,,,,,,,,,,,,,6497,,,,,,,,,,,,,405.0,,,,,,,,,,,,,,,,,,,,,,,,,,,,,KOOCHICHING
1994-08-01,8.3,,,,,,,,,,,,,,6337,,,,,,,,,,,,,,,,,,,,,,,,,,,,,,,,,,,,,,,,,,KOOCHICHING
1994-09-01,8.9,,,,,,,,,,,,,,6468,,,,,,,,,,,,,,,,,,,,,,,,,,,,,,,,,,,,,,,,,,KOOCHICHING
1994-10-01,8.7,,,,,,,,,,,,,,6278,,,,,,,,,,,,,409.0,,,,,,,,,,,,,,,,,,,,,,,,,,,,,KOOCHICHING
1994-11-01,10.0,,,,,,,,,,,,,,6260,,,,,,,,,,,,,,,,,,,,,,,,,,,,,,,,,,,,,,,,,,KOOCHICHING
1994-12-01,8.2,,,,,,,,,,,,,,6227,,,,,,,,,,,,,,,,,,,,,,,,,,,,,,,,,,,,,,,,,,KOOCHICHING
1995-01-01,9.0,90.62,,15.205,,,,,,1042.0,630.0,271650.0,,,6324,,17866.0,,,,31097.0,,,,,,,405.0,45.0,27989.0,34188.0,,,,,1742.0,11.1,1380.0,2105.0,8.8,,13.4,,,417.0,13.7,322.0,512.0,10.6,15.7,,490.0,769.0,12.2,16.9,19.1,KOOCHICHING
1995-02-01,7.7,,,,,,,,,,,,,,6192,,,,,,,,,,,,,,,,,,,,,,,,,,,,,,,,,,,,,,,,,,KOOCHICHING
1995-03-01,8.3,,,,,,,,,,,,,,6288,,,,,,,,,,,,,,,,,,,,,,,,,,,,,,,,,,,,,,,,,,KOOCHICHING
1995-04-01,11.5,,,,,,,,,,,,,,6261,,,,,,,,,,,,,414.0,,,,,,,,,,,,,,,,,,,,,,,,,,,,,KOOCHICHING
1995-05-01,10.2,,,,,,,,,,,,,,6432,,,,,,,,,,,,,,,,,,,,,,,,,,,,,,,,,,,,,,,,,,KOOCHICHING
1995-06-01,9.1,,,,,,,,,,,,,,6694,,,,,,,,,,,,,,,,,,,,,,,,,,,,,,,,,,,,,,,,,,KOOCHICHING
1995-07-01,8.6,,,,,,,,,,,,,,6349,,,,,,,,,,,,,404.0,,,,,,,,,,,,,,,,,,,,,,,,,,,,,KOOCHICHING
1995-08-01,7.1,,,,,,,,,,,,,,6466,,,,,,,,,,,,,,,,,,,,,,,,,,,,,,,,,,,,,,,,,,KOOCHICHING
1995-09-01,7.0,,,,,,,,,,,,,,6315,,,,,,,,,,,,,,,,,,,,,,,,,,,,,,,,,,,,,,,,,,KOOCHICHING
1995-10-01,7.5,,,,,,,,,,,,,,6209,,,,,,,,,,,,,414.0,,,,,,,,,,,,,,,,,,,,,,,,,,,,,KOOCHICHING
1995-11-01,9.0,,,,,,,,,,,,,,6275,,,,,,,,,,,,,,,,,,,,,,,,,,,,,,,,,,,,,,,,,,KOOCHICHING
1995-12-01,7.6,,,,,,,,,,,,,,6108,,,,,,,,,,,,,,,,,,,,,,,,,,,,,,,,,,,,,,,,,,KOOCHICHING
1996-01-01,8.8,89.71,,14.931,,,,,,,,302478.0,,,6526,,20258.0,,,,,,,,,,,417.0,31.0,,,,,,,,,,,,,,,,,,,,,,,,,,,,KOOCHICHING
1996-02-01,7.7,,,,,,,,,,,,,,6515,,,,,,,,,,,,,,,,,,,,,,,,,,,,,,,,,,,,,,,,,,KOOCHICHING
1996-03-01,8.1,,,,,,,,,,,,,,6580,,,,,,,,,,,,,,,,,,,,,,,,,,,,,,,,,,,,,,,,,,KOOCHICHING
1996-04-01,10.8,,,,,,,,,,,,,,6668,,,,,,,,,,,,,418.0,,,,,,,,,,,,,,,,,,,,,,,,,,,,,KOOCHICHING
1996-05-01,8.8,,,,,,,,,,,,,,6658,,,,,,,,,,,,,,,,,,,,,,,,,,,,,,,,,,,,,,,,,,KOOCHICHING
1996-06-01,8.8,,,,,,,,,,,,,,6785,,,,,,,,,,,,,,,,,,,,,,,,,,,,,,,,,,,,,,,,,,KOOCHICHING
1996-07-01,8.2,,,,,,,,,,,,,,6798,,,,,,,,,,,,,422.0,,,,,,,,,,,,,,,,,,,,,,,,,,,,,KOOCHICHING
1996-08-01,6.9,,,,,,,,,,,,,,6933,,,,,,,,,,,,,,,,,,,,,,,,,,,,,,,,,,,,,,,,,,KOOCHICHING
1996-09-01,6.9,,,,,,,,,,,,,,6775,,,,,,,,,,,,,,,,,,,,,,,,,,,,,,,,,,,,,,,,,,KOOCHICHING
1996-10-01,5.9,,,,,,,,,,,,,,6673,,,,,,,,,,,,,421.0,,,,,,,,,,,,,,,,,,,,,,,,,,,,,KOOCHICHING
1996-11-01,7.8,,,,,,,,,,,,,,6710,,,,,,,,,,,,,,,,,,,,,,,,,,,,,,,,,,,,,,,,,,KOOCHICHING
1996-12-01,6.6,,,,,,,,,,,,,,6586,,,,,,,,,,,,,,,,,,,,,,,,,,,,,,,,,,,,,,,,,,KOOCHICHING
1997-01-01,7.5,89.79,,14.842,,,,,,734.0,685.0,316068.0,,,6713,,21296.0,,,,34633.0,,,,,,,426.0,28.0,31404.0,37845.0,,,,,1760.0,11.7,1358.0,2162.0,9.0,,14.4,,,476.0,16.9,338.0,614.0,12.0,18.1,,508.0,861.0,13.4,21.9,22.8,KOOCHICHING
1997-02-01,6.7,,,,,,,,,,,,,,6608,,,,,,,,,,,,,,,,,,,,,,,,,,,,,,,,,,,,,,,,,,KOOCHICHING
1997-03-01,7.1,,,,,,,,,,,,,,6712,,,,,,,,,,,,,,,,,,,,,,,,,,,,,,,,,,,,,,,,,,KOOCHICHING
1997-04-01,9.2,,,,,,,,,,,,,,6756,,,,,,,,,,,,,436.0,,,,,,,,,,,,,,,,,,,,,,,,,,,,,KOOCHICHING
1997-05-01,7.2,,,,,,,,,,,,,,6818,,,,,,,,,,,,,,,,,,,,,,,,,,,,,,,,,,,,,,,,,,KOOCHICHING
1997-06-01,7.6,,,,,,,,,,,,,,7000,,,,,,,,,,,,,,,,,,,,,,,,,,,,,,,,,,,,,,,,,,KOOCHICHING
1997-07-01,5.9,,,,,,,,,,,,,,6783,,,,,,,,,,,,,456.0,,,,,,,,,,,,,,,,,,,,,,,,,,,,,KOOCHICHING
1997-08-01,6.1,,,,,,,,,,,,,,6964,,,,,,,,,,,,,,,,,,,,,,,,,,,,,,,,,,,,,,,,,,KOOCHICHING
1997-09-01,7.0,,,,,,,,,,,,,,6884,,,,,,,,,,,,,,,,,,,,,,,,,,,,,,,,,,,,,,,,,,KOOCHICHING
1997-10-01,7.0,,,,,,,,,,,,,,6684,,,,,,,,,,,,,447.0,,,,,,,,,,,,,,,,,,,,,,,,,,,,,KOOCHICHING
1997-11-01,8.0,,,,,,,,,,,,,,6615,,,,,,,,,,,,,,,,,,,,,,,,,,,,,,,,,,,,,,,,,,KOOCHICHING
1997-12-01,5.7,,,,,,,,,,,,,,6511,,,,,,,,,,,,,,,,,,,,,,,,,,,,,,,,,,,,,,,,,,KOOCHICHING
1998-01-01,8.1,91.27,,14.687999999999999,,,,,,711.0,681.0,328956.0,,,6601,,22396.0,14925.0,,,35972.0,,,,,,,446.0,49.0,32722.0,39204.0,,3720.0,2819.0,,1869.0,12.5,1445.0,2294.0,9.7,,15.4,,,463.0,16.4,306.0,620.0,10.9,18.3,,488.0,874.0,13.1,22.0,23.5,KOOCHICHING
1998-02-01,6.7,,,,,,,,,,,,,,6529,,,,,,,,,,,,,,,,,,,,,,,,,,,,,,,,,,,,,,,,,,KOOCHICHING
1998-03-01,8.6,,,,,,,,,,,,,,6656,,,,,,,,,,,,,,,,,,,,,,,,,,,,,,,,,,,,,,,,,,KOOCHICHING
1998-04-01,8.5,,,,,,,,,,,,,,6526,,,,,,,,,,,,,448.0,,,,,,,,,,,,,,,,,,,,,,,,,,,,,KOOCHICHING
1998-05-01,6.9,,,,,,,,,,,,,,6600,,,,,,,,,,,,,,,,,,,,,,,,,,,,,,,,,,,,,,,,,,KOOCHICHING
1998-06-01,6.9,,,,,,,,,,,,,,6958,,,,,,,,,,,,,,,,,,,,,,,,,,,,,,,,,,,,,,,,,,KOOCHICHING
1998-07-01,6.4,,,,,,,,,,,,,,6646,,,,,,,,,,,,,446.0,,,,,,,,,,,,,,,,,,,,,,,,,,,,,KOOCHICHING
1998-08-01,5.2,,,,,,,,,,,,,,6599,,,,,,,,,,,,,,,,,,,,,,,,,,,,,,,,,,,,,,,,,,KOOCHICHING
1998-09-01,6.1,,,,,,,,,,,,,,6676,,,,,,,,,,,,,,,,,,,,,,,,,,,,,,,,,,,,,,,,,,KOOCHICHING
1998-10-01,6.0,,,,,,,,,,,,,,6416,,,,,,,,,,,,,447.0,,,,,,,,,,,,,,,,,,,,,,,,,,,,,KOOCHICHING
1998-11-01,8.3,,,,,,,,,,,,,,6388,,,,,,,,,,,,,,,,,,,,,,,,,,,,,,,,,,,,,,,,,,KOOCHICHING
1998-12-01,7.5,,,,,,,,,,,,,,6327,,,,,,,,,,,,,,,,,,,,,,,,,,,,,,,,,,,,,,,,,,KOOCHICHING
1999-01-01,7.3,95.36,,14.512,,27.594529364440866,,,,766.0,483.0,336084.0,,,6396,518.6,23159.0,14195.0,,397.2,36361.0,,,,,,,441.0,32.0,34037.0,38844.0,,3394.0,2569.0,,1588.0,11.2,1192.0,1984.0,8.4,,14.0,,,403.0,15.7,249.0,557.0,9.7,14.2,,323.0,643.0,9.5,21.7,18.9,KOOCHICHING
1999-02-01,6.7,,,,,,,,,,,,,,6274,,,,,,,,,,,,,,,,,,,,,,,,,,,,,,,,,,,,,,,,,,KOOCHICHING
1999-03-01,6.8,,,,,,,,,,,,,,6297,,,,,,,,,,,,,,,,,,,,,,,,,,,,,,,,,,,,,,,,,,KOOCHICHING
1999-04-01,8.0,,,,,27.250000000000004,,,,,,,,,6331,,,,,,,,,,,,,448.0,,,,,,,,,,,,,,,,,,,,,,,,,,,,,KOOCHICHING
1999-05-01,6.5,,,,,,,,,,,,,,6522,,,,,,,,,,,,,,,,,,,,,,,,,,,,,,,,,,,,,,,,,,KOOCHICHING
1999-06-01,7.7,,,,,,,,,,,,,,6900,,,,,,,,,,,,,,,,,,,,,,,,,,,,,,,,,,,,,,,,,,KOOCHICHING
1999-07-01,6.1,,,,,26.94974003466205,,,,,,,,,6783,,,,,,,,,,,,,453.0,,,,,,,,,,,,,,,,,,,,,,,,,,,,,KOOCHICHING
1999-08-01,5.4,,,,,,,,,,,,,,6901,,,,,,,,,,,,,,,,,,,,,,,,,,,,,,,,,,,,,,,,,,KOOCHICHING
1999-09-01,6.5,,,,,,,,,,,,,,6854,,,,,,,,,,,,,,,,,,,,,,,,,,,,,,,,,,,,,,,,,,KOOCHICHING
1999-10-01,5.1,,,,,26.51245551601423,,,,,,,,,6451,,,,,,,,,,,,,451.0,,,,,,,,,,,,,,,,,,,,,,,,,,,,,KOOCHICHING
1999-11-01,7.0,,,,,,,,,,,,,,6440,,,,,,,,,,,,,,,,,,,,,,,,,,,,,,,,,,,,,,,,,,KOOCHICHING
1999-12-01,6.5,,,,,,,,,,,,,,6299,,,,,,,,,,,,,,,,,,,,,,,,,,,,,,,,,,,,,,,,,,KOOCHICHING
2000-01-01,6.1,100.0,,14.241,,25.60137457044673,,,,686.0,474.0,349129.0,,,7123,471.8,24435.0,13905.0,,363.1,37601.0,,,,,,,449.0,49.0,34884.0,40530.0,,3174.0,2387.0,,1464.0,10.5,1132.0,1795.0,8.1,,12.9,,,314.0,13.2,213.0,415.0,8.9,14.9,,349.0,600.0,11.0,17.4,18.9,KOOCHICHING
2000-02-01,5.4,,,,,,,,,,,,,,7214,,,,,,,,,,,,,,,,,,,,,,,,,,,,,,,,,,,,,,,,,,KOOCHICHING
2000-03-01,6.3,,,,,,,,,,,,,,7295,,,,,,,,,,,,,,,,,,,,,,,,,,,,,,,,,,,,,,,,,,KOOCHICHING
2000-04-01,6.1,,,,,23.40425531914893,,,,,,,,,7173,,,,,,,,,,,,,454.0,,,,,,,,,,,,,,,,,,,,,,,,,,,,,KOOCHICHING
2000-05-01,5.3,,,,,,,,,,,,,,7400,,,,,,,,,,,,,,,,,,,,,,,,,,,,,,,,,,,,,,,,,,KOOCHICHING
2000-06-01,5.0,,,,,,,,,,,,,,7567,,,,,,,,,,,,,,,,,,,,,,,,,,,,,,,,,,,,,,,,,,KOOCHICHING
2000-07-01,4.4,,,,,24.921630094043888,,,,,,,,,7386,,,,,,,,,,,,,450.0,,,,,,,,,,,,,,,,,,,,,,,,,,,,,KOOCHICHING
2000-08-01,4.3,,,,,,,,,,,,,,7323,,,,,,,,,,,,,,,,,,,,,,,,,,,,,,,,,,,,,,,,,,KOOCHICHING
2000-09-01,4.2,,,,,,,,,,,,,,7272,,,,,,,,,,,,,,,,,,,,,,,,,,,,,,,,,,,,,,,,,,KOOCHICHING
2000-10-01,4.5,,,,,23.84057971014493,,,,,,,,,7158,,,,,,,,,,,,,456.0,,,,,,,,,,,,,,,,,,,,,,,,,,,,,KOOCHICHING
2000-11-01,6.3,,,,,,,,,,,,,,7147,,,,,,,,,,,,,,,,,,,,,,,,,,,,,,,,,,,,,,,,,,KOOCHICHING
2000-12-01,5.3,,,,,,,,,,,,,,7095,,,,,,,,,,,,,,,,,,,,,,,,,,,,,,,,,,,,,,,,,,KOOCHICHING
2001-01-01,6.7,103.04,,14.047,,24.251497005988025,,,,831.0,454.0,371126.0,,,7057,364.1,26276.0,13770.0,,299.2,36748.0,,,,,,,453.0,72.0,34311.0,39358.0,,3080.0,2339.0,,1500.0,10.9,1158.0,1842.0,8.4,,13.4,,,315.0,13.5,207.0,423.0,8.9,14.8,,326.0,583.0,10.6,18.1,18.9,KOOCHICHING
2001-02-01,6.0,,,,,,,,,,,,,,6991,,,,,,,,,,,,,,,,,,,,,,,,,,,,,,,,,,,,,,,,,,KOOCHICHING
2001-03-01,6.1,,,,,,,,,,,,,,7160,,,,,,,,,,,,,,,,,,,,,,,,,,,,,,,,,,,,,,,,,,KOOCHICHING
2001-04-01,7.3,,,,,23.3502538071066,,,,,,,,,7173,,,,,,,,,,,,,452.0,,,,,,,,,,,,,,,,,,,,,,,,,,,,,KOOCHICHING
2001-05-01,5.7,,,,,,,,,,,,,,7508,,,,,,,,,,,,,,,,,,,,,,,,,,,,,,,,,,,,,,,,,,KOOCHICHING
2001-06-01,5.6,,,,,,,,,,,,,,7513,,,,,,,,,,,,,,,,,,,,,,,,,,,,,,,,,,,,,,,,,,KOOCHICHING
2001-07-01,7.0,,,,,24.63450292397661,,,,,,,,,7596,,,,,,,,,,,,,457.0,,,,,,,,,,,,,,,,,,,,,,,,,,,,,KOOCHICHING
2001-08-01,4.0,,,,,,,,,,,,,,7436,,,,,,,,,,,,,,,,,,,,,,,,,,,,,,,,,,,,,,,,,,KOOCHICHING
2001-09-01,3.7,,,,,,,,,,,,,,7282,,,,,,,,,,,,,,,,,,,,,,,,,,,,,,,,,,,,,,,,,,KOOCHICHING
2001-10-01,3.8,,,,,24.946236559139784,,,,,,,,,7134,,,,,,,,,,,,,454.0,,,,,,,,,,,,,,,,,,,,,,,,,,,,,KOOCHICHING
2001-11-01,5.8,,,,,,,,,,,,,,6981,,,,,,,,,,,,,,,,,,,,,,,,,,,,,,,,,,,,,,,,,,KOOCHICHING
2001-12-01,6.0,,,,,,,,,,,,,,7118,,,,,,,,,,,,,,,,,,,,,,,,,,,,,,,,,,,,,,,,,,KOOCHICHING
2002-01-01,7.0,108.43,,13.897,,25.822603719599428,,,,801.0,389.0,376023.0,,,7124,485.9,26857.0,13842.0,,385.5,37470.0,,,,,,,445.0,50.0,34973.0,40145.0,,3033.0,2310.0,,1399.0,10.1,1065.0,1732.0,7.7,,12.5,,,289.0,12.5,195.0,383.0,8.5,12.8,,280.0,498.0,9.2,16.6,16.4,KOOCHICHING
2002-02-01,6.3,,,,,,,,,,,,,,7024,,,,,,,,,,,,,,,,,,,,,,,,,,,,,,,,,,,,,,,,,,KOOCHICHING
2002-03-01,6.9,,,,,,,,,,,,,,7182,,,,,,,,,,,,,,,,,,,,,,,,,,,,,,,,,,,,,,,,,,KOOCHICHING
2002-04-01,8.4,,,,,25.53802008608321,,,,,,,,,7138,,,,,,,,,,,,,440.0,,,,,,,,,,,,,,,,,,,,,,,,,,,,,KOOCHICHING
2002-05-01,5.8,,,,,,,,,,,,,,7199,,,,,,,,,,,,,,,,,,,,,,,,,,,,,,,,,,,,,,,,,,KOOCHICHING
2002-06-01,6.1,,,,,,,,,,,,,,7520,,,,,,,,,,,,,,,,,,,,,,,,,,,,,,,,,,,,,,,,,,KOOCHICHING
2002-07-01,5.3,,,,,26.985242445537597,,,,,,,,,7515,,,,,,,,,,,,,430.0,,,,,,,,,,,,,,,,,,,,,,,,,,,,,KOOCHICHING
2002-08-01,4.6,,,,,,,,,,,,,,7489,,,,,,,,,,,,,,,,,,,,,,,,,,,,,,,,,,,,,,,,,,KOOCHICHING
2002-09-01,4.2,,,,,,,,,,,,,,7399,,,,,,,,,,,,,,,,,,,,,,,,,,,,,,,,,,,,,,,,,,KOOCHICHING
2002-10-01,5.3,,,,,27.291812456263123,,,,,,,,,7142,,,,,,,,,,,,,430.0,,,,,,,,,,,,,,,,,,,,,,,,,,,,,KOOCHICHING
2002-11-01,6.7,,,,,,,,,,,,,,7118,,,,,,,,,,,,,,,,,,,,,,,,,,,,,,,,,,,,,,,,,,KOOCHICHING
2002-12-01,5.8,,,,,,,,,,,,,,7156,,,,,,,,,,,,,,,,,,,,,,,,,,,,,,,,,,,,,,,,,,KOOCHICHING
2003-01-01,7.3,110.59,,13.831,,26.8033946251768,,,,867.0,445.0,395810.0,,,7159,480.3,28343.0,13679.0,,371.2,38672.0,,,,,,,436.0,39.0,36307.0,41191.0,,2920.0,2243.0,,1446.0,10.6,1102.0,1791.0,8.1,,13.1,,,285.0,12.7,195.0,375.0,8.7,15.2,,322.0,567.0,11.0,16.7,19.4,KOOCHICHING
2003-02-01,7.3,,,,,,,,,,,,,,7108,,,,,,,,,,,,,,,,,,,,,,,,,,,,,,,,,,,,,,,,,,KOOCHICHING
2003-03-01,7.0,,,,,,,,,,,,,,7181,,,,,,,,,,,,,,,,,,,,,,,,,,,,,,,,,,,,,,,,,,KOOCHICHING
2003-04-01,8.5,,,,,26.019690576652604,,,,,,,,,7098,,,,,,,,,,,,,437.0,,,,,,,,,,,,,,,,,,,,,,,,,,,,,KOOCHICHING
2003-05-01,6.6,,,,,,,,,,,,,,7208,,,,,,,,,,,,,,,,,,,,,,,,,,,,,,,,,,,,,,,,,,KOOCHICHING
2003-06-01,7.0,,,,,,,,,,,,,,7406,,,,,,,,,,,,,,,,,,,,,,,,,,,,,,,,,,,,,,,,,,KOOCHICHING
2003-07-01,6.1,,,,,26.93649685973482,,,,,,,,,7290,,,,,,,,,,,,,440.0,,,,,,,,,,,,,,,,,,,,,,,,,,,,,KOOCHICHING
2003-08-01,5.6,,,,,,,,,,,,,,7259,,,,,,,,,,,,,,,,,,,,,,,,,,,,,,,,,,,,,,,,,,KOOCHICHING
2003-09-01,5.3,,,,,,,,,,,,,,7346,,,,,,,,,,,,,,,,,,,,,,,,,,,,,,,,,,,,,,,,,,KOOCHICHING
2003-10-01,5.2,,,,,26.639344262295083,,,,,,,,,7127,,,,,,,,,,,,,437.0,,,,,,,,,,,,,,,,,,,,,,,,,,,,,KOOCHICHING
2003-11-01,6.6,,,,,,,,,,,,,,7050,,,,,,,,,,,,,,,,,,,,,,,,,,,,,,,,,,,,,,,,,,KOOCHICHING
2003-12-01,5.8,,,,,,,,,,,,,,7025,,,,,,,,,,,,,,,,,,,,,,,,,,,,,,,,,,,,,,,,,,KOOCHICHING
2004-01-01,7.6,120.92,,13.753,,26.141628060886827,,,,1001.0,439.0,413660.0,,,6925,539.0,29719.0,13729.0,,422.0,39606.0,,,,,,,419.0,51.0,37192.0,42176.0,,2826.0,2183.0,,1464.0,10.7,1101.0,1827.0,8.0,,13.3,,,285.0,13.1,187.0,383.0,8.6,15.5,,312.0,565.0,11.1,17.5,20.0,KOOCHICHING
2004-02-01,6.8,,,,,,,,,,,,,,6885,,,,,,,,,,,,,,,,,,,,,,,,,,,,,,,,,,,,,,,,,,KOOCHICHING
2004-03-01,7.3,,,,,,,,,,,,,,6986,,,,,,,,,,,,,,,,,,,,,,,,,,,,,,,,,,,,,,,,,,KOOCHICHING
2004-04-01,7.8,,,,,25.937904269081503,,,,,,,,,6945,,,,,,,,,,,,,423.0,,,,,,,,,,,,,,,,,,,,,,,,,,,,,KOOCHICHING
2004-05-01,6.2,,,,,,,,,,,,,,7043,,,,,,,,,,,,,,,,,,,,,,,,,,,,,,,,,,,,,,,,,,KOOCHICHING
2004-06-01,6.3,,,,,,,,,,,,,,7410,,,,,,,,,,,,,,,,,,,,,,,,,,,,,,,,,,,,,,,,,,KOOCHICHING
2004-07-01,6.0,,,,,26.035502958579887,,,,,,,,,7234,,,,,,,,,,,,,421.0,,,,,,,,,,,,,,,,,,,,,,,,,,,,,KOOCHICHING
2004-08-01,5.6,,,,,,,,,,,,,,7250,,,,,,,,,,,,,,,,,,,,,,,,,,,,,,,,,,,,,,,,,,KOOCHICHING
2004-09-01,5.2,,,,,,,,,,,,,,7193,,,,,,,,,,,,,,,,,,,,,,,,,,,,,,,,,,,,,,,,,,KOOCHICHING
2004-10-01,5.0,,,,,26.883780332056194,,,,,,,,,7041,,,,,,,,,,,,,423.0,,,,,,,,,,,,,,,,,,,,,,,,,,,,,KOOCHICHING
2004-11-01,5.8,,,,,,,,,,,,,,6974,,,,,,,,,,,,,,,,,,,,,,,,,,,,,,,,,,,,,,,,,,KOOCHICHING
2004-12-01,5.8,,,,,,,,,,,,,,6939,,,,,,,,,,,,,,,,,,,,,,,,,,,,,,,,,,,,,,,,,,KOOCHICHING
2005-01-01,7.1,129.29,,13.652000000000001,,27.17250324254215,,,,904.0,510.0,404864.0,,,6844,471.1,29230.0,13564.0,,358.3,38652.0,,,,,,,416.0,86.0,35361.0,41942.0,,2781.0,2156.0,,1821.0,13.4,1454.0,2187.0,10.7,,16.1,155.0,,346.0,16.0,261.0,431.0,12.1,18.3,,393.0,628.0,14.1,20.0,22.6,KOOCHICHING
2005-02-01,7.2,,,,,,,,,,,,,,6932,,,,,,,,,,,,,,,,,,,,,,,,,,,,,,,,,,,,,,,,,,KOOCHICHING
2005-03-01,6.9,,,,,,,,,,,,,,6981,,,,,,,,,,,,,,,,,,,,,,,,,,,,,,,,,,,,,,,,,,KOOCHICHING
2005-04-01,7.5,,,,,26.493506493506487,,,,,,,,,6892,,,,,,,,,,,,,431.0,,,,,,,,,,,,,,,,,,,,,,,,,,,,,KOOCHICHING
2005-05-01,6.0,,,,,,,,,,,,,,7040,,,,,,,,,,,,,,,,,,,,,,,,,,,,,,,,,,,,,,,,,,KOOCHICHING
2005-06-01,6.0,,,,,,,,,,,,,,7294,,,,,,,,,,,,,,,,,,,,,,,,,,,,,,,,,,,,,,,,,,KOOCHICHING
2005-07-01,5.0,,,,,26.4382676147382,,,,,,,,,7184,,,,,,,,,,,,,442.0,,,,,,,,,,,,,,,,,,,,,,,,,,,,,KOOCHICHING
2005-08-01,4.8,,,,,,,,,,,,,,6989,,,,,,,,,,,,,,,,,,,,,,,,,,,,,,,,,,,,,,,,,,KOOCHICHING
2005-09-01,5.0,,,,,,,,,,,,,,7107,,,,,,,,,,,,,,,,,,,,,,,,,,,,,,,,,,,,,,,,,,KOOCHICHING
2005-10-01,5.2,,,,,26.920507682030724,,,,,,,,,6841,,,,,,,,,,,,,446.0,,,,,,,,,,,,,,,,,,,,,,,,,,,,,KOOCHICHING
2005-11-01,6.2,,,,,,,,,,,,,,6672,,,,,,,,,,,,,,,,,,,,,,,,,,,,,,,,,,,,,,,,,,KOOCHICHING
2005-12-01,6.2,,,,,,,,,,,,,,6661,,,,,,,,,,,,,,,,,,,,,,,,,,,,,,,,,,,,,,,,,,KOOCHICHING
2006-01-01,7.9,137.98,,13.477,,27.175368139223558,,,,912.0,513.0,395351.0,,,6738,524.9,28847.0,13356.0,,373.1,39963.0,,,,,,,440.0,69.0,36517.0,43409.0,,2790.0,2148.0,,1839.0,13.8,1466.0,2212.0,11.0,,16.6,134.0,,313.0,14.6,242.0,384.0,11.3,18.4,,404.0,622.0,14.5,17.9,22.3,KOOCHICHING
2006-02-01,7.3,,,,,,,,,,,,,,6692,,,,,,,,,,,,,,,,,,,,,,,,,,,,,,,,,,,,,,,,,,KOOCHICHING
2006-03-01,7.1,,,,,,,,,,,,,,6724,,,,,,,,,,,,,,,,,,,,,,,,,,,,,,,,,,,,,,,,,,KOOCHICHING
2006-04-01,8.3,,,,,25.653370013755154,,,,,,,,,6633,,,,,,,,,,,,,438.0,,,,,,,,,,,,,,,,,,,,,,,,,,,,,KOOCHICHING
2006-05-01,6.2,,,,,,,,,,,,,,6760,,,,,,,,,,,,,,,,,,,,,,,,,,,,,,,,,,,,,,,,,,KOOCHICHING
2006-06-01,6.0,,,,,,,,,,,,,,6888,,,,,,,,,,,,,,,,,,,,,,,,,,,,,,,,,,,,,,,,,,KOOCHICHING
2006-07-01,6.0,,,,,26.11637347767253,,,,,,,,,6712,,,,,,,,,,,,,434.0,,,,,,,,,,,,,,,,,,,,,,,,,,,,,KOOCHICHING
2006-08-01,5.8,,,,,,,,,,,,,,6661,,,,,,,,,,,,,,,,,,,,,,,,,,,,,,,,,,,,,,,,,,KOOCHICHING
2006-09-01,5.6,,,,,,,,,,,,,,6578,,,,,,,,,,,,,,,,,,,,,,,,,,,,,,,,,,,,,,,,,,KOOCHICHING
2006-10-01,5.7,,,,,25.910931174089068,,,,,,,,,6512,,,,,,,,,,,,,435.0,,,,,,,,,,,,,,,,,,,,,,,,,,,,,KOOCHICHING
2006-11-01,6.6,,,,,,,,,,,,,,6436,,,,,,,,,,,,,,,,,,,,,,,,,,,,,,,,,,,,,,,,,,KOOCHICHING
2006-12-01,6.6,,,,,,,,,,,,,,6443,,,,,,,,,,,,,,,,,,,,,,,,,,,,,,,,,,,,,,,,,,KOOCHICHING
2007-01-01,8.3,142.77,,13.33,,23.664638269100738,,,,1001.0,511.0,419687.0,,,6412,545.7,30912.0,13163.0,,380.6,41964.0,,,,,,,421.0,73.0,38586.0,45342.0,,2683.0,2054.0,,1739.0,13.2,1382.0,2096.0,10.5,,15.9,166.0,,339.0,16.5,253.0,425.0,12.3,19.0,,387.0,636.0,14.4,20.7,23.7,KOOCHICHING
2007-02-01,7.7,,,,,,,,,,,,,,6478,,,,,,,,,,,,,,,,,,,,,,,,,,,,,,,,,,,,,,,,,,KOOCHICHING
2007-03-01,8.4,,,,,,,,,,,,,,6528,,,,,,,,,,,,,,,,,,,,,,,,,,,,,,,,,,,,,,,,,,KOOCHICHING
2007-04-01,8.3,,,,,23.173140223831467,,,,,,,,,6465,,,,,,,,,,,,,427.0,,,,,,,,,,,,,,,,,,,,,,,,,,,,,KOOCHICHING
2007-05-01,6.5,,,,,,,,,,,,,,6542,,,,,,,,,,,,,,,,,,,,,,,,,,,,,,,,,,,,,,,,,,KOOCHICHING
2007-06-01,6.9,,,,,,,,,,,,,,6702,,,,,,,,,,,,,,,,,,,,,,,,,,,,,,,,,,,,,,,,,,KOOCHICHING
2007-07-01,6.5,,,,,25.694444444444446,,,,,,,,,6698,,,,,,,,,,,,,430.0,,,,,,,,,,,,,,,,,,,,,,,,,,,,,KOOCHICHING
2007-08-01,5.9,,,,,,,,,,,,,,6587,,,,,,,,,,,,,,,,,,,,,,,,,,,,,,,,,,,,,,,,,,KOOCHICHING
2007-09-01,5.8,,,,,,,,,,,,,,6539,,,,,,,,,,,,,,,,,,,,,,,,,,,,,,,,,,,,,,,,,,KOOCHICHING
2007-10-01,6.0,,,,,25.566750629722925,,,,,,,,,6441,,,,,,,,,,,,,429.0,,,,,,,,,,,,,,,,,,,,,,,,,,,,,KOOCHICHING
2007-11-01,6.8,,,,,,,,,,,,,,6386,,,,,,,,,,,,,,,,,,,,,,,,,,,,,,,,,,,,,,,,,,KOOCHICHING
2007-12-01,6.8,,,,,,,,,,,,,,6419,,,,,,,,,,,,,,,,,,,,,,,,,,,,,,,,,,,,,,,,,,KOOCHICHING
2008-01-01,7.5,145.15,,13.168,,25.39370078740157,,,,1029.0,485.0,431914.0,,,6384,460.1,32156.0,12959.0,,325.4,39130.0,,,,,,,417.0,39.0,35607.0,42654.0,,2580.0,1964.0,,1687.0,13.0,1354.0,2020.0,10.4,66.4399998188019,15.6,141.0,,314.0,16.0,239.0,389.0,12.2,18.8,,377.0,592.0,14.6,19.8,22.9,KOOCHICHING
2008-02-01,7.3,,,,,,,,,,,,,,6338,,,,,,,,,,,,,,,,,,,,,,,,,,,,,,,,,,,,,,,,,,KOOCHICHING
2008-03-01,7.5,,,,,,,,,,,,,,6356,,,,,,,,,,,,,,,,,,,,,,,,,,,,,,,,,,,,,,,,,,KOOCHICHING
2008-04-01,8.2,,,,,25.01654533421575,,,,,,,,,6430,,,,,,,,,,,,,420.0,,,,,,,,,,,,,,,,,,,,,,,,,,,,,KOOCHICHING
2008-05-01,7.3,,,,,,,,,,,,,,6631,,,,,,,,,,,,,,,,,,,,,,,,,,,,,,,,,,,,,,,,,,KOOCHICHING
2008-06-01,7.4,,,,,,,,,,,,,,6845,,,,,,,,,,,,,,,,,,,,,,,,,,,,,,,,,,,,,,,,,,KOOCHICHING
2008-07-01,7.2,,,,,24.722040549378683,,,,,,,,,6773,,,,,,,,,,,,,422.0,,,,,,,,,,,,,,,,,,,,,,,,,,,,,KOOCHICHING
2008-08-01,6.7,,,,,,,,,,,,,,6593,,,,,,,,,,,,,,,,,,,,,,,,,,,,,,,,,,,,,,,,,,KOOCHICHING
2008-09-01,6.7,,,,,,,,,,,,,,6565,,,,,,,,,,,,,,,,,,,,,,,,,,,,,,,,,,,,,,,,,,KOOCHICHING
2008-10-01,7.5,,,,,24.60835509138381,,,,,,,,,6512,,,,,,,,,,,,,415.0,,,,,,,,,,,,,,,,,,,,,,,,,,,,,KOOCHICHING
2008-11-01,9.7,,,,,,,,,,,,,,6456,,,,,,,,,,,,,,,,,,,,,,,,,,,,,,,,,,,,,,,,,,KOOCHICHING
2008-12-01,9.5,,,,,,,,,,,,,,6506,,,,,,,,,,,,,,,,,,,,,,,,,,,,,,,,,,,,,,,,,,KOOCHICHING
2009-01-01,10.9,136.58,46.0,12.992,,24.005305039787803,84.02798675895275,-99.0,37.28381070128442,1263.0,506.0,434712.0,,3.0534351145038165,6429,323.9,32744.0,12830.0,16.141405588484336,236.8,40431.0,,,,12660.0,23.0,115.0,400.0,16.0,36629.0,44233.0,485.0,2660.0,2016.0,37.329876863253396,1654.0,12.9,1289.0,2019.0,10.0,77.0,15.7,,25.0,344.0,17.1,262.0,426.0,13.0,19.0,0.0,389.0,624.0,14.6,21.1,23.5,KOOCHICHING
2009-02-01,10.7,,,,,,,,,,,,,,6439,,,,,,,,,,,,,,,,,,,,,,,,,,,,,,,,,,,,,,,,,,KOOCHICHING
2009-03-01,10.6,,,,,,,,,,,,,,6557,,,,,,,,,,,,,,,,,,,,,,,,,,,,,,,,,,,,,,,,,,KOOCHICHING
2009-04-01,11.2,,,,,24.83702737940026,,,,,,,,,6560,,,,,,,,,,,,,407.0,,,,,,,,,,,,,,,,,,,,,,,,,,,,,KOOCHICHING
2009-05-01,10.1,,,,,,,,,,,,,,6765,,,,,,,,,,,,,,,,,,,,,,,,,,,,,,,,,,,,,,,,,,KOOCHICHING
2009-06-01,9.5,,,,,,,,,,,,,,6949,,,,,,,,,,,,,,,,,,,,,,,,,,,,,,,,,,,,,,,,,,KOOCHICHING
2009-07-01,8.4,,,,,25.31969309462916,,,,,,,,,6967,,,,,,,,,,,,,403.0,,,,,,,,,,,,,,,,,,,,,,,,,,,,,KOOCHICHING
2009-08-01,7.9,,,,,,,,,,,,,,6890,,,,,,,,,,,,,,,,,,,,,,,,,,,,,,,,,,,,,,,,,,KOOCHICHING
2009-09-01,7.5,,,,,,,,,,,,,,6806,,,,,,,,,,,,,,,,,,,,,,,,,,,,,,,,,,,,,,,,,,KOOCHICHING
2009-10-01,7.8,,,,,24.18820410868125,,,,,,,,,6607,,,,,,,,,,,,,408.0,,,,,,,,,,,,,,,,,,,,,,,,,,,,,KOOCHICHING
2009-11-01,9.7,,,,,,,,,,,,,,6552,,,,,,,,,,,,,,,,,,,,,,,,,,,,,,,,,,,,,,,,,,KOOCHICHING
2009-12-01,9.0,,,,,,,,,,,,,,6623,,,,,,,,,,,,,,,,,,,,,,,,,,,,,,,,,,,,,,,,,,KOOCHICHING
2010-01-01,9.7,136.15,46.0,13.312000000000001,27.891945641365595,23.00194931773879,80.93457943925235,56.0,33.08116627265563,1509.0,604.0,458931.0,11.976033213813928,3.2203389830508478,6719,422.8,34488.0,13059.0,18.030143708377146,289.2,41695.0,16.3,,89.0,12690.0,34.0,146.0,402.0,14.0,37862.0,45528.0,478.0,2741.0,2091.0,34.822006472491914,1910.0,14.6,1521.0,2299.0,11.6,46.829999923706104,17.6,89.0,24.3,395.0,18.9,299.0,491.0,14.3,22.0,0.0,464.0,744.0,16.9,23.5,27.1,KOOCHICHING
2010-02-01,9.6,,,,,,,,,,,,,,6811,,,,,,,,,,,,,,,,,,,,,,,,,,,,,,,,,,,,,,,,,,KOOCHICHING
2010-03-01,10.2,,,,,,,,,,,,,,6863,,,,,,,,,,,,,,,,,,,,,,,,,,,,,,,,,,,,,,,,,,KOOCHICHING
2010-04-01,9.9,,,,,23.552123552123557,,,,,,,,,6843,,,,,,,,,,,,,403.0,,,,,,,,,,,,,,,,,,,,,,,,,,,,,KOOCHICHING
2010-05-01,8.7,,,,,,,,,,,,,,6981,,,,,,,,,,,,,,,,,,,,,,,,,,,,,,,,,,,,,,,,,,KOOCHICHING
2010-06-01,8.5,,,,,,,,,,,,,,7115,,,,,,,,,,,,,,,,,,,,,,,,,,,,,,,,,,,,,,,,,,KOOCHICHING
2010-07-01,8.0,,,,,23.29032258064516,,,,,,,,,7228,,,,,,,,,,,,,407.0,,,,,,,,,,,,,,,,,,,,,,,,,,,,,KOOCHICHING
2010-08-01,7.4,,,,,,,,,,,,,,7250,,,,,,,,,,,,,,,,,,,,,,,,,,,,,,,,,,,,,,,,,,KOOCHICHING
2010-09-01,7.3,,,,,,,,,,,,,,6955,,,,,,,,,,,,,,,,,,,,,,,,,,,,,,,,,,,,,,,,,,KOOCHICHING
2010-10-01,7.2,,,,,23.876765083440308,,,,,,,,,6861,,,,,,,,,,,,,408.0,,,,,,,,,,,,,,,,,,,,,,,,,,,,,KOOCHICHING
2010-11-01,9.3,,,,,,,,,,,,,,6820,,,,,,,,,,,,,,,,,,,,,,,,,,,,,,,,,,,,,,,,,,KOOCHICHING
2010-12-01,8.5,,,,,,,,,,,,,,6816,,,,,,,,,,,,,,,,,,,,,,,,,,,,,,,,,,,,,,,,,,KOOCHICHING
2011-01-01,9.8,135.01,45.9,13.228,27.401129943502823,22.608695652173914,81.592839109479,49.0,41.18563529345972,1675.0,574.0,468957.0,12.472162531744482,1.9578313253012052,6689,508.2,35406.0,12957.0,18.066139468008625,372.4,42771.0,17.2,,89.4,12576.0,65.0,185.0,401.0,14.0,38444.0,47098.0,385.0,2672.0,2044.0,34.00979706088174,1820.0,14.0,1439.0,2201.0,11.1,52.3609999995679,16.9,,25.7,381.0,18.6,282.0,480.0,13.8,21.5,23.0,438.0,710.0,16.4,23.4,26.6,KOOCHICHING
2011-02-01,9.6,,,,,,,,,,,,,,6731,,,,,,,,,,,,,,,,,,,,,,,,,,,,,,,,,,,,,,,,,,KOOCHICHING
2011-03-01,9.0,,,,,,,,,,,,,,6883,,,,,,,,,,,,,,,,,,,,,,,,,,,,,,,,,,,,,,,,,,KOOCHICHING
2011-04-01,9.7,,,,,21.916010498687662,,,,,,,,,6771,,,,,,,,,,,,,407.0,,,,,,,,,,,,,,,,,,,,,,,,,,,,,KOOCHICHING
2011-05-01,8.6,,,,,,,,,,,,,,6960,,,,,,,,,,,,,,,,,,,,,,,,,,,,,,,,,,,,,,,,,,KOOCHICHING
2011-06-01,8.3,,,,,,,,,,,,,,7089,,,,,,,,,,,,,,,,,,,,,,,,,,,,,,,,,,,,,,,,,,KOOCHICHING
2011-07-01,8.3,,,,,22.386144964720973,,,,,,,,,7006,,,,,,,,,,,,,407.0,,,,,,,,,,,,,,,,,,,,,,,,,,,,,KOOCHICHING
2011-08-01,7.1,,,,,,,,,,,,,,6931,,,,,,,,,,,,,,,,,,,,,,,,,,,,,,,,,,,,,,,,,,KOOCHICHING
2011-09-01,7.1,,,,,,,,,,,,,,6759,,,,,,,,,,,,,,,,,,,,,,,,,,,,,,,,,,,,,,,,,,KOOCHICHING
2011-10-01,6.8,,,,,21.423774345198122,,,,,,,,,6610,,,,,,,,,,,,,408.0,,,,,,,,,,,,,,,,,,,,,,,,,,,,,KOOCHICHING
2011-11-01,8.0,,,,,,,,,,,,,,6622,,,,,,,,,,,,,,,,,,,,,,,,,,,,,,,,,,,,,,,,,,KOOCHICHING
2011-12-01,7.9,,,,,,,,,,,,,,6680,,,,,,,,,,,,,,,,,,,,,,,,,,,,,,,,,,,,,,,,,,KOOCHICHING
2012-01-01,8.9,137.54,46.2,13.157,27.01168614357262,21.895861148197604,81.42901139513397,64.0,38.10973167801362,1700.0,564.0,466464.0,13.466161715522327,1.9316493313521543,6612,411.0,35365.0,12956.0,17.915521348726408,263.4,43762.0,17.5,12.0,89.2,12485.0,54.0,144.0,401.0,12.0,39763.0,47761.0,431.0,2633.0,2015.0,26.525998492841,1665.0,12.9,1322.0,2008.0,10.3,71.20299999974671,15.5,102.0,27.0,379.0,18.8,285.0,473.0,14.1,21.4,29.0,432.0,696.0,16.4,23.5,26.4,KOOCHICHING
2012-02-01,8.9,,,,,,,,,,,,,,6649,,,,,,,,,,,,,,,,,,,,,,,,,,,,,,,,,,,,,,,,,,KOOCHICHING
2012-03-01,9.6,,,,,,,,,,,,,,6680,,,,,,,,,,,,,,,,,,,,,,,,,,,,,,,,,,,,,,,,,,KOOCHICHING
2012-04-01,8.9,,,,,20.517928286852587,,,,,,,,,6596,,,,,,,,,,,,,400.0,,,,,,,,,,,,,,,,,,,,,,,,,,,,,KOOCHICHING
2012-05-01,7.6,,,,,,,,,,,,,,6731,,,,,,,,,,,,,,,,,,,,,,,,,,,,,,,,,,,,,,,,,,KOOCHICHING
2012-06-01,7.9,,,,,,,,,,,,,,6988,,,,,,,,,,,,,,,,,,,,,,,,,,,,,,,,,,,,,,,,,,KOOCHICHING
2012-07-01,7.5,,,,,20.682730923694773,,,,,,,,,6962,,,,,,,,,,,,,398.0,,,,,,,,,,,,,,,,,,,,,,,,,,,,,KOOCHICHING
2012-08-01,6.9,,,,,,,,,,,,,,6788,,,,,,,,,,,,,,,,,,,,,,,,,,,,,,,,,,,,,,,,,,KOOCHICHING
2012-09-01,6.3,,,,,,,,,,,,,,6619,,,,,,,,,,,,,,,,,,,,,,,,,,,,,,,,,,,,,,,,,,KOOCHICHING
2012-10-01,6.5,,,,,22.026143790849677,,,,,,,,,6542,,,,,,,,,,,,,399.0,,,,,,,,,,,,,,,,,,,,,,,,,,,,,KOOCHICHING
2012-11-01,8.5,,,,,,,,,,,,,,6617,,,,,,,,,,,,,,,,,,,,,,,,,,,,,,,,,,,,,,,,,,KOOCHICHING
2012-12-01,8.3,,,,,,,,,,,,,,6635,,,,,,,,,,,,,,,,,,,,,,,,,,,,,,,,,,,,,,,,,,KOOCHICHING
2013-01-01,9.5,140.27,46.7,13.082,28.51653859004343,20.319488817891365,81.73530093486828,-163.0,42.67930249079044,1581.0,588.0,467800.0,14.228439630966704,2.1739130434782608,6750,617.0,35653.0,12939.0,16.845077998924154,407.7,44817.0,17.2,14.1,89.3,12413.0,63.0,109.0,377.0,18.0,40686.0,48948.0,387.0,2573.0,1961.0,27.683197631384157,2183.0,16.9,1820.0,2546.0,14.1,57.0449999999255,19.7,86.0,26.2,403.0,20.6,305.0,501.0,15.6,22.9,103.0,464.0,712.0,18.1,25.6,27.7,KOOCHICHING
2013-02-01,8.9,,,,,,,,,,,,,,6649,,,,,,,,,,,,,,,,,,,,,,,,,,,,,,,,,,,,,,,,,,KOOCHICHING
2013-03-01,9.2,,,,,,,,,,,,,,6646,,,,,,,,,,,,,,,,,,,,,,,,,,,,,,,,,,,,,,,,,,KOOCHICHING
2013-04-01,9.4,,,,,19.614147909967848,,,,,,,,,6657,,,,,,,,,,,,,385.0,,,,,,,,,,,,,,,,,,,,,,,,,,,,,KOOCHICHING
2013-05-01,8.4,,,,,,,,,,,,,,6736,,,,,,,,,,,,,,,,,,,,,,,,,,,,,,,,,,,,,,,,,,KOOCHICHING
2013-06-01,8.0,,,,,,,,,,,,,,6978,,,,,,,,,,,,,,,,,,,,,,,,,,,,,,,,,,,,,,,,,,KOOCHICHING
2013-07-01,7.4,,,,,20.48040455120101,,,,,,,,,6852,,,,,,,,,,,,,382.0,,,,,,,,,,,,,,,,,,,,,,,,,,,,,KOOCHICHING
2013-08-01,7.0,,,,,,,,,,,,,,6814,,,,,,,,,,,,,,,,,,,,,,,,,,,,,,,,,,,,,,,,,,KOOCHICHING
2013-09-01,6.6,,,,,,,,,,,,,,6684,,,,,,,,,,,,,,,,,,,,,,,,,,,,,,,,,,,,,,,,,,KOOCHICHING
2013-10-01,7.4,,,,,21.016738995660265,,,,,,,,,6623,,,,,,,,,,,,,377.0,,,,,,,,,,,,,,,,,,,,,,,,,,,,,KOOCHICHING
2013-11-01,8.7,,,,,,,,,,,,,,6637,,,,,,,,,,,,,,,,,,,,,,,,,,,,,,,,,,,,,,,,,,KOOCHICHING
2013-12-01,8.9,,,,,,,,,,,,,,6677,,,,,,,,,,,,,,,,,,,,,,,,,,,,,,,,,,,,,,,,,,KOOCHICHING
2014-01-01,10.0,133.54,47.2,12.847000000000001,27.114556416882,20.195838433292533,80.65798705854837,-139.0,32.43858871574748,1489.0,536.0,459534.0,13.601462140992167,3.3950617283950617,6445,465.5,35678.0,12600.0,16.606326567928324,295.9,44113.0,18.4,15.9,89.1,12322.0,63.0,34.0,366.0,9.0,40199.0,48027.0,427.0,2379.0,1864.0,34.239999999999995,1933.0,15.3,1545.0,2321.0,12.2,44.1959999999963,18.4,120.0,28.700000000000006,373.0,20.0,285.0,461.0,15.3,22.5,96.0,413.0,659.0,17.3,24.7,27.7,KOOCHICHING
2014-02-01,9.7,,,,,,,,,,,,,,6449,,,,,,,,,,,,,,,,,,,,,,,,,,,,,,,,,,,,,,,,,,KOOCHICHING
2014-03-01,10.1,,,,,,,,,,,,,,6536,,,,,,,,,,,,,,,,,,,,,,,,,,,,,,,,,,,,,,,,,,KOOCHICHING
2014-04-01,9.9,,,,,19.26889714993804,,,,,,,,,6462,,,,,,,,,,,,,364.0,,,,,,,,,,,,,,,,,,,,,,,,,,,,,KOOCHICHING
2014-05-01,8.4,,,,,,,,,,,,,,6490,,,,,,,,,,,,,,,,,,,,,,,,,,,,,,,,,,,,,,,,,,KOOCHICHING
2014-06-01,8.4,,,,,,,,,,,,,,6662,,,,,,,,,,,,,,,,,,,,,,,,,,,,,,,,,,,,,,,,,,KOOCHICHING
2014-07-01,8.2,,,,,19.283065512978986,,,,,,,,,6447,,,,,,,,,,,,,368.0,,,,,,,,,,,,,,,,,,,,,,,,,,,,,KOOCHICHING
2014-08-01,7.5,,,,,,,,,,,,,,6493,,,,,,,,,,,,,,,,,,,,,,,,,,,,,,,,,,,,,,,,,,KOOCHICHING
2014-09-01,6.6,,,,,,,,,,,,,,6393,,,,,,,,,,,,,,,,,,,,,,,,,,,,,,,,,,,,,,,,,,KOOCHICHING
2014-10-01,6.4,,,,,19.98766193707588,,,,,,,,,6253,,,,,,,,,,,,,366.0,,,,,,,,,,,,,,,,,,,,,,,,,,,,,KOOCHICHING
2014-11-01,7.7,,,,,,,,,,,,,,6248,,,,,,,,,,,,,,,,,,,,,,,,,,,,,,,,,,,,,,,,,,KOOCHICHING
2014-12-01,8.5,,,,,,,,,,,,,,6326,,,,,,,,,,,,,,,,,,,,,,,,,,,,,,,,,,,,,,,,,,KOOCHICHING
2015-01-01,9.2,142.04,47.4,12.804,27.32589048378522,19.370758790869832,81.71975521732307,-186.0,32.28837031538021,1416.0,532.0,467430.0,13.402436588775716,3.685897435897436,6243,468.1,36435.0,12586.0,14.914710198092447,279.2,46807.0,18.4,15.2,89.4,12227.0,84.0,10.0,362.0,13.0,42727.0,50887.0,428.0,2418.0,1872.0,37.43961352657005,1794.0,14.3,1462.0,2126.0,11.7,43.3739999998361,16.9,88.0,28.9,366.0,19.6,277.0,455.0,14.9,22.0,114.0,417.0,647.0,17.2,24.3,26.8,KOOCHICHING
2015-02-01,8.6,,,,,,,,,,,,,,6186,,,,,,,,,,,,,,,,,,,,,,,,,,,,,,,,,,,,,,,,,,KOOCHICHING
2015-03-01,9.1,,,,,,,,,,,,,,6247,,,,,,,,,,,,,,,,,,,,,,,,,,,,,,,,,,,,,,,,,,KOOCHICHING
2015-04-01,9.2,,,,,18.43884449907806,,,,,,,,,6243,,,,,,,,,,,,,361.0,,,,,,,,,,,,,,,,,,,,,,,,,,,,,KOOCHICHING
2015-05-01,7.8,,,,,,,,,,,,,,6279,,,,,,,,,,,,,,,,,,,,,,,,,,,,,,,,,,,,,,,,,,KOOCHICHING
2015-06-01,7.7,,,,,,,,,,,,,,6509,,,,,,,,,,,,,,,,,,,,,,,,,,,,,,,,,,,,,,,,,,KOOCHICHING
2015-07-01,7.5,,,,,20.307495195387574,,,,,,,,,6298,,,,,,,,,,,,,365.0,,,,,,,,,,,,,,,,,,,,,,,,,,,,,KOOCHICHING
2015-08-01,6.8,,,,,,,,,,,,,,6259,,,,,,,,,,,,,,,,,,,,,,,,,,,,,,,,,,,,,,,,,,KOOCHICHING
2015-09-01,6.1,,,,,,,,,,,,,,6202,,,,,,,,,,,,,,,,,,,,,,,,,,,,,,,,,,,,,,,,,,KOOCHICHING
2015-10-01,7.1,,,,,20.490257699560022,,,,,,,,,6218,,,,,,,,,,,,,361.0,,,,,,,,,,,,,,,,,,,,,,,,,,,,,KOOCHICHING
2015-11-01,9.1,,,,,,,,,,,,,,6134,,,,,,,,,,,,,,,,,,,,,,,,,,,,,,,,,,,,,,,,,,KOOCHICHING
2015-12-01,9.0,,,,,,,,,,,,,,6220,,,,,,,,,,,,,,,,,,,,,,,,,,,,,,,,,,,,,,,,,,KOOCHICHING
2016-01-01,9.2,146.75,48.2,12.618,24.87382840663302,19.48297604035309,81.973058637084,,47.541197465610864,,518.0,469875.0,13.86388508891929,3.333333333333333,6221,609.3,37209.0,12371.0,15.355745948966286,375.8,49393.0,18.4,16.9,91.0,12091.0,50.0,25.0,358.0,13.0,44754.0,54032.0,471.0,2294.0,1757.0,41.139240506329116,1773.0,14.3,1413.0,2133.0,11.4,,17.2,,28.6,360.0,20.5,271.0,449.0,15.4,22.6,119.0,397.0,639.0,17.3,25.6,27.9,KOOCHICHING
2016-02-01,8.4,,,,,,,,,,,,,,6189,,,,,,,,,,,,,,,,,,,,,,,,,,,,,,,,,,,,,,,,,,KOOCHICHING
2016-03-01,9.3,,,,,,,,,,,,,,6302,,,,,,,,,,,,,,,,,,,,,,,,,,,,,,,,,,,,,,,,,,KOOCHICHING
2016-04-01,10.1,,,,,19.165085388994306,,,,,,,,,6109,,,,,,,,,,,,,362.0,,,,,,,,,,,,,,,,,,,,,,,,,,,,,KOOCHICHING
2016-05-01,7.5,,,,,,,,,,,,,,6149,,,,,,,,,,,,,,,,,,,,,,,,,,,,,,,,,,,,,,,,,,KOOCHICHING
2016-06-01,8.3,,,,,,,,,,,,,,6380,,,,,,,,,,,,,,,,,,,,,,,,,,,,,,,,,,,,,,,,,,KOOCHICHING
2016-07-01,8.4,,,,,19.86258588382261,,,,,,,,,6208,,,,,,,,,,,,,364.0,,,,,,,,,,,,,,,,,,,,,,,,,,,,,KOOCHICHING
2016-08-01,7.9,,,,,,,,,,,,,,6176,,,,,,,,,,,,,,,,,,,,,,,,,,,,,,,,,,,,,,,,,,KOOCHICHING
2016-09-01,7.2,,,,,,,,,,,,,,6173,,,,,,,,,,,,,,,,,,,,,,,,,,,,,,,,,,,,,,,,,,KOOCHICHING
2016-10-01,7.5,,,,,19.235588972431078,,,,,,,,,6098,,,,,,,,,,,,,366.0,,,,,,,,,,,,,,,,,,,,,,,,,,,,,KOOCHICHING
2016-11-01,9.1,,,,,,,,,,,,,,6110,,,,,,,,,,,,,,,,,,,,,,,,,,,,,,,,,,,,,,,,,,KOOCHICHING
2016-12-01,8.9,,,,,,,,,,,,,,6107,,,,,,,,,,,,,,,,,,,,,,,,,,,,,,,,,,,,,,,,,,KOOCHICHING
2017-01-01,9.0,143.38,,12.527999999999999,,18.348045397225725,,,,,,,,,6029,,,,,,,,,,,,,362.0,22.0,,,,,,,,,,,,,,77.0,,,,,,,,,,,,,,KOOCHICHING
2017-02-01,8.0,,,,,,,,,,,,,,5973,,,,,,,,,,,,,,,,,,,,,,,,,,,,,,,,,,,,,,,,,,KOOCHICHING
2017-03-01,8.9,,,,,,,,,,,,,,6019,,,,,,,,,,,,,,,,,,,,,,,,,,,,,,,,,,,,,,,,,,KOOCHICHING
2017-04-01,9.2,,,,,18.148599269183922,,,,,,,,,5913,,,,,,,,,,,,,364.0,,,,,,,,,,,,,,,,,,,,,,,,,,,,,KOOCHICHING
2017-05-01,7.3,,,,,,,,,,,,,,5972,,,,,,,,,,,,,,,,,,,,,,,,,,,,,,,,,,,,,,,,,,KOOCHICHING
2017-06-01,6.8,,,,,,,,,,,,,,6189,,,,,,,,,,,,,,,,,,,,,,,,,,,,,,,,,,,,,,,,,,KOOCHICHING
2017-07-01,6.1,,,,,18.668252080856124,,,,,,,,,6125,,,,,,,,,,,,,366.0,,,,,,,,,,,,,,,,,,,,,,,,,,,,,KOOCHICHING
2017-08-01,6.5,,,,,,,,,,,,,,5992,,,,,,,,,,,,,,,,,,,,,,,,,,,,,,,,,,,,,,,,,,KOOCHICHING
2017-09-01,4.9,,,,,,,,,,,,,,5957,,,,,,,,,,,,,,,,,,,,,,,,,,,,,,,,,,,,,,,,,,KOOCHICHING
2017-10-01,4.6,,,,,19.93485342019544,,,,,,,,,5980,,,,,,,,,,,,,371.0,,,,,,,,,,,,,,,,,,,,,,,,,,,,,KOOCHICHING
2017-11-01,7.1,,,,,,,,,,,,,,6119,,,,,,,,,,,,,,,,,,,,,,,,,,,,,,,,,,,,,,,,,,KOOCHICHING
2017-12-01,6.1,,,,,,,,,,,,,,6044,,,,,,,,,,,,,,,,,,,,,,,,,,,,,,,,,,,,,,,,,,KOOCHICHING
2018-01-01,6.8,,,,,19.26662523306401,,,,,,,,,6043,,,,,,,,,,,,,379.0,,,,,,,,,,,,,,,,,,,,,,,,,,,,,KOOCHICHING
2018-02-01,6.7,,,,,,,,,,,,,,6066,,,,,,,,,,,,,,,,,,,,,,,,,,,,,,,,,,,,,,,,,,KOOCHICHING
2018-03-01,7.2,,,,,,,,,,,,,,6099,,,,,,,,,,,,,,,,,,,,,,,,,,,,,,,,,,,,,,,,,,KOOCHICHING
2018-04-01,7.7,,,,,20.251572327044027,,,,,,,,,6048,,,,,,,,,,,,,,,,,,,,,,,,,,,,,,,,,,,,,,,,,,KOOCHICHING
2018-05-01,6.3,,,,,,,,,,,,,,6166,,,,,,,,,,,,,,,,,,,,,,,,,,,,,,,,,,,,,,,,,,KOOCHICHING
2018-06-01,6.1,,,,,,,,,,,,,,6301,,,,,,,,,,,,,,,,,,,,,,,,,,,,,,,,,,,,,,,,,,KOOCHICHING
2018-07-01,6.2,,,,,,,,,,,,,,6243,,,,,,,,,,,,,,,,,,,,,,,,,,,,,,,,,,,,,,,,,,KOOCHICHING
2018-08-01,4.9,,,,,,,,,,,,,,6007,,,,,,,,,,,,,,,,,,,,,,,,,,,,,,,,,,,,,,,,,,KOOCHICHING
