DATE,MNLACQ3URN,PCPI27073,B01002001E027073,MHIMN27073A052NCEN,CBR27073MNA647NCEN,MNLACQ3POP,BPPRIV027073,PI27073,MNLACQ3LFN,PPU18MN27073A156NCEN,PUA5T17RMN27073A647NCEN,RACEDISPARITY027073,MHICILBMN27073A052NCEN,2020RATIO027073,B14005DCYACS027073,DP04ACS027073,HOWNRATEACS027073,NETMIGNACS027073,CDC20N2U027073,PUA0T17MN27073A647NCEN,PUAAMN27073A647NCEN,B080ACS027073,CDC20N2UAA027073,EQFXSUBPRIME027073,PEU18MN27073A647NCEN,DMPCRATE027073,PEAAMN27073A647NCEN,HC01ESTVC1727073,S1701ACS027073,HC01ESTVC1627073,B03002003E027073,B03002006E027073,B03002012E027073,ENU2707320510,PPAAMN27073A156NCEN,PE5T17MN27073A647NCEN,B03002004E027073,FBITC027073,PP5T17MN27073A156NCEN,MHICIUBMN27073A052NCEN,B03002005E027073,PECILBU18MN27073A647NCEN,PECIUBU18MN27073A647NCEN,PECILBAAMN27073A647NCEN,PECIUBAAMN27073A647NCEN,S1101SPHOUSE027073,PPCILBU18MN27073A156NCEN,PPCIUBU18MN27073A156NCEN,PPCILBAAMN27073A156NCEN,PPCIUBAAMN27073A156NCEN,S1501ACSTOTAL027073,PECILB5T17MN27073A647NCEN,PECIUB5T17MN27073A647NCEN,PPCILB5T17MN27073A156NCEN,PPCIUB5T17MN27073A156NCEN,county
1991-01-01,5.6,15403.0,,,,8.788,11.0,135365.0,4000,,,,,,,,,,,,,,,,,,,,,,,,,210.0,,,,,,,,,,,,,,,,,,,,,,LAC QUI PARLE
1991-02-01,5.2,,,,,,,,3917,,,,,,,,,,,,,,,,,,,,,,,,,,,,,,,,,,,,,,,,,,,,,,,LAC QUI PARLE
1991-03-01,5.3,,,,,,,,3947,,,,,,,,,,,,,,,,,,,,,,,,,,,,,,,,,,,,,,,,,,,,,,,LAC QUI PARLE
1991-04-01,3.6,,,,,,,,3936,,,,,,,,,,,,,,,,,,,,,,,,,205.0,,,,,,,,,,,,,,,,,,,,,,LAC QUI PARLE
1991-05-01,2.0,,,,,,,,3959,,,,,,,,,,,,,,,,,,,,,,,,,,,,,,,,,,,,,,,,,,,,,,,LAC QUI PARLE
1991-06-01,3.3,,,,,,,,4205,,,,,,,,,,,,,,,,,,,,,,,,,,,,,,,,,,,,,,,,,,,,,,,LAC QUI PARLE
1991-07-01,2.9,,,,,,,,3954,,,,,,,,,,,,,,,,,,,,,,,,,210.0,,,,,,,,,,,,,,,,,,,,,,LAC QUI PARLE
1991-08-01,2.5,,,,,,,,3833,,,,,,,,,,,,,,,,,,,,,,,,,,,,,,,,,,,,,,,,,,,,,,,LAC QUI PARLE
1991-09-01,2.6,,,,,,,,3846,,,,,,,,,,,,,,,,,,,,,,,,,,,,,,,,,,,,,,,,,,,,,,,LAC QUI PARLE
1991-10-01,2.2,,,,,,,,3954,,,,,,,,,,,,,,,,,,,,,,,,,207.0,,,,,,,,,,,,,,,,,,,,,,LAC QUI PARLE
1991-11-01,3.4,,,,,,,,3958,,,,,,,,,,,,,,,,,,,,,,,,,,,,,,,,,,,,,,,,,,,,,,,LAC QUI PARLE
1991-12-01,4.1,,,,,,,,3818,,,,,,,,,,,,,,,,,,,,,,,,,,,,,,,,,,,,,,,,,,,,,,,LAC QUI PARLE
1992-01-01,6.4,15436.0,,,,8.746,6.0,135007.0,3848,,,,,,,,,,,,,,,,,,,,,,,,,209.0,,,,,,,,,,,,,,,,,,,,,,LAC QUI PARLE
1992-02-01,5.6,,,,,,,,3836,,,,,,,,,,,,,,,,,,,,,,,,,,,,,,,,,,,,,,,,,,,,,,,LAC QUI PARLE
1992-03-01,5.7,,,,,,,,3855,,,,,,,,,,,,,,,,,,,,,,,,,,,,,,,,,,,,,,,,,,,,,,,LAC QUI PARLE
1992-04-01,3.7,,,,,,,,3917,,,,,,,,,,,,,,,,,,,,,,,,,207.0,,,,,,,,,,,,,,,,,,,,,,LAC QUI PARLE
1992-05-01,3.3,,,,,,,,4016,,,,,,,,,,,,,,,,,,,,,,,,,,,,,,,,,,,,,,,,,,,,,,,LAC QUI PARLE
1992-06-01,4.0,,,,,,,,4190,,,,,,,,,,,,,,,,,,,,,,,,,,,,,,,,,,,,,,,,,,,,,,,LAC QUI PARLE
1992-07-01,4.5,,,,,,,,3960,,,,,,,,,,,,,,,,,,,,,,,,,207.0,,,,,,,,,,,,,,,,,,,,,,LAC QUI PARLE
1992-08-01,4.4,,,,,,,,3788,,,,,,,,,,,,,,,,,,,,,,,,,,,,,,,,,,,,,,,,,,,,,,,LAC QUI PARLE
1992-09-01,5.1,,,,,,,,3835,,,,,,,,,,,,,,,,,,,,,,,,,,,,,,,,,,,,,,,,,,,,,,,LAC QUI PARLE
1992-10-01,3.3,,,,,,,,3857,,,,,,,,,,,,,,,,,,,,,,,,,207.0,,,,,,,,,,,,,,,,,,,,,,LAC QUI PARLE
1992-11-01,4.0,,,,,,,,3949,,,,,,,,,,,,,,,,,,,,,,,,,,,,,,,,,,,,,,,,,,,,,,,LAC QUI PARLE
1992-12-01,5.1,,,,,,,,3873,,,,,,,,,,,,,,,,,,,,,,,,,,,,,,,,,,,,,,,,,,,,,,,LAC QUI PARLE
1993-01-01,6.8,13813.0,,27431.0,373.0,8.735,9.0,120658.0,3989,12.8,,,25135.0,,,,,,,,,,,,297.0,,916.0,,,,,,,206.0,10.8,206.0,,,11.6,29714.0,,227.0,366.0,716.0,1117.0,,9.8,15.8,8.5,13.2,,153.0,259.0,8.6,14.6,LAC QUI PARLE
1993-02-01,6.5,,,,,,,,3924,,,,,,,,,,,,,,,,,,,,,,,,,,,,,,,,,,,,,,,,,,,,,,,LAC QUI PARLE
1993-03-01,6.0,,,,,,,,3935,,,,,,,,,,,,,,,,,,,,,,,,,,,,,,,,,,,,,,,,,,,,,,,LAC QUI PARLE
1993-04-01,4.9,,,,,,,,3969,,,,,,,,,,,,,,,,,,,,,,,,,203.0,,,,,,,,,,,,,,,,,,,,,,LAC QUI PARLE
1993-05-01,3.6,,,,,,,,4003,,,,,,,,,,,,,,,,,,,,,,,,,,,,,,,,,,,,,,,,,,,,,,,LAC QUI PARLE
1993-06-01,3.4,,,,,,,,4159,,,,,,,,,,,,,,,,,,,,,,,,,,,,,,,,,,,,,,,,,,,,,,,LAC QUI PARLE
1993-07-01,3.1,,,,,,,,3911,,,,,,,,,,,,,,,,,,,,,,,,,201.0,,,,,,,,,,,,,,,,,,,,,,LAC QUI PARLE
1993-08-01,2.9,,,,,,,,3773,,,,,,,,,,,,,,,,,,,,,,,,,,,,,,,,,,,,,,,,,,,,,,,LAC QUI PARLE
1993-09-01,3.5,,,,,,,,3846,,,,,,,,,,,,,,,,,,,,,,,,,,,,,,,,,,,,,,,,,,,,,,,LAC QUI PARLE
1993-10-01,2.8,,,,,,,,3951,,,,,,,,,,,,,,,,,,,,,,,,,202.0,,,,,,,,,,,,,,,,,,,,,,LAC QUI PARLE
1993-11-01,3.3,,,,,,,,3950,,,,,,,,,,,,,,,,,,,,,,,,,,,,,,,,,,,,,,,,,,,,,,,LAC QUI PARLE
1993-12-01,4.2,,,,,,,,3902,,,,,,,,,,,,,,,,,,,,,,,,,,,,,,,,,,,,,,,,,,,,,,,LAC QUI PARLE
1994-01-01,5.8,17769.0,,,,8.641,8.0,153539.0,3963,,,,,,,,,,,,,,,,,,,,,,,,,206.0,,,,,,,,,,,,,,,,,,,,,,LAC QUI PARLE
1994-02-01,5.5,,,,,,,,3923,,,,,,,,,,,,,,,,,,,,,,,,,,,,,,,,,,,,,,,,,,,,,,,LAC QUI PARLE
1994-03-01,5.7,,,,,,,,3964,,,,,,,,,,,,,,,,,,,,,,,,,,,,,,,,,,,,,,,,,,,,,,,LAC QUI PARLE
1994-04-01,3.8,,,,,,,,3899,,,,,,,,,,,,,,,,,,,,,,,,,204.0,,,,,,,,,,,,,,,,,,,,,,LAC QUI PARLE
1994-05-01,2.9,,,,,,,,3983,,,,,,,,,,,,,,,,,,,,,,,,,,,,,,,,,,,,,,,,,,,,,,,LAC QUI PARLE
1994-06-01,3.7,,,,,,,,4014,,,,,,,,,,,,,,,,,,,,,,,,,,,,,,,,,,,,,,,,,,,,,,,LAC QUI PARLE
1994-07-01,3.2,,,,,,,,3866,,,,,,,,,,,,,,,,,,,,,,,,,205.0,,,,,,,,,,,,,,,,,,,,,,LAC QUI PARLE
1994-08-01,2.9,,,,,,,,4007,,,,,,,,,,,,,,,,,,,,,,,,,,,,,,,,,,,,,,,,,,,,,,,LAC QUI PARLE
1994-09-01,2.9,,,,,,,,4051,,,,,,,,,,,,,,,,,,,,,,,,,,,,,,,,,,,,,,,,,,,,,,,LAC QUI PARLE
1994-10-01,2.6,,,,,,,,4061,,,,,,,,,,,,,,,,,,,,,,,,,204.0,,,,,,,,,,,,,,,,,,,,,,LAC QUI PARLE
1994-11-01,2.6,,,,,,,,4027,,,,,,,,,,,,,,,,,,,,,,,,,,,,,,,,,,,,,,,,,,,,,,,LAC QUI PARLE
1994-12-01,3.8,,,,,,,,3884,,,,,,,,,,,,,,,,,,,,,,,,,,,,,,,,,,,,,,,,,,,,,,,LAC QUI PARLE
1995-01-01,7.0,16271.0,,28231.0,306.0,8.542,24.0,138989.0,3929,11.3,,,25003.0,,,,,,,,,,,,248.0,,752.0,,,,,,,203.0,9.3,164.0,,,9.7,31441.0,,190.0,305.0,590.0,913.0,,8.7,13.9,7.3,11.3,,124.0,204.0,7.4,12.1,LAC QUI PARLE
1995-02-01,4.8,,,,,,,,3828,,,,,,,,,,,,,,,,,,,,,,,,,,,,,,,,,,,,,,,,,,,,,,,LAC QUI PARLE
1995-03-01,4.8,,,,,,,,3942,,,,,,,,,,,,,,,,,,,,,,,,,,,,,,,,,,,,,,,,,,,,,,,LAC QUI PARLE
1995-04-01,3.9,,,,,,,,4091,,,,,,,,,,,,,,,,,,,,,,,,,207.0,,,,,,,,,,,,,,,,,,,,,,LAC QUI PARLE
1995-05-01,2.7,,,,,,,,4032,,,,,,,,,,,,,,,,,,,,,,,,,,,,,,,,,,,,,,,,,,,,,,,LAC QUI PARLE
1995-06-01,2.9,,,,,,,,4183,,,,,,,,,,,,,,,,,,,,,,,,,,,,,,,,,,,,,,,,,,,,,,,LAC QUI PARLE
1995-07-01,2.7,,,,,,,,3991,,,,,,,,,,,,,,,,,,,,,,,,,201.0,,,,,,,,,,,,,,,,,,,,,,LAC QUI PARLE
1995-08-01,2.4,,,,,,,,3914,,,,,,,,,,,,,,,,,,,,,,,,,,,,,,,,,,,,,,,,,,,,,,,LAC QUI PARLE
1995-09-01,2.4,,,,,,,,3947,,,,,,,,,,,,,,,,,,,,,,,,,,,,,,,,,,,,,,,,,,,,,,,LAC QUI PARLE
1995-10-01,2.3,,,,,,,,3976,,,,,,,,,,,,,,,,,,,,,,,,,208.0,,,,,,,,,,,,,,,,,,,,,,LAC QUI PARLE
1995-11-01,2.8,,,,,,,,3940,,,,,,,,,,,,,,,,,,,,,,,,,,,,,,,,,,,,,,,,,,,,,,,LAC QUI PARLE
1995-12-01,4.0,,,,,,,,3889,,,,,,,,,,,,,,,,,,,,,,,,,,,,,,,,,,,,,,,,,,,,,,,LAC QUI PARLE
1996-01-01,5.5,21396.0,,,,8.394,11.0,179597.0,3943,,,,,,,,,,,,,,,,,,,,,,,,,204.0,,,,,,,,,,,,,,,,,,,,,,LAC QUI PARLE
1996-02-01,4.8,,,,,,,,4012,,,,,,,,,,,,,,,,,,,,,,,,,,,,,,,,,,,,,,,,,,,,,,,LAC QUI PARLE
1996-03-01,5.4,,,,,,,,4054,,,,,,,,,,,,,,,,,,,,,,,,,,,,,,,,,,,,,,,,,,,,,,,LAC QUI PARLE
1996-04-01,4.3,,,,,,,,4082,,,,,,,,,,,,,,,,,,,,,,,,,203.0,,,,,,,,,,,,,,,,,,,,,,LAC QUI PARLE
1996-05-01,2.7,,,,,,,,4101,,,,,,,,,,,,,,,,,,,,,,,,,,,,,,,,,,,,,,,,,,,,,,,LAC QUI PARLE
1996-06-01,3.2,,,,,,,,4137,,,,,,,,,,,,,,,,,,,,,,,,,,,,,,,,,,,,,,,,,,,,,,,LAC QUI PARLE
1996-07-01,2.8,,,,,,,,3981,,,,,,,,,,,,,,,,,,,,,,,,,201.0,,,,,,,,,,,,,,,,,,,,,,LAC QUI PARLE
1996-08-01,2.5,,,,,,,,3902,,,,,,,,,,,,,,,,,,,,,,,,,,,,,,,,,,,,,,,,,,,,,,,LAC QUI PARLE
1996-09-01,2.3,,,,,,,,3944,,,,,,,,,,,,,,,,,,,,,,,,,,,,,,,,,,,,,,,,,,,,,,,LAC QUI PARLE
1996-10-01,2.0,,,,,,,,3941,,,,,,,,,,,,,,,,,,,,,,,,,201.0,,,,,,,,,,,,,,,,,,,,,,LAC QUI PARLE
1996-11-01,2.3,,,,,,,,3925,,,,,,,,,,,,,,,,,,,,,,,,,,,,,,,,,,,,,,,,,,,,,,,LAC QUI PARLE
1996-12-01,3.9,,,,,,,,3863,,,,,,,,,,,,,,,,,,,,,,,,,,,,,,,,,,,,,,,,,,,,,,,LAC QUI PARLE
1997-01-01,5.7,20864.0,,32011.0,207.0,8.352,10.0,174256.0,3818,11.8,,,28834.0,,,,,,,,,,,,247.0,,732.0,,,,,,,204.0,9.3,184.0,,,11.5,35172.0,,181.0,314.0,557.0,906.0,,8.6,14.9,7.1,11.5,,128.0,240.0,8.0,15.0,LAC QUI PARLE
1997-02-01,5.1,,,,,,,,3805,,,,,,,,,,,,,,,,,,,,,,,,,,,,,,,,,,,,,,,,,,,,,,,LAC QUI PARLE
1997-03-01,5.2,,,,,,,,3799,,,,,,,,,,,,,,,,,,,,,,,,,,,,,,,,,,,,,,,,,,,,,,,LAC QUI PARLE
1997-04-01,6.2,,,,,,,,3953,,,,,,,,,,,,,,,,,,,,,,,,,211.0,,,,,,,,,,,,,,,,,,,,,,LAC QUI PARLE
1997-05-01,2.7,,,,,,,,3935,,,,,,,,,,,,,,,,,,,,,,,,,,,,,,,,,,,,,,,,,,,,,,,LAC QUI PARLE
1997-06-01,3.4,,,,,,,,4051,,,,,,,,,,,,,,,,,,,,,,,,,,,,,,,,,,,,,,,,,,,,,,,LAC QUI PARLE
1997-07-01,3.0,,,,,,,,3874,,,,,,,,,,,,,,,,,,,,,,,,,210.0,,,,,,,,,,,,,,,,,,,,,,LAC QUI PARLE
1997-08-01,2.4,,,,,,,,3911,,,,,,,,,,,,,,,,,,,,,,,,,,,,,,,,,,,,,,,,,,,,,,,LAC QUI PARLE
1997-09-01,2.6,,,,,,,,3960,,,,,,,,,,,,,,,,,,,,,,,,,,,,,,,,,,,,,,,,,,,,,,,LAC QUI PARLE
1997-10-01,2.0,,,,,,,,3939,,,,,,,,,,,,,,,,,,,,,,,,,213.0,,,,,,,,,,,,,,,,,,,,,,LAC QUI PARLE
1997-11-01,2.4,,,,,,,,3893,,,,,,,,,,,,,,,,,,,,,,,,,,,,,,,,,,,,,,,,,,,,,,,LAC QUI PARLE
1997-12-01,2.9,,,,,,,,3885,,,,,,,,,,,,,,,,,,,,,,,,,,,,,,,,,,,,,,,,,,,,,,,LAC QUI PARLE
1998-01-01,4.3,22563.0,,32589.0,183.0,8.237,11.0,185851.0,3830,14.0,1579.0,,29414.0,,,,,,,2039.0,7714.0,,,,284.0,,829.0,,,,,,,210.0,10.7,197.0,,,12.5,35747.0,,199.0,370.0,630.0,1028.0,,9.8,18.1,8.2,13.3,,128.0,266.0,8.1,16.9,LAC QUI PARLE
1998-02-01,4.2,,,,,,,,3853,,,,,,,,,,,,,,,,,,,,,,,,,,,,,,,,,,,,,,,,,,,,,,,LAC QUI PARLE
1998-03-01,4.7,,,,,,,,3842,,,,,,,,,,,,,,,,,,,,,,,,,,,,,,,,,,,,,,,,,,,,,,,LAC QUI PARLE
1998-04-01,3.2,,,,,,,,3894,,,,,,,,,,,,,,,,,,,,,,,,,206.0,,,,,,,,,,,,,,,,,,,,,,LAC QUI PARLE
1998-05-01,2.2,,,,,,,,3992,,,,,,,,,,,,,,,,,,,,,,,,,,,,,,,,,,,,,,,,,,,,,,,LAC QUI PARLE
1998-06-01,2.7,,,,,,,,4148,,,,,,,,,,,,,,,,,,,,,,,,,,,,,,,,,,,,,,,,,,,,,,,LAC QUI PARLE
1998-07-01,2.3,,,,,,,,3940,,,,,,,,,,,,,,,,,,,,,,,,,204.0,,,,,,,,,,,,,,,,,,,,,,LAC QUI PARLE
1998-08-01,2.2,,,,,,,,3786,,,,,,,,,,,,,,,,,,,,,,,,,,,,,,,,,,,,,,,,,,,,,,,LAC QUI PARLE
1998-09-01,2.0,,,,,,,,3809,,,,,,,,,,,,,,,,,,,,,,,,,,,,,,,,,,,,,,,,,,,,,,,LAC QUI PARLE
1998-10-01,1.7,,,,,,,,3802,,,,,,,,,,,,,,,,,,,,,,,,,200.0,,,,,,,,,,,,,,,,,,,,,,LAC QUI PARLE
1998-11-01,2.3,,,,,,,,3688,,,,,,,,,,,,,,,,,,,,,,,,,,,,,,,,,,,,,,,,,,,,,,,LAC QUI PARLE
1998-12-01,2.9,,,,,,,,3730,,,,,,,,,,,,,,,,,,,,,,,,,,,,,,,,,,,,,,,,,,,,,,,LAC QUI PARLE
1999-01-01,4.9,22765.0,,33083.0,213.0,8.107000000000001,12.0,184552.0,3772,9.5,1546.0,,30935.0,,,,,,640.3,1973.0,7926.0,,506.6,20.87599544937429,188.0,,649.0,,,,,,,197.0,8.2,141.0,,,9.1,35380.0,,126.0,251.0,485.0,813.0,,6.4,12.7,6.1,10.3,,88.0,194.0,5.7,12.6,LAC QUI PARLE
1999-02-01,4.7,,,,,,,,3755,,,,,,,,,,,,,,,,,,,,,,,,,,,,,,,,,,,,,,,,,,,,,,,LAC QUI PARLE
1999-03-01,4.9,,,,,,,,3731,,,,,,,,,,,,,,,,,,,,,,,,,,,,,,,,,,,,,,,,,,,,,,,LAC QUI PARLE
1999-04-01,3.5,,,,,,,,3783,,,,,,,,,,,,,,,20.634920634920636,,,,,,,,,,200.0,,,,,,,,,,,,,,,,,,,,,,LAC QUI PARLE
1999-05-01,2.8,,,,,,,,3877,,,,,,,,,,,,,,,,,,,,,,,,,,,,,,,,,,,,,,,,,,,,,,,LAC QUI PARLE
1999-06-01,3.8,,,,,,,,4029,,,,,,,,,,,,,,,,,,,,,,,,,,,,,,,,,,,,,,,,,,,,,,,LAC QUI PARLE
1999-07-01,3.3,,,,,,,,3929,,,,,,,,,,,,,,,19.931856899488928,,,,,,,,,,201.0,,,,,,,,,,,,,,,,,,,,,,LAC QUI PARLE
1999-08-01,3.0,,,,,,,,3866,,,,,,,,,,,,,,,,,,,,,,,,,,,,,,,,,,,,,,,,,,,,,,,LAC QUI PARLE
1999-09-01,2.3,,,,,,,,3815,,,,,,,,,,,,,,,,,,,,,,,,,,,,,,,,,,,,,,,,,,,,,,,LAC QUI PARLE
1999-10-01,1.7,,,,,,,,3643,,,,,,,,,,,,,,,19.093655589123863,,,,,,,,,,206.0,,,,,,,,,,,,,,,,,,,,,,LAC QUI PARLE
1999-11-01,2.3,,,,,,,,3507,,,,,,,,,,,,,,,,,,,,,,,,,,,,,,,,,,,,,,,,,,,,,,,LAC QUI PARLE
1999-12-01,2.9,,,,,,,,3594,,,,,,,,,,,,,,,,,,,,,,,,,,,,,,,,,,,,,,,,,,,,,,,LAC QUI PARLE
2000-01-01,5.7,23628.0,,34787.0,192.0,8.041,12.0,190373.0,4121,8.9,1441.0,,32241.0,,,,,,314.2,1856.0,7785.0,,249.3,20.131421744324967,164.0,,595.0,,,,,,,206.0,7.6,108.0,,,7.5,37533.0,,121.0,208.0,459.0,732.0,,6.5,11.2,5.9,9.4,,73.0,143.0,5.1,9.9,LAC QUI PARLE
2000-02-01,4.2,,,,,,,,4162,,,,,,,,,,,,,,,,,,,,,,,,,,,,,,,,,,,,,,,,,,,,,,,LAC QUI PARLE
2000-03-01,4.2,,,,,,,,4208,,,,,,,,,,,,,,,,,,,,,,,,,,,,,,,,,,,,,,,,,,,,,,,LAC QUI PARLE
2000-04-01,3.1,,,,,,,,4128,,,,,,,,,,,,,,,19.98820754716981,,,,,,,,,,208.0,,,,,,,,,,,,,,,,,,,,,,LAC QUI PARLE
2000-05-01,2.4,,,,,,,,4159,,,,,,,,,,,,,,,,,,,,,,,,,,,,,,,,,,,,,,,,,,,,,,,LAC QUI PARLE
2000-06-01,3.0,,,,,,,,4255,,,,,,,,,,,,,,,,,,,,,,,,,,,,,,,,,,,,,,,,,,,,,,,LAC QUI PARLE
2000-07-01,2.9,,,,,,,,4138,,,,,,,,,,,,,,,19.563970166379804,,,,,,,,,,208.0,,,,,,,,,,,,,,,,,,,,,,LAC QUI PARLE
2000-08-01,3.0,,,,,,,,4045,,,,,,,,,,,,,,,,,,,,,,,,,,,,,,,,,,,,,,,,,,,,,,,LAC QUI PARLE
2000-09-01,2.9,,,,,,,,4111,,,,,,,,,,,,,,,,,,,,,,,,,,,,,,,,,,,,,,,,,,,,,,,LAC QUI PARLE
2000-10-01,2.5,,,,,,,,4165,,,,,,,,,,,,,,,18.115942028985508,,,,,,,,,,210.0,,,,,,,,,,,,,,,,,,,,,,LAC QUI PARLE
2000-11-01,3.4,,,,,,,,4075,,,,,,,,,,,,,,,,,,,,,,,,,,,,,,,,,,,,,,,,,,,,,,,LAC QUI PARLE
2000-12-01,4.3,,,,,,,,4027,,,,,,,,,,,,,,,,,,,,,,,,,,,,,,,,,,,,,,,,,,,,,,,LAC QUI PARLE
2001-01-01,5.5,24317.0,,34104.0,205.0,7.875,11.0,192448.0,4055,9.2,1419.0,,31778.0,,,,,,292.8,1775.0,7749.0,,218.4,18.275154004106774,162.0,,626.0,,,,,,,202.0,8.1,113.0,,,8.0,36600.0,,115.0,210.0,481.0,772.0,,6.5,11.8,6.2,10.0,,74.0,152.0,5.2,10.7,LAC QUI PARLE
2001-02-01,5.0,,,,,,,,4040,,,,,,,,,,,,,,,,,,,,,,,,,,,,,,,,,,,,,,,,,,,,,,,LAC QUI PARLE
2001-03-01,5.8,,,,,,,,4128,,,,,,,,,,,,,,,,,,,,,,,,,,,,,,,,,,,,,,,,,,,,,,,LAC QUI PARLE
2001-04-01,4.9,,,,,,,,4267,,,,,,,,,,,,,,,18.497700562084827,,,,,,,,,,204.0,,,,,,,,,,,,,,,,,,,,,,LAC QUI PARLE
2001-05-01,3.0,,,,,,,,4421,,,,,,,,,,,,,,,,,,,,,,,,,,,,,,,,,,,,,,,,,,,,,,,LAC QUI PARLE
2001-06-01,3.9,,,,,,,,4515,,,,,,,,,,,,,,,,,,,,,,,,,,,,,,,,,,,,,,,,,,,,,,,LAC QUI PARLE
2001-07-01,3.7,,,,,,,,4285,,,,,,,,,,,,,,,18.408975012748595,,,,,,,,,,203.0,,,,,,,,,,,,,,,,,,,,,,LAC QUI PARLE
2001-08-01,3.7,,,,,,,,4297,,,,,,,,,,,,,,,,,,,,,,,,,,,,,,,,,,,,,,,,,,,,,,,LAC QUI PARLE
2001-09-01,3.3,,,,,,,,4293,,,,,,,,,,,,,,,,,,,,,,,,,,,,,,,,,,,,,,,,,,,,,,,LAC QUI PARLE
2001-10-01,2.9,,,,,,,,4313,,,,,,,,,,,,,,,19.150025601638504,,,,,,,,,,205.0,,,,,,,,,,,,,,,,,,,,,,LAC QUI PARLE
2001-11-01,3.0,,,,,,,,4141,,,,,,,,,,,,,,,,,,,,,,,,,,,,,,,,,,,,,,,,,,,,,,,LAC QUI PARLE
2001-12-01,4.1,,,,,,,,4133,,,,,,,,,,,,,,,,,,,,,,,,,,,,,,,,,,,,,,,,,,,,,,,LAC QUI PARLE
2002-01-01,5.9,24796.0,,34775.0,232.0,7.834,10.0,195664.0,4189,9.0,1377.0,,32391.0,,,,,,337.8,1703.0,7717.0,,283.1,18.79160266257041,153.0,,621.0,,,,,,,201.0,8.0,113.0,,,8.2,37335.0,,108.0,198.0,470.0,771.0,,6.3,11.6,6.1,10.0,,75.0,151.0,5.5,11.0,LAC QUI PARLE
2002-02-01,4.8,,,,,,,,4120,,,,,,,,,,,,,,,,,,,,,,,,,,,,,,,,,,,,,,,,,,,,,,,LAC QUI PARLE
2002-03-01,4.8,,,,,,,,4256,,,,,,,,,,,,,,,,,,,,,,,,,,,,,,,,,,,,,,,,,,,,,,,LAC QUI PARLE
2002-04-01,4.0,,,,,,,,4239,,,,,,,,,,,,,,,18.547140649149927,,,,,,,,,,204.0,,,,,,,,,,,,,,,,,,,,,,LAC QUI PARLE
2002-05-01,2.8,,,,,,,,4213,,,,,,,,,,,,,,,,,,,,,,,,,,,,,,,,,,,,,,,,,,,,,,,LAC QUI PARLE
2002-06-01,3.5,,,,,,,,4305,,,,,,,,,,,,,,,,,,,,,,,,,,,,,,,,,,,,,,,,,,,,,,,LAC QUI PARLE
2002-07-01,3.3,,,,,,,,4159,,,,,,,,,,,,,,,18.380855397148675,,,,,,,,,,205.0,,,,,,,,,,,,,,,,,,,,,,LAC QUI PARLE
2002-08-01,3.3,,,,,,,,3971,,,,,,,,,,,,,,,,,,,,,,,,,,,,,,,,,,,,,,,,,,,,,,,LAC QUI PARLE
2002-09-01,2.8,,,,,,,,4168,,,,,,,,,,,,,,,,,,,,,,,,,,,,,,,,,,,,,,,,,,,,,,,LAC QUI PARLE
2002-10-01,2.8,,,,,,,,4283,,,,,,,,,,,,,,,18.503118503118504,,,,,,,,,,206.0,,,,,,,,,,,,,,,,,,,,,,LAC QUI PARLE
2002-11-01,3.0,,,,,,,,4143,,,,,,,,,,,,,,,,,,,,,,,,,,,,,,,,,,,,,,,,,,,,,,,LAC QUI PARLE
2002-12-01,3.6,,,,,,,,4049,,,,,,,,,,,,,,,,,,,,,,,,,,,,,,,,,,,,,,,,,,,,,,,LAC QUI PARLE
2003-01-01,6.1,25539.0,,34398.0,234.0,7.712999999999999,8.0,199026.0,4139,10.0,1280.0,,32193.0,,,,,,477.4,1625.0,7601.0,,356.5,17.86085150571132,162.0,,605.0,,,,,,,204.0,8.0,103.0,,,8.0,36753.0,,117.0,208.0,459.0,750.0,,7.2,12.8,6.0,9.9,,70.0,136.0,5.5,10.6,LAC QUI PARLE
2003-02-01,5.0,,,,,,,,4084,,,,,,,,,,,,,,,,,,,,,,,,,,,,,,,,,,,,,,,,,,,,,,,LAC QUI PARLE
2003-03-01,5.0,,,,,,,,4169,,,,,,,,,,,,,,,,,,,,,,,,,,,,,,,,,,,,,,,,,,,,,,,LAC QUI PARLE
2003-04-01,4.0,,,,,,,,4152,,,,,,,,,,,,,,,17.566137566137563,,,,,,,,,,202.0,,,,,,,,,,,,,,,,,,,,,,LAC QUI PARLE
2003-05-01,3.4,,,,,,,,4183,,,,,,,,,,,,,,,,,,,,,,,,,,,,,,,,,,,,,,,,,,,,,,,LAC QUI PARLE
2003-06-01,3.8,,,,,,,,4239,,,,,,,,,,,,,,,,,,,,,,,,,,,,,,,,,,,,,,,,,,,,,,,LAC QUI PARLE
2003-07-01,4.0,,,,,,,,3994,,,,,,,,,,,,,,,19.10684002261165,,,,,,,,,,200.0,,,,,,,,,,,,,,,,,,,,,,LAC QUI PARLE
2003-08-01,4.1,,,,,,,,3913,,,,,,,,,,,,,,,,,,,,,,,,,,,,,,,,,,,,,,,,,,,,,,,LAC QUI PARLE
2003-09-01,4.4,,,,,,,,3972,,,,,,,,,,,,,,,,,,,,,,,,,,,,,,,,,,,,,,,,,,,,,,,LAC QUI PARLE
2003-10-01,3.6,,,,,,,,4095,,,,,,,,,,,,,,,19.188191881918822,,,,,,,,,,193.0,,,,,,,,,,,,,,,,,,,,,,LAC QUI PARLE
2003-11-01,4.0,,,,,,,,4029,,,,,,,,,,,,,,,,,,,,,,,,,,,,,,,,,,,,,,,,,,,,,,,LAC QUI PARLE
2003-12-01,4.9,,,,,,,,3980,,,,,,,,,,,,,,,,,,,,,,,,,,,,,,,,,,,,,,,,,,,,,,,LAC QUI PARLE
2004-01-01,6.9,29805.0,,37510.0,235.0,7.571000000000001,10.0,228727.0,4149,9.8,1221.0,,35157.0,,,,,,470.4,1540.0,7451.0,,364.3,18.54043392504931,151.0,,570.0,,,,,,,192.0,7.6,97.0,,,7.9,40021.0,,106.0,196.0,427.0,713.0,,6.9,12.7,5.7,9.6,,63.0,131.0,5.2,10.7,LAC QUI PARLE
2004-02-01,5.6,,,,,,,,4128,,,,,,,,,,,,,,,,,,,,,,,,,,,,,,,,,,,,,,,,,,,,,,,LAC QUI PARLE
2004-03-01,5.8,,,,,,,,4104,,,,,,,,,,,,,,,,,,,,,,,,,,,,,,,,,,,,,,,,,,,,,,,LAC QUI PARLE
2004-04-01,3.9,,,,,,,,4137,,,,,,,,,,,,,,,18.10909090909091,,,,,,,,,,190.0,,,,,,,,,,,,,,,,,,,,,,LAC QUI PARLE
2004-05-01,3.5,,,,,,,,4160,,,,,,,,,,,,,,,,,,,,,,,,,,,,,,,,,,,,,,,,,,,,,,,LAC QUI PARLE
2004-06-01,4.1,,,,,,,,4305,,,,,,,,,,,,,,,,,,,,,,,,,,,,,,,,,,,,,,,,,,,,,,,LAC QUI PARLE
2004-07-01,4.2,,,,,,,,4015,,,,,,,,,,,,,,,18.945634266886326,,,,,,,,,,196.0,,,,,,,,,,,,,,,,,,,,,,LAC QUI PARLE
2004-08-01,4.0,,,,,,,,3879,,,,,,,,,,,,,,,,,,,,,,,,,,,,,,,,,,,,,,,,,,,,,,,LAC QUI PARLE
2004-09-01,4.0,,,,,,,,3935,,,,,,,,,,,,,,,,,,,,,,,,,,,,,,,,,,,,,,,,,,,,,,,LAC QUI PARLE
2004-10-01,3.3,,,,,,,,3977,,,,,,,,,,,,,,,19.05165114309907,,,,,,,,,,193.0,,,,,,,,,,,,,,,,,,,,,,LAC QUI PARLE
2004-11-01,3.5,,,,,,,,3975,,,,,,,,,,,,,,,,,,,,,,,,,,,,,,,,,,,,,,,,,,,,,,,LAC QUI PARLE
2004-12-01,4.2,,,,,,,,3929,,,,,,,,,,,,,,,,,,,,,,,,,,,,,,,,,,,,,,,,,,,,,,,LAC QUI PARLE
2005-01-01,6.3,31962.0,,38041.0,254.0,7.45,7.0,242079.0,4028,10.5,1206.0,,35387.0,,,,,,368.8,1514.0,7370.0,,260.9,17.97752808988764,158.0,,670.0,,,,,,,192.0,9.1,104.0,,52.0,8.6,40696.0,,121.0,195.0,535.0,806.0,,8.0,12.9,7.3,10.9,,78.0,130.0,6.5,10.8,LAC QUI PARLE
2005-02-01,5.5,,,,,,,,3989,,,,,,,,,,,,,,,,,,,,,,,,,,,,,,,,,,,,,,,,,,,,,,,LAC QUI PARLE
2005-03-01,5.3,,,,,,,,4015,,,,,,,,,,,,,,,,,,,,,,,,,,,,,,,,,,,,,,,,,,,,,,,LAC QUI PARLE
2005-04-01,3.6,,,,,,,,4053,,,,,,,,,,,,,,,16.60649819494585,,,,,,,,,,198.0,,,,,,,,,,,,,,,,,,,,,,LAC QUI PARLE
2005-05-01,3.2,,,,,,,,4112,,,,,,,,,,,,,,,,,,,,,,,,,,,,,,,,,,,,,,,,,,,,,,,LAC QUI PARLE
2005-06-01,3.6,,,,,,,,4277,,,,,,,,,,,,,,,,,,,,,,,,,,,,,,,,,,,,,,,,,,,,,,,LAC QUI PARLE
2005-07-01,3.3,,,,,,,,4268,,,,,,,,,,,,,,,17.581395348837212,,,,,,,,,,211.0,,,,,,,,,,,,,,,,,,,,,,LAC QUI PARLE
2005-08-01,3.3,,,,,,,,4229,,,,,,,,,,,,,,,,,,,,,,,,,,,,,,,,,,,,,,,,,,,,,,,LAC QUI PARLE
2005-09-01,3.2,,,,,,,,4125,,,,,,,,,,,,,,,,,,,,,,,,,,,,,,,,,,,,,,,,,,,,,,,LAC QUI PARLE
2005-10-01,2.8,,,,,,,,4058,,,,,,,,,,,,,,,17.416267942583733,,,,,,,,,,216.0,,,,,,,,,,,,,,,,,,,,,,LAC QUI PARLE
2005-11-01,2.9,,,,,,,,4032,,,,,,,,,,,,,,,,,,,,,,,,,,,,,,,,,,,,,,,,,,,,,,,LAC QUI PARLE
2005-12-01,4.0,,,,,,,,3997,,,,,,,,,,,,,,,,,,,,,,,,,,,,,,,,,,,,,,,,,,,,,,,LAC QUI PARLE
2006-01-01,5.1,32346.0,,39331.0,221.0,7.271,11.0,239847.0,4078,11.7,1199.0,,36220.0,,,,,,282.8,1542.0,7243.0,,240.1,17.030114226375908,180.0,,683.0,,,,,,,214.0,9.4,118.0,,52.0,9.8,42442.0,,141.0,218.0,537.0,828.0,,9.1,14.1,7.4,11.4,,90.0,146.0,7.5,12.2,LAC QUI PARLE
2006-02-01,4.7,,,,,,,,4076,,,,,,,,,,,,,,,,,,,,,,,,,,,,,,,,,,,,,,,,,,,,,,,LAC QUI PARLE
2006-03-01,4.6,,,,,,,,4128,,,,,,,,,,,,,,,,,,,,,,,,,,,,,,,,,,,,,,,,,,,,,,,LAC QUI PARLE
2006-04-01,3.9,,,,,,,,4125,,,,,,,,,,,,,,,16.938775510204078,,,,,,,,,,210.0,,,,,,,,,,,,,,,,,,,,,,LAC QUI PARLE
2006-05-01,3.1,,,,,,,,4129,,,,,,,,,,,,,,,,,,,,,,,,,,,,,,,,,,,,,,,,,,,,,,,LAC QUI PARLE
2006-06-01,3.3,,,,,,,,4235,,,,,,,,,,,,,,,,,,,,,,,,,,,,,,,,,,,,,,,,,,,,,,,LAC QUI PARLE
2006-07-01,3.5,,,,,,,,4013,,,,,,,,,,,,,,,17.471736896197328,,,,,,,,,,210.0,,,,,,,,,,,,,,,,,,,,,,LAC QUI PARLE
2006-08-01,3.6,,,,,,,,4026,,,,,,,,,,,,,,,,,,,,,,,,,,,,,,,,,,,,,,,,,,,,,,,LAC QUI PARLE
2006-09-01,3.3,,,,,,,,4138,,,,,,,,,,,,,,,,,,,,,,,,,,,,,,,,,,,,,,,,,,,,,,,LAC QUI PARLE
2006-10-01,2.7,,,,,,,,4091,,,,,,,,,,,,,,,17.475728155339805,,,,,,,,,,210.0,,,,,,,,,,,,,,,,,,,,,,LAC QUI PARLE
2006-11-01,3.1,,,,,,,,4059,,,,,,,,,,,,,,,,,,,,,,,,,,,,,,,,,,,,,,,,,,,,,,,LAC QUI PARLE
2006-12-01,4.1,,,,,,,,4007,,,,,,,,,,,,,,,,,,,,,,,,,,,,,,,,,,,,,,,,,,,,,,,LAC QUI PARLE
2007-01-01,6.1,33587.0,,40293.0,192.0,7.261,11.0,249180.0,3989,12.4,1120.0,,36528.0,,,,,,235.0,1451.0,7040.0,,161.2,16.461366181410973,180.0,,746.0,,,,,,,201.0,10.6,123.0,,45.0,11.0,44059.0,,137.0,222.0,587.0,905.0,,9.4,15.3,8.3,12.9,,92.0,154.0,8.2,13.8,LAC QUI PARLE
2007-02-01,5.5,,,,,,,,4055,,,,,,,,,,,,,,,,,,,,,,,,,,,,,,,,,,,,,,,,,,,,,,,LAC QUI PARLE
2007-03-01,4.9,,,,,,,,4084,,,,,,,,,,,,,,,,,,,,,,,,,,,,,,,,,,,,,,,,,,,,,,,LAC QUI PARLE
2007-04-01,4.3,,,,,,,,4082,,,,,,,,,,,,,,,15.739644970414199,,,,,,,,,,203.0,,,,,,,,,,,,,,,,,,,,,,LAC QUI PARLE
2007-05-01,3.2,,,,,,,,4126,,,,,,,,,,,,,,,,,,,,,,,,,,,,,,,,,,,,,,,,,,,,,,,LAC QUI PARLE
2007-06-01,3.6,,,,,,,,4201,,,,,,,,,,,,,,,,,,,,,,,,,,,,,,,,,,,,,,,,,,,,,,,LAC QUI PARLE
2007-07-01,3.7,,,,,,,,4105,,,,,,,,,,,,,,,17.589175891758913,,,,,,,,,,205.0,,,,,,,,,,,,,,,,,,,,,,LAC QUI PARLE
2007-08-01,3.9,,,,,,,,4003,,,,,,,,,,,,,,,,,,,,,,,,,,,,,,,,,,,,,,,,,,,,,,,LAC QUI PARLE
2007-09-01,3.5,,,,,,,,4013,,,,,,,,,,,,,,,,,,,,,,,,,,,,,,,,,,,,,,,,,,,,,,,LAC QUI PARLE
2007-10-01,2.9,,,,,,,,4007,,,,,,,,,,,,,,,17.703349282296653,,,,,,,,,,207.0,,,,,,,,,,,,,,,,,,,,,,LAC QUI PARLE
2007-11-01,3.3,,,,,,,,4031,,,,,,,,,,,,,,,,,,,,,,,,,,,,,,,,,,,,,,,,,,,,,,,LAC QUI PARLE
2007-12-01,4.7,,,,,,,,3963,,,,,,,,,,,,,,,,,,,,,,,,,,,,,,,,,,,,,,,,,,,,,,,LAC QUI PARLE
2008-01-01,6.2,38807.0,,43335.0,236.0,7.169,12.0,284919.0,3989,11.1,1047.0,,40070.0,,,,,,332.4,1400.0,6949.0,,256.7,17.35099337748344,156.0,75.66999983787541,618.0,,,,,,,194.0,8.9,98.0,,50.0,9.4,46601.0,,121.0,191.0,494.0,741.0,,8.6,13.6,7.1,10.7,,74.0,122.0,7.1,11.7,LAC QUI PARLE
2008-02-01,5.8,,,,,,,,3967,,,,,,,,,,,,,,,,,,,,,,,,,,,,,,,,,,,,,,,,,,,,,,,LAC QUI PARLE
2008-03-01,5.5,,,,,,,,4057,,,,,,,,,,,,,,,,,,,,,,,,,,,,,,,,,,,,,,,,,,,,,,,LAC QUI PARLE
2008-04-01,4.4,,,,,,,,4098,,,,,,,,,,,,,,,17.264276228419654,,,,,,,,,,195.0,,,,,,,,,,,,,,,,,,,,,,LAC QUI PARLE
2008-05-01,3.8,,,,,,,,4185,,,,,,,,,,,,,,,,,,,,,,,,,,,,,,,,,,,,,,,,,,,,,,,LAC QUI PARLE
2008-06-01,4.6,,,,,,,,4319,,,,,,,,,,,,,,,,,,,,,,,,,,,,,,,,,,,,,,,,,,,,,,,LAC QUI PARLE
2008-07-01,4.3,,,,,,,,4156,,,,,,,,,,,,,,,16.689280868385346,,,,,,,,,,194.0,,,,,,,,,,,,,,,,,,,,,,LAC QUI PARLE
2008-08-01,4.4,,,,,,,,4097,,,,,,,,,,,,,,,,,,,,,,,,,,,,,,,,,,,,,,,,,,,,,,,LAC QUI PARLE
2008-09-01,4.5,,,,,,,,4105,,,,,,,,,,,,,,,,,,,,,,,,,,,,,,,,,,,,,,,,,,,,,,,LAC QUI PARLE
2008-10-01,4.2,,,,,,,,4144,,,,,,,,,,,,,,,17.583892617449663,,,,,,,,,,196.0,,,,,,,,,,,,,,,,,,,,,,LAC QUI PARLE
2008-11-01,4.5,,,,,,,,4114,,,,,,,,,,,,,,,,,,,,,,,,,,,,,,,,,,,,,,,,,,,,,,,LAC QUI PARLE
2008-12-01,5.6,,,,,,,,4123,,,,,,,,,,,,,,,,,,,,,,,,,,,,,,,,,,,,,,,,,,,,,,,LAC QUI PARLE
2009-01-01,7.8,41338.0,47.7,44782.0,373.0,7.112,3.0,301852.0,4292,12.1,1118.0,19.566726307996053,40940.0,,15.035799522673033,,85.56851311953353,-89.0,412.2,1487.0,6890.0,17.752862595419852,270.3,16.781292984869324,180.0,95.7599999904633,609.0,,,,7091.0,23.0,76.0,189.0,8.8,120.0,29.0,21.0,10.7,48624.0,17.0,138.0,222.0,467.0,751.0,18.967587034813928,9.3,14.9,6.8,10.9,28.3,91.0,149.0,8.1,13.3,LAC QUI PARLE
2009-02-01,7.9,,,,,,,,4281,,,,,,,,,,,,,,,,,,,,,,,,,,,,,,,,,,,,,,,,,,,,,,,LAC QUI PARLE
2009-03-01,7.0,,,,,,,,4311,,,,,,,,,,,,,,,,,,,,,,,,,,,,,,,,,,,,,,,,,,,,,,,LAC QUI PARLE
2009-04-01,6.1,,,,,,,,4426,,,,,,,,,,,,,,,17.158931082981717,,,,,,,,,,187.0,,,,,,,,,,,,,,,,,,,,,,LAC QUI PARLE
2009-05-01,5.3,,,,,,,,4417,,,,,,,,,,,,,,,,,,,,,,,,,,,,,,,,,,,,,,,,,,,,,,,LAC QUI PARLE
2009-06-01,6.1,,,,,,,,4539,,,,,,,,,,,,,,,,,,,,,,,,,,,,,,,,,,,,,,,,,,,,,,,LAC QUI PARLE
2009-07-01,6.0,,,,,,,,4235,,,,,,,,,,,,,,,16.088765603328714,,,,,,,,,,188.0,,,,,,,,,,,,,,,,,,,,,,LAC QUI PARLE
2009-08-01,5.9,,,,,,,,4188,,,,,,,,,,,,,,,,,,,,,,,,,,,,,,,,,,,,,,,,,,,,,,,LAC QUI PARLE
2009-09-01,5.5,,,,,,,,4271,,,,,,,,,,,,,,,,,,,,,,,,,,,,,,,,,,,,,,,,,,,,,,,LAC QUI PARLE
2009-10-01,4.8,,,,,,,,4372,,,,,,,,,,,,,,,16.920943134535367,,,,,,,,,,193.0,,,,,,,,,,,,,,,,,,,,,,LAC QUI PARLE
2009-11-01,4.9,,,,,,,,4349,,,,,,,,,,,,,,,,,,,,,,,,,,,,,,,,,,,,,,,,,,,,,,,LAC QUI PARLE
2009-12-01,5.8,,,,,,,,4313,,,,,,,,,,,,,,,,,,,,,,,,,,,,,,,,,,,,,,,,,,,,,,,LAC QUI PARLE
2010-01-01,8.3,44734.0,47.9,44852.0,475.0,7.246,11.0,323651.0,4012,14.6,1135.0,17.434347155215672,40973.0,8.793612830613393,5.835543766578248,19.94067237969677,86.4861052334603,-112.0,509.2,1504.0,7081.0,17.347003154574132,363.9,16.807909604519775,220.0,81.8199999332428,694.0,16.2,,88.4,7142.0,32.0,90.0,188.0,9.8,150.0,27.0,35.0,13.2,48731.0,10.0,166.0,274.0,538.0,850.0,22.70531400966184,11.0,18.2,7.6,12.0,27.6,112.0,188.0,9.9,16.5,LAC QUI PARLE
2010-02-01,8.3,,,,,,,,4209,,,,,,,,,,,,,,,,,,,,,,,,,,,,,,,,,,,,,,,,,,,,,,,LAC QUI PARLE
2010-03-01,8.3,,,,,,,,4262,,,,,,,,,,,,,,,,,,,,,,,,,,,,,,,,,,,,,,,,,,,,,,,LAC QUI PARLE
2010-04-01,6.4,,,,,,,,4272,,,,,,,,,,,,,,,17.246376811594207,,,,,,,,,,185.0,,,,,,,,,,,,,,,,,,,,,,LAC QUI PARLE
2010-05-01,5.7,,,,,,,,4247,,,,,,,,,,,,,,,,,,,,,,,,,,,,,,,,,,,,,,,,,,,,,,,LAC QUI PARLE
2010-06-01,6.3,,,,,,,,4118,,,,,,,,,,,,,,,,,,,,,,,,,,,,,,,,,,,,,,,,,,,,,,,LAC QUI PARLE
2010-07-01,6.4,,,,,,,,4025,,,,,,,,,,,,,,,17.101449275362317,,,,,,,,,,189.0,,,,,,,,,,,,,,,,,,,,,,LAC QUI PARLE
2010-08-01,6.2,,,,,,,,3900,,,,,,,,,,,,,,,,,,,,,,,,,,,,,,,,,,,,,,,,,,,,,,,LAC QUI PARLE
2010-09-01,5.9,,,,,,,,3905,,,,,,,,,,,,,,,,,,,,,,,,,,,,,,,,,,,,,,,,,,,,,,,LAC QUI PARLE
2010-10-01,5.4,,,,,,,,4020,,,,,,,,,,,,,,,18.601398601398607,,,,,,,,,,188.0,,,,,,,,,,,,,,,,,,,,,,LAC QUI PARLE
2010-11-01,5.7,,,,,,,,4045,,,,,,,,,,,,,,,,,,,,,,,,,,,,,,,,,,,,,,,,,,,,,,,LAC QUI PARLE
2010-12-01,6.9,,,,,,,,3968,,,,,,,,,,,,,,,,,,,,,,,,,,,,,,,,,,,,,,,,,,,,,,,LAC QUI PARLE
2011-01-01,8.8,46914.0,48.3,49670.0,582.0,7.218999999999999,5.0,339332.0,4048,14.6,1106.0,17.3438080406892,46283.0,9.212909836065574,6.149732620320856,19.02027027027027,85.72230014025244,-233.0,398.8,1479.0,7035.0,17.094207511139402,250.4,17.56373937677054,216.0,74.61499999929221,732.0,16.2,,88.5,7088.0,16.0,101.0,188.0,10.4,143.0,41.0,41.0,12.9,53057.0,18.0,167.0,265.0,583.0,881.0,23.588456712672524,11.3,17.9,8.3,12.5,27.7,108.0,178.0,9.7,16.1,LAC QUI PARLE
2011-02-01,7.8,,,,,,,,4088,,,,,,,,,,,,,,,,,,,,,,,,,,,,,,,,,,,,,,,,,,,,,,,LAC QUI PARLE
2011-03-01,7.6,,,,,,,,4114,,,,,,,,,,,,,,,,,,,,,,,,,,,,,,,,,,,,,,,,,,,,,,,LAC QUI PARLE
2011-04-01,6.1,,,,,,,,4066,,,,,,,,,,,,,,,17.270194986072422,,,,,,,,,,190.0,,,,,,,,,,,,,,,,,,,,,,LAC QUI PARLE
2011-05-01,5.1,,,,,,,,4168,,,,,,,,,,,,,,,,,,,,,,,,,,,,,,,,,,,,,,,,,,,,,,,LAC QUI PARLE
2011-06-01,5.9,,,,,,,,4125,,,,,,,,,,,,,,,,,,,,,,,,,,,,,,,,,,,,,,,,,,,,,,,LAC QUI PARLE
2011-07-01,6.2,,,,,,,,3934,,,,,,,,,,,,,,,18.257261410788377,,,,,,,,,,188.0,,,,,,,,,,,,,,,,,,,,,,LAC QUI PARLE
2011-08-01,5.6,,,,,,,,3832,,,,,,,,,,,,,,,,,,,,,,,,,,,,,,,,,,,,,,,,,,,,,,,LAC QUI PARLE
2011-09-01,5.1,,,,,,,,3764,,,,,,,,,,,,,,,,,,,,,,,,,,,,,,,,,,,,,,,,,,,,,,,LAC QUI PARLE
2011-10-01,4.6,,,,,,,,3816,,,,,,,,,,,,,,,19.140083217753123,,,,,,,,,,189.0,,,,,,,,,,,,,,,,,,,,,,LAC QUI PARLE
2011-11-01,4.4,,,,,,,,3790,,,,,,,,,,,,,,,,,,,,,,,,,,,,,,,,,,,,,,,,,,,,,,,LAC QUI PARLE
2011-12-01,5.1,,,,,,,,3937,,,,,,,,,,,,,,,,,,,,,,,,,,,,,,,,,,,,,,,,,,,,,,,LAC QUI PARLE
2012-01-01,6.6,54431.0,49.1,50963.0,528.0,7.12,12.0,387656.0,3865,14.2,1124.0,13.30415616129902,47142.0,9.524438312968071,3.418803418803419,16.689280868385346,86.09776773099745,-109.0,388.3,1491.0,6953.0,16.828525641025642,314.8,18.319559228650135,212.0,80.5089999996126,646.0,16.9,7.1,90.2,7007.0,24.0,118.0,185.0,9.3,142.0,29.0,38.0,12.6,54784.0,22.0,164.0,260.0,509.0,783.0,21.32049518569464,11.0,17.4,7.3,11.3,28.700000000000006,108.0,176.0,9.5,15.7,LAC QUI PARLE
2012-02-01,6.6,,,,,,,,3858,,,,,,,,,,,,,,,,,,,,,,,,,,,,,,,,,,,,,,,,,,,,,,,LAC QUI PARLE
2012-03-01,6.6,,,,,,,,3948,,,,,,,,,,,,,,,,,,,,,,,,,,,,,,,,,,,,,,,,,,,,,,,LAC QUI PARLE
2012-04-01,4.3,,,,,,,,3979,,,,,,,,,,,,,,,18.005540166204987,,,,,,,,,,186.0,,,,,,,,,,,,,,,,,,,,,,LAC QUI PARLE
2012-05-01,4.4,,,,,,,,4063,,,,,,,,,,,,,,,,,,,,,,,,,,,,,,,,,,,,,,,,,,,,,,,LAC QUI PARLE
2012-06-01,5.0,,,,,,,,4081,,,,,,,,,,,,,,,,,,,,,,,,,,,,,,,,,,,,,,,,,,,,,,,LAC QUI PARLE
2012-07-01,5.0,,,,,,,,3984,,,,,,,,,,,,,,,16.920943134535367,,,,,,,,,,185.0,,,,,,,,,,,,,,,,,,,,,,LAC QUI PARLE
2012-08-01,4.9,,,,,,,,3756,,,,,,,,,,,,,,,,,,,,,,,,,,,,,,,,,,,,,,,,,,,,,,,LAC QUI PARLE
2012-09-01,4.3,,,,,,,,3683,,,,,,,,,,,,,,,,,,,,,,,,,,,,,,,,,,,,,,,,,,,,,,,LAC QUI PARLE
2012-10-01,4.1,,,,,,,,3689,,,,,,,,,,,,,,,16.899441340782122,,,,,,,,,,185.0,,,,,,,,,,,,,,,,,,,,,,LAC QUI PARLE
2012-11-01,3.7,,,,,,,,3673,,,,,,,,,,,,,,,,,,,,,,,,,,,,,,,,,,,,,,,,,,,,,,,LAC QUI PARLE
2012-12-01,4.5,,,,,,,,3694,,,,,,,,,,,,,,,,,,,,,,,,,,,,,,,,,,,,,,,,,,,,,,,LAC QUI PARLE
2013-01-01,7.0,60080.0,49.2,46805.0,564.0,7.002999999999999,10.0,420801.0,3721,14.3,1083.0,15.3670849560075,42987.0,10.68211319701305,1.4245014245014245,18.630136986301373,84.55631399317407,-169.0,428.8,1452.0,6862.0,16.671031096563013,263.0,17.787114845938376,208.0,63.975999999791405,719.0,17.6,8.0,91.3,6933.0,28.0,125.0,182.0,10.5,145.0,27.0,39.0,13.4,50623.0,25.0,162.0,254.0,572.0,866.0,23.728813559322035,11.2,17.4,8.4,12.6,29.2,110.0,180.0,10.1,16.7,LAC QUI PARLE
2013-02-01,7.3,,,,,,,,3661,,,,,,,,,,,,,,,,,,,,,,,,,,,,,,,,,,,,,,,,,,,,,,,LAC QUI PARLE
2013-03-01,6.8,,,,,,,,3631,,,,,,,,,,,,,,,,,,,,,,,,,,,,,,,,,,,,,,,,,,,,,,,LAC QUI PARLE
2013-04-01,6.0,,,,,,,,3661,,,,,,,,,,,,,,,15.848527349228613,,,,,,,,,,186.0,,,,,,,,,,,,,,,,,,,,,,LAC QUI PARLE
2013-05-01,5.5,,,,,,,,3723,,,,,,,,,,,,,,,,,,,,,,,,,,,,,,,,,,,,,,,,,,,,,,,LAC QUI PARLE
2013-06-01,5.6,,,,,,,,3831,,,,,,,,,,,,,,,,,,,,,,,,,,,,,,,,,,,,,,,,,,,,,,,LAC QUI PARLE
2013-07-01,5.6,,,,,,,,3657,,,,,,,,,,,,,,,16.129032258064516,,,,,,,,,,188.0,,,,,,,,,,,,,,,,,,,,,,LAC QUI PARLE
2013-08-01,5.2,,,,,,,,3630,,,,,,,,,,,,,,,,,,,,,,,,,,,,,,,,,,,,,,,,,,,,,,,LAC QUI PARLE
2013-09-01,4.4,,,,,,,,3628,,,,,,,,,,,,,,,,,,,,,,,,,,,,,,,,,,,,,,,,,,,,,,,LAC QUI PARLE
2013-10-01,4.1,,,,,,,,3596,,,,,,,,,,,,,,,17.85234899328859,,,,,,,,,,188.0,,,,,,,,,,,,,,,,,,,,,,LAC QUI PARLE
2013-11-01,4.0,,,,,,,,3616,,,,,,,,,,,,,,,,,,,,,,,,,,,,,,,,,,,,,,,,,,,,,,,LAC QUI PARLE
2013-12-01,5.5,,,,,,,,3645,,,,,,,,,,,,,,,,,,,,,,,,,,,,,,,,,,,,,,,,,,,,,,,LAC QUI PARLE
2014-01-01,7.9,50669.0,49.5,48245.0,445.0,6.899,7.0,348956.0,3677,14.3,1030.0,30.669113814371354,43871.0,11.162538699690405,0.5494505494505495,19.264805990469707,83.40768455892935,-73.0,335.9,1385.0,6731.0,16.94954894754427,230.1,16.260162601626014,198.0,62.63999999966471,700.0,18.6,8.3,91.7,6829.0,48.0,111.0,190.0,10.4,139.0,34.0,29.0,13.5,52619.0,26.0,150.0,246.0,563.0,837.0,26.045883940620786,10.8,17.8,8.4,12.4,30.4,104.0,174.0,10.1,16.9,LAC QUI PARLE
2014-02-01,7.1,,,,,,,,3577,,,,,,,,,,,,,,,,,,,,,,,,,,,,,,,,,,,,,,,,,,,,,,,LAC QUI PARLE
2014-03-01,6.6,,,,,,,,3655,,,,,,,,,,,,,,,,,,,,,,,,,,,,,,,,,,,,,,,,,,,,,,,LAC QUI PARLE
2014-04-01,5.1,,,,,,,,3601,,,,,,,,,,,,,,,15.595075239398087,,,,,,,,,,187.0,,,,,,,,,,,,,,,,,,,,,,LAC QUI PARLE
2014-05-01,3.8,,,,,,,,3596,,,,,,,,,,,,,,,,,,,,,,,,,,,,,,,,,,,,,,,,,,,,,,,LAC QUI PARLE
2014-06-01,4.2,,,,,,,,3684,,,,,,,,,,,,,,,,,,,,,,,,,,,,,,,,,,,,,,,,,,,,,,,LAC QUI PARLE
2014-07-01,4.3,,,,,,,,3619,,,,,,,,,,,,,,,15.973154362416107,,,,,,,,,,193.0,,,,,,,,,,,,,,,,,,,,,,LAC QUI PARLE
2014-08-01,3.8,,,,,,,,3598,,,,,,,,,,,,,,,,,,,,,,,,,,,,,,,,,,,,,,,,,,,,,,,LAC QUI PARLE
2014-09-01,3.4,,,,,,,,3560,,,,,,,,,,,,,,,,,,,,,,,,,,,,,,,,,,,,,,,,,,,,,,,LAC QUI PARLE
2014-10-01,3.0,,,,,,,,3754,,,,,,,,,,,,,,,17.890520694259013,,,,,,,,,,194.0,,,,,,,,,,,,,,,,,,,,,,LAC QUI PARLE
2014-11-01,3.6,,,,,,,,3762,,,,,,,,,,,,,,,,,,,,,,,,,,,,,,,,,,,,,,,,,,,,,,,LAC QUI PARLE
2014-12-01,4.5,,,,,,,,3726,,,,,,,,,,,,,,,,,,,,,,,,,,,,,,,,,,,,,,,,,,,,,,,LAC QUI PARLE
2015-01-01,6.3,52796.0,49.8,50764.0,370.0,6.87,8.0,361757.0,3858,13.5,1002.0,19.898623811796266,47860.0,12.054019913805915,0.5797101449275363,19.021364576154376,82.95058139534882,-2.0,473.0,1353.0,6697.0,16.641084258654473,265.6,16.847826086956523,182.0,45.8259999998845,560.0,17.7,8.2,92.1,6742.0,43.0,120.0,195.0,8.4,126.0,44.0,29.0,12.6,53668.0,25.0,141.0,223.0,427.0,693.0,25.7396449704142,10.4,16.6,6.4,10.4,30.5,94.0,158.0,9.4,15.8,LAC QUI PARLE
2015-02-01,5.5,,,,,,,,3706,,,,,,,,,,,,,,,,,,,,,,,,,,,,,,,,,,,,,,,,,,,,,,,LAC QUI PARLE
2015-03-01,5.7,,,,,,,,3883,,,,,,,,,,,,,,,,,,,,,,,,,,,,,,,,,,,,,,,,,,,,,,,LAC QUI PARLE
2015-04-01,3.8,,,,,,,,3720,,,,,,,,,,,,,,,16.689655172413794,,,,,,,,,,195.0,,,,,,,,,,,,,,,,,,,,,,LAC QUI PARLE
2015-05-01,3.8,,,,,,,,3680,,,,,,,,,,,,,,,,,,,,,,,,,,,,,,,,,,,,,,,,,,,,,,,LAC QUI PARLE
2015-06-01,3.7,,,,,,,,3858,,,,,,,,,,,,,,,,,,,,,,,,,,,,,,,,,,,,,,,,,,,,,,,LAC QUI PARLE
2015-07-01,3.7,,,,,,,,3615,,,,,,,,,,,,,,,17.53681392235609,,,,,,,,,,194.0,,,,,,,,,,,,,,,,,,,,,,LAC QUI PARLE
2015-08-01,3.8,,,,,,,,3606,,,,,,,,,,,,,,,,,,,,,,,,,,,,,,,,,,,,,,,,,,,,,,,LAC QUI PARLE
2015-09-01,3.0,,,,,,,,3640,,,,,,,,,,,,,,,,,,,,,,,,,,,,,,,,,,,,,,,,,,,,,,,LAC QUI PARLE
2015-10-01,2.8,,,,,,,,3902,,,,,,,,,,,,,,,16.34980988593156,,,,,,,,,,197.0,,,,,,,,,,,,,,,,,,,,,,LAC QUI PARLE
2015-11-01,2.7,,,,,,,,3835,,,,,,,,,,,,,,,,,,,,,,,,,,,,,,,,,,,,,,,,,,,,,,,LAC QUI PARLE
2015-12-01,4.1,,,,,,,,3864,,,,,,,,,,,,,,,,,,,,,,,,,,,,,,,,,,,,,,,,,,,,,,,LAC QUI PARLE
2016-01-01,5.8,54426.0,50.0,49669.0,,6.742999999999999,4.0,365473.0,3808,13.8,989.0,19.86556199619368,46060.0,12.678955567094429,1.4450867052023122,18.456832087015638,82.69344359125813,,380.4,1301.0,6555.0,16.77601809954751,259.3,16.237113402061855,180.0,,635.0,18.3,8.5,92.9,6617.0,21.0,145.0,195.0,9.7,125.0,70.0,27.0,12.6,53278.0,14.0,137.0,223.0,509.0,761.0,27.810650887573967,10.5,17.1,7.8,11.6,31.0,93.0,157.0,9.4,15.8,LAC QUI PARLE
2016-02-01,5.8,,,,,,,,3638,,,,,,,,,,,,,,,,,,,,,,,,,,,,,,,,,,,,,,,,,,,,,,,LAC QUI PARLE
2016-03-01,5.1,,,,,,,,3723,,,,,,,,,,,,,,,,,,,,,,,,,,,,,,,,,,,,,,,,,,,,,,,LAC QUI PARLE
2016-04-01,3.9,,,,,,,,3642,,,,,,,,,,,,,,,15.929203539823007,,,,,,,,,,192.0,,,,,,,,,,,,,,,,,,,,,,LAC QUI PARLE
2016-05-01,3.3,,,,,,,,3608,,,,,,,,,,,,,,,,,,,,,,,,,,,,,,,,,,,,,,,,,,,,,,,LAC QUI PARLE
2016-06-01,4.0,,,,,,,,3707,,,,,,,,,,,,,,,,,,,,,,,,,,,,,,,,,,,,,,,,,,,,,,,LAC QUI PARLE
2016-07-01,4.8,,,,,,,,3465,,,,,,,,,,,,,,,16.83291770573566,,,,,,,,,,193.0,,,,,,,,,,,,,,,,,,,,,,LAC QUI PARLE
2016-08-01,4.1,,,,,,,,3402,,,,,,,,,,,,,,,,,,,,,,,,,,,,,,,,,,,,,,,,,,,,,,,LAC QUI PARLE
2016-09-01,3.6,,,,,,,,3473,,,,,,,,,,,,,,,,,,,,,,,,,,,,,,,,,,,,,,,,,,,,,,,LAC QUI PARLE
2016-10-01,3.1,,,,,,,,3693,,,,,,,,,,,,,,,18.459495351925632,,,,,,,,,,194.0,,,,,,,,,,,,,,,,,,,,,,LAC QUI PARLE
2016-11-01,3.1,,,,,,,,3725,,,,,,,,,,,,,,,,,,,,,,,,,,,,,,,,,,,,,,,,,,,,,,,LAC QUI PARLE
2016-12-01,4.6,,,,,,,,3699,,,,,,,,,,,,,,,,,,,,,,,,,,,,,,,,,,,,,,,,,,,,,,,LAC QUI PARLE
2017-01-01,5.4,,,,,6.685,11.0,,3667,,,,,,,,,,,,,,,17.534246575342465,,,,,,,,,,193.0,,,,22.0,,,,,,,,,,,,,,,,,,LAC QUI PARLE
2017-02-01,5.0,,,,,,,,3569,,,,,,,,,,,,,,,,,,,,,,,,,,,,,,,,,,,,,,,,,,,,,,,LAC QUI PARLE
2017-03-01,4.5,,,,,,,,3599,,,,,,,,,,,,,,,,,,,,,,,,,,,,,,,,,,,,,,,,,,,,,,,LAC QUI PARLE
2017-04-01,3.5,,,,,,,,3642,,,,,,,,,,,,,,,16.27260083449235,,,,,,,,,,195.0,,,,,,,,,,,,,,,,,,,,,,LAC QUI PARLE
2017-05-01,3.0,,,,,,,,3600,,,,,,,,,,,,,,,,,,,,,,,,,,,,,,,,,,,,,,,,,,,,,,,LAC QUI PARLE
2017-06-01,3.2,,,,,,,,3648,,,,,,,,,,,,,,,,,,,,,,,,,,,,,,,,,,,,,,,,,,,,,,,LAC QUI PARLE
2017-07-01,3.0,,,,,,,,3374,,,,,,,,,,,,,,,17.546362339514975,,,,,,,,,,194.0,,,,,,,,,,,,,,,,,,,,,,LAC QUI PARLE
2017-08-01,3.2,,,,,,,,3305,,,,,,,,,,,,,,,,,,,,,,,,,,,,,,,,,,,,,,,,,,,,,,,LAC QUI PARLE
2017-09-01,2.6,,,,,,,,3351,,,,,,,,,,,,,,,,,,,,,,,,,,,,,,,,,,,,,,,,,,,,,,,LAC QUI PARLE
2017-10-01,2.3,,,,,,,,3557,,,,,,,,,,,,,,,18.28410689170183,,,,,,,,,,197.0,,,,,,,,,,,,,,,,,,,,,,LAC QUI PARLE
2017-11-01,2.5,,,,,,,,3501,,,,,,,,,,,,,,,,,,,,,,,,,,,,,,,,,,,,,,,,,,,,,,,LAC QUI PARLE
2017-12-01,3.8,,,,,,,,3523,,,,,,,,,,,,,,,,,,,,,,,,,,,,,,,,,,,,,,,,,,,,,,,LAC QUI PARLE
2018-01-01,5.8,,,,,,,,3520,,,,,,,,,,,,,,,16.899441340782122,,,,,,,,,,199.0,,,,,,,,,,,,,,,,,,,,,,LAC QUI PARLE
2018-02-01,5.3,,,,,,,,3504,,,,,,,,,,,,,,,,,,,,,,,,,,,,,,,,,,,,,,,,,,,,,,,LAC QUI PARLE
2018-03-01,5.1,,,,,,,,3528,,,,,,,,,,,,,,,,,,,,,,,,,,,,,,,,,,,,,,,,,,,,,,,LAC QUI PARLE
2018-04-01,4.1,,,,,,,,3557,,,,,,,,,,,,,,,17.5,,,,,,,,,,,,,,,,,,,,,,,,,,,,,,,,LAC QUI PARLE
2018-05-01,2.7,,,,,,,,3607,,,,,,,,,,,,,,,,,,,,,,,,,,,,,,,,,,,,,,,,,,,,,,,LAC QUI PARLE
2018-06-01,3.6,,,,,,,,3622,,,,,,,,,,,,,,,,,,,,,,,,,,,,,,,,,,,,,,,,,,,,,,,LAC QUI PARLE
2018-07-01,4.0,,,,,,,,3470,,,,,,,,,,,,,,,,,,,,,,,,,,,,,,,,,,,,,,,,,,,,,,,LAC QUI PARLE
2018-08-01,3.5,,,,,,,,3238,,,,,,,,,,,,,,,,,,,,,,,,,,,,,,,,,,,,,,,,,,,,,,,LAC QUI PARLE
