DATE,MNLESU9URN,MNLESU9POP,B01002001E027079,B03002003E027079,PCPI27079,MHIMN27079A052NCEN,CBR27079MNA647NCEN,2020RATIO027079,MNLESU9LFN,NETMIGNACS027079,RACEDISPARITY027079,PI27079,B14005DCYACS027079,DP04ACS027079,HOWNRATEACS027079,CDC20N2U027079,PUA0T17MN27079A647NCEN,PUAAMN27079A647NCEN,B080ACS027079,CDC20N2UAA027079,ATNHPIUS27079A,EQFXSUBPRIME027079,PUA5T17RMN27079A647NCEN,PEU18MN27079A647NCEN,DMPCRATE027079,PEAAMN27079A647NCEN,HC01ESTVC1727079,S1701ACS027079,HC01ESTVC1627079,PPU18MN27079A156NCEN,B03002006E027079,B03002012E027079,ENU2707920510,PPAAMN27079A156NCEN,PE5T17MN27079A647NCEN,BPPRIV027079,B03002004E027079,FBITC027079,PP5T17MN27079A156NCEN,MHICILBMN27079A052NCEN,MHICIUBMN27079A052NCEN,B03002005E027079,PECILBU18MN27079A647NCEN,PECIUBU18MN27079A647NCEN,PECILBAAMN27079A647NCEN,PECIUBAAMN27079A647NCEN,S1101SPHOUSE027079,PPCILBU18MN27079A156NCEN,PPCIUBU18MN27079A156NCEN,PPCILBAAMN27079A156NCEN,PPCIUBAAMN27079A156NCEN,S1501ACSTOTAL027079,PECILB5T17MN27079A647NCEN,PECIUB5T17MN27079A647NCEN,PPCILB5T17MN27079A156NCEN,PPCIUB5T17MN27079A156NCEN,county
1991-01-01,8.7,23.348000000000003,,,16695.0,,,,12291,,,389788.0,,,,,,,,,59.42,,,,,,,,,,,,547.0,,,103.0,,,,,,,,,,,,,,,,,,,,,LE SUEUR
1991-02-01,9.2,,,,,,,,12407,,,,,,,,,,,,,,,,,,,,,,,,,,,,,,,,,,,,,,,,,,,,,,,,LE SUEUR
1991-03-01,9.0,,,,,,,,12384,,,,,,,,,,,,,,,,,,,,,,,,,,,,,,,,,,,,,,,,,,,,,,,,LE SUEUR
1991-04-01,7.3,,,,,,,,12464,,,,,,,,,,,,,,,,,,,,,,,,551.0,,,,,,,,,,,,,,,,,,,,,,,,LE SUEUR
1991-05-01,6.0,,,,,,,,12364,,,,,,,,,,,,,,,,,,,,,,,,,,,,,,,,,,,,,,,,,,,,,,,,LE SUEUR
1991-06-01,5.3,,,,,,,,12446,,,,,,,,,,,,,,,,,,,,,,,,,,,,,,,,,,,,,,,,,,,,,,,,LE SUEUR
1991-07-01,4.4,,,,,,,,12181,,,,,,,,,,,,,,,,,,,,,,,,560.0,,,,,,,,,,,,,,,,,,,,,,,,LE SUEUR
1991-08-01,4.1,,,,,,,,12080,,,,,,,,,,,,,,,,,,,,,,,,,,,,,,,,,,,,,,,,,,,,,,,,LE SUEUR
1991-09-01,4.8,,,,,,,,12159,,,,,,,,,,,,,,,,,,,,,,,,,,,,,,,,,,,,,,,,,,,,,,,,LE SUEUR
1991-10-01,5.2,,,,,,,,12538,,,,,,,,,,,,,,,,,,,,,,,,565.0,,,,,,,,,,,,,,,,,,,,,,,,LE SUEUR
1991-11-01,7.1,,,,,,,,12535,,,,,,,,,,,,,,,,,,,,,,,,,,,,,,,,,,,,,,,,,,,,,,,,LE SUEUR
1991-12-01,8.1,,,,,,,,12533,,,,,,,,,,,,,,,,,,,,,,,,,,,,,,,,,,,,,,,,,,,,,,,,LE SUEUR
1992-01-01,9.0,23.526999999999997,,,17845.0,,,,12713,,,419828.0,,,,,,,,,62.83,,,,,,,,,,,,543.0,,,99.0,,,,,,,,,,,,,,,,,,,,,LE SUEUR
1992-02-01,9.5,,,,,,,,12785,,,,,,,,,,,,,,,,,,,,,,,,,,,,,,,,,,,,,,,,,,,,,,,,LE SUEUR
1992-03-01,9.7,,,,,,,,12960,,,,,,,,,,,,,,,,,,,,,,,,,,,,,,,,,,,,,,,,,,,,,,,,LE SUEUR
1992-04-01,6.6,,,,,,,,12820,,,,,,,,,,,,,,,,,,,,,,,,543.0,,,,,,,,,,,,,,,,,,,,,,,,LE SUEUR
1992-05-01,5.4,,,,,,,,12691,,,,,,,,,,,,,,,,,,,,,,,,,,,,,,,,,,,,,,,,,,,,,,,,LE SUEUR
1992-06-01,4.8,,,,,,,,12743,,,,,,,,,,,,,,,,,,,,,,,,,,,,,,,,,,,,,,,,,,,,,,,,LE SUEUR
1992-07-01,3.8,,,,,,,,12407,,,,,,,,,,,,,,,,,,,,,,,,539.0,,,,,,,,,,,,,,,,,,,,,,,,LE SUEUR
1992-08-01,3.3,,,,,,,,12423,,,,,,,,,,,,,,,,,,,,,,,,,,,,,,,,,,,,,,,,,,,,,,,,LE SUEUR
1992-09-01,3.6,,,,,,,,12459,,,,,,,,,,,,,,,,,,,,,,,,,,,,,,,,,,,,,,,,,,,,,,,,LE SUEUR
1992-10-01,4.0,,,,,,,,12628,,,,,,,,,,,,,,,,,,,,,,,,540.0,,,,,,,,,,,,,,,,,,,,,,,,LE SUEUR
1992-11-01,6.3,,,,,,,,12767,,,,,,,,,,,,,,,,,,,,,,,,,,,,,,,,,,,,,,,,,,,,,,,,LE SUEUR
1992-12-01,7.0,,,,,,,,12796,,,,,,,,,,,,,,,,,,,,,,,,,,,,,,,,,,,,,,,,,,,,,,,,LE SUEUR
1993-01-01,8.9,23.8,,,18000.0,33447.0,1124.0,,12998,,,428401.0,,,,,,,,,63.72,,,767.0,,2126.0,,,,10.5,,,531.0,8.7,495.0,122.0,,,8.9,31175.0,35707.0,,595.0,938.0,1682.0,2571.0,,8.1,12.8,6.9,10.6,,373.0,616.0,6.7,11.1,LE SUEUR
1993-02-01,8.9,,,,,,,,13113,,,,,,,,,,,,,,,,,,,,,,,,,,,,,,,,,,,,,,,,,,,,,,,,LE SUEUR
1993-03-01,8.2,,,,,,,,13144,,,,,,,,,,,,,,,,,,,,,,,,,,,,,,,,,,,,,,,,,,,,,,,,LE SUEUR
1993-04-01,7.3,,,,,,,,13244,,,,,,,,,,,,,,,,,,,,,,,,526.0,,,,,,,,,,,,,,,,,,,,,,,,LE SUEUR
1993-05-01,5.3,,,,,,,,13091,,,,,,,,,,,,,,,,,,,,,,,,,,,,,,,,,,,,,,,,,,,,,,,,LE SUEUR
1993-06-01,5.8,,,,,,,,13102,,,,,,,,,,,,,,,,,,,,,,,,,,,,,,,,,,,,,,,,,,,,,,,,LE SUEUR
1993-07-01,3.7,,,,,,,,12659,,,,,,,,,,,,,,,,,,,,,,,,534.0,,,,,,,,,,,,,,,,,,,,,,,,LE SUEUR
1993-08-01,3.9,,,,,,,,12605,,,,,,,,,,,,,,,,,,,,,,,,,,,,,,,,,,,,,,,,,,,,,,,,LE SUEUR
1993-09-01,3.5,,,,,,,,12853,,,,,,,,,,,,,,,,,,,,,,,,,,,,,,,,,,,,,,,,,,,,,,,,LE SUEUR
1993-10-01,4.1,,,,,,,,12985,,,,,,,,,,,,,,,,,,,,,,,,537.0,,,,,,,,,,,,,,,,,,,,,,,,LE SUEUR
1993-11-01,4.5,,,,,,,,13106,,,,,,,,,,,,,,,,,,,,,,,,,,,,,,,,,,,,,,,,,,,,,,,,LE SUEUR
1993-12-01,6.1,,,,,,,,13124,,,,,,,,,,,,,,,,,,,,,,,,,,,,,,,,,,,,,,,,,,,,,,,,LE SUEUR
1994-01-01,8.5,24.051,,,19341.0,,,,13377,,,465175.0,,,,,,,,,66.65,,,,,,,,,,,,549.0,,,122.0,,,,,,,,,,,,,,,,,,,,,LE SUEUR
1994-02-01,7.8,,,,,,,,13421,,,,,,,,,,,,,,,,,,,,,,,,,,,,,,,,,,,,,,,,,,,,,,,,LE SUEUR
1994-03-01,7.6,,,,,,,,13490,,,,,,,,,,,,,,,,,,,,,,,,,,,,,,,,,,,,,,,,,,,,,,,,LE SUEUR
1994-04-01,5.8,,,,,,,,13514,,,,,,,,,,,,,,,,,,,,,,,,556.0,,,,,,,,,,,,,,,,,,,,,,,,LE SUEUR
1994-05-01,3.6,,,,,,,,13465,,,,,,,,,,,,,,,,,,,,,,,,,,,,,,,,,,,,,,,,,,,,,,,,LE SUEUR
1994-06-01,3.4,,,,,,,,13480,,,,,,,,,,,,,,,,,,,,,,,,,,,,,,,,,,,,,,,,,,,,,,,,LE SUEUR
1994-07-01,3.0,,,,,,,,13311,,,,,,,,,,,,,,,,,,,,,,,,561.0,,,,,,,,,,,,,,,,,,,,,,,,LE SUEUR
1994-08-01,2.5,,,,,,,,13349,,,,,,,,,,,,,,,,,,,,,,,,,,,,,,,,,,,,,,,,,,,,,,,,LE SUEUR
1994-09-01,2.6,,,,,,,,13598,,,,,,,,,,,,,,,,,,,,,,,,,,,,,,,,,,,,,,,,,,,,,,,,LE SUEUR
1994-10-01,2.9,,,,,,,,13522,,,,,,,,,,,,,,,,,,,,,,,,571.0,,,,,,,,,,,,,,,,,,,,,,,,LE SUEUR
1994-11-01,3.3,,,,,,,,13641,,,,,,,,,,,,,,,,,,,,,,,,,,,,,,,,,,,,,,,,,,,,,,,,LE SUEUR
1994-12-01,5.3,,,,,,,,13742,,,,,,,,,,,,,,,,,,,,,,,,,,,,,,,,,,,,,,,,,,,,,,,,LE SUEUR
1995-01-01,7.0,24.313000000000002,,,20513.0,37060.0,1097.0,,13721,,,498739.0,,,,,,,,,74.27,,,610.0,,1733.0,,,,8.3,,,562.0,7.0,384.0,136.0,,,6.9,33957.0,40146.0,,473.0,748.0,1369.0,2097.0,,6.4,10.2,5.5,8.5,,295.0,473.0,5.3,8.5,LE SUEUR
1995-02-01,6.7,,,,,,,,13754,,,,,,,,,,,,,,,,,,,,,,,,,,,,,,,,,,,,,,,,,,,,,,,,LE SUEUR
1995-03-01,6.4,,,,,,,,13770,,,,,,,,,,,,,,,,,,,,,,,,,,,,,,,,,,,,,,,,,,,,,,,,LE SUEUR
1995-04-01,5.6,,,,,,,,13868,,,,,,,,,,,,,,,,,,,,,,,,573.0,,,,,,,,,,,,,,,,,,,,,,,,LE SUEUR
1995-05-01,3.7,,,,,,,,13640,,,,,,,,,,,,,,,,,,,,,,,,,,,,,,,,,,,,,,,,,,,,,,,,LE SUEUR
1995-06-01,3.0,,,,,,,,13612,,,,,,,,,,,,,,,,,,,,,,,,,,,,,,,,,,,,,,,,,,,,,,,,LE SUEUR
1995-07-01,2.8,,,,,,,,13451,,,,,,,,,,,,,,,,,,,,,,,,560.0,,,,,,,,,,,,,,,,,,,,,,,,LE SUEUR
1995-08-01,2.4,,,,,,,,13305,,,,,,,,,,,,,,,,,,,,,,,,,,,,,,,,,,,,,,,,,,,,,,,,LE SUEUR
1995-09-01,2.8,,,,,,,,13619,,,,,,,,,,,,,,,,,,,,,,,,,,,,,,,,,,,,,,,,,,,,,,,,LE SUEUR
1995-10-01,3.0,,,,,,,,13531,,,,,,,,,,,,,,,,,,,,,,,,587.0,,,,,,,,,,,,,,,,,,,,,,,,LE SUEUR
1995-11-01,4.2,,,,,,,,13699,,,,,,,,,,,,,,,,,,,,,,,,,,,,,,,,,,,,,,,,,,,,,,,,LE SUEUR
1995-12-01,6.3,,,,,,,,13802,,,,,,,,,,,,,,,,,,,,,,,,,,,,,,,,,,,,,,,,,,,,,,,,LE SUEUR
1996-01-01,7.8,24.541,,,21915.0,,,,14008,,,537823.0,,,,,,,,,76.93,,,,,,,,,,,,588.0,,,148.0,,,,,,,,,,,,,,,,,,,,,LE SUEUR
1996-02-01,7.0,,,,,,,,14012,,,,,,,,,,,,,,,,,,,,,,,,,,,,,,,,,,,,,,,,,,,,,,,,LE SUEUR
1996-03-01,7.4,,,,,,,,14174,,,,,,,,,,,,,,,,,,,,,,,,,,,,,,,,,,,,,,,,,,,,,,,,LE SUEUR
1996-04-01,6.2,,,,,,,,14132,,,,,,,,,,,,,,,,,,,,,,,,585.0,,,,,,,,,,,,,,,,,,,,,,,,LE SUEUR
1996-05-01,3.9,,,,,,,,13876,,,,,,,,,,,,,,,,,,,,,,,,,,,,,,,,,,,,,,,,,,,,,,,,LE SUEUR
1996-06-01,3.5,,,,,,,,13785,,,,,,,,,,,,,,,,,,,,,,,,,,,,,,,,,,,,,,,,,,,,,,,,LE SUEUR
1996-07-01,3.4,,,,,,,,13726,,,,,,,,,,,,,,,,,,,,,,,,597.0,,,,,,,,,,,,,,,,,,,,,,,,LE SUEUR
1996-08-01,3.5,,,,,,,,13617,,,,,,,,,,,,,,,,,,,,,,,,,,,,,,,,,,,,,,,,,,,,,,,,LE SUEUR
1996-09-01,3.5,,,,,,,,13770,,,,,,,,,,,,,,,,,,,,,,,,,,,,,,,,,,,,,,,,,,,,,,,,LE SUEUR
1996-10-01,3.2,,,,,,,,13852,,,,,,,,,,,,,,,,,,,,,,,,603.0,,,,,,,,,,,,,,,,,,,,,,,,LE SUEUR
1996-11-01,3.9,,,,,,,,13836,,,,,,,,,,,,,,,,,,,,,,,,,,,,,,,,,,,,,,,,,,,,,,,,LE SUEUR
1996-12-01,5.5,,,,,,,,13967,,,,,,,,,,,,,,,,,,,,,,,,,,,,,,,,,,,,,,,,,,,,,,,,LE SUEUR
1997-01-01,7.1,24.9,,,22540.0,40833.0,743.0,,14178,,,561243.0,,,,,,,,,80.25,,,744.0,,1827.0,,,,10.0,,,609.0,7.2,494.0,126.0,,,8.9,37695.0,43954.0,,552.0,936.0,1407.0,2247.0,,7.4,12.6,5.5,8.8,,350.0,638.0,6.3,11.4,LE SUEUR
1997-02-01,6.3,,,,,,,,14191,,,,,,,,,,,,,,,,,,,,,,,,,,,,,,,,,,,,,,,,,,,,,,,,LE SUEUR
1997-03-01,6.4,,,,,,,,14313,,,,,,,,,,,,,,,,,,,,,,,,,,,,,,,,,,,,,,,,,,,,,,,,LE SUEUR
1997-04-01,5.0,,,,,,,,14220,,,,,,,,,,,,,,,,,,,,,,,,617.0,,,,,,,,,,,,,,,,,,,,,,,,LE SUEUR
1997-05-01,2.8,,,,,,,,14011,,,,,,,,,,,,,,,,,,,,,,,,,,,,,,,,,,,,,,,,,,,,,,,,LE SUEUR
1997-06-01,3.2,,,,,,,,14048,,,,,,,,,,,,,,,,,,,,,,,,,,,,,,,,,,,,,,,,,,,,,,,,LE SUEUR
1997-07-01,2.6,,,,,,,,13620,,,,,,,,,,,,,,,,,,,,,,,,624.0,,,,,,,,,,,,,,,,,,,,,,,,LE SUEUR
1997-08-01,2.5,,,,,,,,13599,,,,,,,,,,,,,,,,,,,,,,,,,,,,,,,,,,,,,,,,,,,,,,,,LE SUEUR
1997-09-01,2.5,,,,,,,,13954,,,,,,,,,,,,,,,,,,,,,,,,,,,,,,,,,,,,,,,,,,,,,,,,LE SUEUR
1997-10-01,2.6,,,,,,,,14120,,,,,,,,,,,,,,,,,,,,,,,,615.0,,,,,,,,,,,,,,,,,,,,,,,,LE SUEUR
1997-11-01,3.1,,,,,,,,14156,,,,,,,,,,,,,,,,,,,,,,,,,,,,,,,,,,,,,,,,,,,,,,,,LE SUEUR
1997-12-01,4.3,,,,,,,,14316,,,,,,,,,,,,,,,,,,,,,,,,,,,,,,,,,,,,,,,,,,,,,,,,LE SUEUR
1998-01-01,6.0,25.158,,,24499.0,42993.0,614.0,,14780,,,616345.0,,,,,7412.0,25528.0,,,84.33,,5654.0,736.0,,1862.0,,,,9.9,,,613.0,7.3,460.0,150.0,,,8.1,39870.0,46099.0,,528.0,944.0,1435.0,2289.0,,7.1,12.7,5.6,9.0,,304.0,616.0,5.4,10.9,LE SUEUR
1998-02-01,5.4,,,,,,,,14764,,,,,,,,,,,,,,,,,,,,,,,,,,,,,,,,,,,,,,,,,,,,,,,,LE SUEUR
1998-03-01,5.4,,,,,,,,14783,,,,,,,,,,,,,,,,,,,,,,,,,,,,,,,,,,,,,,,,,,,,,,,,LE SUEUR
1998-04-01,3.4,,,,,,,,14659,,,,,,,,,,,,,,,,,,,,,,,,614.0,,,,,,,,,,,,,,,,,,,,,,,,LE SUEUR
1998-05-01,2.2,,,,,,,,14566,,,,,,,,,,,,,,,,,,,,,,,,,,,,,,,,,,,,,,,,,,,,,,,,LE SUEUR
1998-06-01,2.4,,,,,,,,14659,,,,,,,,,,,,,,,,,,,,,,,,,,,,,,,,,,,,,,,,,,,,,,,,LE SUEUR
1998-07-01,2.0,,,,,,,,14561,,,,,,,,,,,,,,,,,,,,,,,,616.0,,,,,,,,,,,,,,,,,,,,,,,,LE SUEUR
1998-08-01,2.1,,,,,,,,14414,,,,,,,,,,,,,,,,,,,,,,,,,,,,,,,,,,,,,,,,,,,,,,,,LE SUEUR
1998-09-01,2.2,,,,,,,,14644,,,,,,,,,,,,,,,,,,,,,,,,,,,,,,,,,,,,,,,,,,,,,,,,LE SUEUR
1998-10-01,2.3,,,,,,,,14705,,,,,,,,,,,,,,,,,,,,,,,,615.0,,,,,,,,,,,,,,,,,,,,,,,,LE SUEUR
1998-11-01,2.7,,,,,,,,14740,,,,,,,,,,,,,,,,,,,,,,,,,,,,,,,,,,,,,,,,,,,,,,,,LE SUEUR
1998-12-01,3.6,,,,,,,,14908,,,,,,,,,,,,,,,,,,,,,,,,,,,,,,,,,,,,,,,,,,,,,,,,LE SUEUR
1999-01-01,5.6,25.218000000000004,,,25947.0,44937.0,607.0,,15166,,,654323.0,,,,277.9,6907.0,25360.0,,269.1,88.82,23.08651209174769,5237.0,544.0,,1630.0,,,,7.9,,,611.0,6.4,429.0,149.0,,,8.2,42095.0,47971.0,,363.0,726.0,1218.0,2042.0,,5.3,10.5,4.8,8.1,,263.0,595.0,5.0,11.4,LE SUEUR
1999-02-01,5.0,,,,,,,,15175,,,,,,,,,,,,,,,,,,,,,,,,,,,,,,,,,,,,,,,,,,,,,,,,LE SUEUR
1999-03-01,5.0,,,,,,,,15275,,,,,,,,,,,,,,,,,,,,,,,,,,,,,,,,,,,,,,,,,,,,,,,,LE SUEUR
1999-04-01,3.8,,,,,,,,15264,,,,,,,,,,,,,22.440251572327046,,,,,,,,,,,620.0,,,,,,,,,,,,,,,,,,,,,,,,LE SUEUR
1999-05-01,2.3,,,,,,,,15030,,,,,,,,,,,,,,,,,,,,,,,,,,,,,,,,,,,,,,,,,,,,,,,,LE SUEUR
1999-06-01,3.0,,,,,,,,15157,,,,,,,,,,,,,,,,,,,,,,,,,,,,,,,,,,,,,,,,,,,,,,,,LE SUEUR
1999-07-01,3.0,,,,,,,,13932,,,,,,,,,,,,,20.730182545636406,,,,,,,,,,,616.0,,,,,,,,,,,,,,,,,,,,,,,,LE SUEUR
1999-08-01,2.3,,,,,,,,13790,,,,,,,,,,,,,,,,,,,,,,,,,,,,,,,,,,,,,,,,,,,,,,,,LE SUEUR
1999-09-01,1.8,,,,,,,,14093,,,,,,,,,,,,,,,,,,,,,,,,,,,,,,,,,,,,,,,,,,,,,,,,LE SUEUR
1999-10-01,1.6,,,,,,,,14698,,,,,,,,,,,,,20.63451122001548,,,,,,,,,,,614.0,,,,,,,,,,,,,,,,,,,,,,,,LE SUEUR
1999-11-01,2.2,,,,,,,,14671,,,,,,,,,,,,,,,,,,,,,,,,,,,,,,,,,,,,,,,,,,,,,,,,LE SUEUR
1999-12-01,4.0,,,,,,,,15223,,,,,,,,,,,,,,,,,,,,,,,,,,,,,,,,,,,,,,,,,,,,,,,,LE SUEUR
2000-01-01,6.2,25.461,,,27849.0,47569.0,578.0,,14618,,,709012.0,,,,368.6,6636.0,25599.0,,354.7,100.0,20.65299924069856,5027.0,479.0,,1490.0,,,,7.2,,,616.0,5.8,312.0,169.0,,,6.2,44131.0,51275.0,,355.0,604.0,1155.0,1826.0,,5.3,9.1,4.5,7.1,,212.0,412.0,4.2,8.2,LE SUEUR
2000-02-01,5.7,,,,,,,,14655,,,,,,,,,,,,,,,,,,,,,,,,,,,,,,,,,,,,,,,,,,,,,,,,LE SUEUR
2000-03-01,5.4,,,,,,,,14759,,,,,,,,,,,,,,,,,,,,,,,,,,,,,,,,,,,,,,,,,,,,,,,,LE SUEUR
2000-04-01,3.5,,,,,,,,14619,,,,,,,,,,,,,20.93789607097592,,,,,,,,,,,628.0,,,,,,,,,,,,,,,,,,,,,,,,LE SUEUR
2000-05-01,2.8,,,,,,,,14782,,,,,,,,,,,,,,,,,,,,,,,,,,,,,,,,,,,,,,,,,,,,,,,,LE SUEUR
2000-06-01,2.9,,,,,,,,15210,,,,,,,,,,,,,,,,,,,,,,,,,,,,,,,,,,,,,,,,,,,,,,,,LE SUEUR
2000-07-01,2.6,,,,,,,,15318,,,,,,,,,,,,,21.002444987775068,,,,,,,,,,,633.0,,,,,,,,,,,,,,,,,,,,,,,,LE SUEUR
2000-08-01,2.6,,,,,,,,15384,,,,,,,,,,,,,,,,,,,,,,,,,,,,,,,,,,,,,,,,,,,,,,,,LE SUEUR
2000-09-01,2.8,,,,,,,,15428,,,,,,,,,,,,,,,,,,,,,,,,,,,,,,,,,,,,,,,,,,,,,,,,LE SUEUR
2000-10-01,2.8,,,,,,,,15031,,,,,,,,,,,,,19.50067476383266,,,,,,,,,,,636.0,,,,,,,,,,,,,,,,,,,,,,,,LE SUEUR
2000-11-01,4.2,,,,,,,,14896,,,,,,,,,,,,,,,,,,,,,,,,,,,,,,,,,,,,,,,,,,,,,,,,LE SUEUR
2000-12-01,5.2,,,,,,,,14806,,,,,,,,,,,,,,,,,,,,,,,,,,,,,,,,,,,,,,,,,,,,,,,,LE SUEUR
2001-01-01,6.7,25.679000000000002,,,27590.0,46724.0,751.0,,14794,,,707790.0,,,,364.9,6564.0,25938.0,,347.6,105.98,22.676991150442475,4976.0,475.0,,1582.0,,,,7.2,,,635.0,6.1,324.0,164.0,,,6.5,43639.0,50027.0,,342.0,608.0,1223.0,1942.0,,5.2,9.3,4.7,7.5,,214.0,434.0,4.3,8.7,LE SUEUR
2001-02-01,6.8,,,,,,,,14827,,,,,,,,,,,,,,,,,,,,,,,,,,,,,,,,,,,,,,,,,,,,,,,,LE SUEUR
2001-03-01,6.9,,,,,,,,14872,,,,,,,,,,,,,,,,,,,,,,,,,,,,,,,,,,,,,,,,,,,,,,,,LE SUEUR
2001-04-01,5.7,,,,,,,,15106,,,,,,,,,,,,,22.006940427993058,,,,,,,,,,,643.0,,,,,,,,,,,,,,,,,,,,,,,,LE SUEUR
2001-05-01,3.8,,,,,,,,15204,,,,,,,,,,,,,,,,,,,,,,,,,,,,,,,,,,,,,,,,,,,,,,,,LE SUEUR
2001-06-01,4.1,,,,,,,,15336,,,,,,,,,,,,,,,,,,,,,,,,,,,,,,,,,,,,,,,,,,,,,,,,LE SUEUR
2001-07-01,3.7,,,,,,,,15180,,,,,,,,,,,,,22.952268709487328,,,,,,,,,,,637.0,,,,,,,,,,,,,,,,,,,,,,,,LE SUEUR
2001-08-01,3.5,,,,,,,,15283,,,,,,,,,,,,,,,,,,,,,,,,,,,,,,,,,,,,,,,,,,,,,,,,LE SUEUR
2001-09-01,3.8,,,,,,,,15141,,,,,,,,,,,,,,,,,,,,,,,,,,,,,,,,,,,,,,,,,,,,,,,,LE SUEUR
2001-10-01,3.9,,,,,,,,14805,,,,,,,,,,,,,23.57570034623859,,,,,,,,,,,635.0,,,,,,,,,,,,,,,,,,,,,,,,LE SUEUR
2001-11-01,4.7,,,,,,,,14764,,,,,,,,,,,,,,,,,,,,,,,,,,,,,,,,,,,,,,,,,,,,,,,,LE SUEUR
2001-12-01,6.5,,,,,,,,14859,,,,,,,,,,,,,,,,,,,,,,,,,,,,,,,,,,,,,,,,,,,,,,,,LE SUEUR
2002-01-01,8.6,25.954,,,28272.0,47818.0,863.0,,14869,,,732500.0,,,,344.7,6573.0,26680.0,,326.6,111.51,23.84105960264901,4967.0,442.0,,1600.0,,,,6.7,,,632.0,6.0,309.0,147.0,,,6.2,44638.0,51225.0,,320.0,565.0,1220.0,1979.0,,4.9,8.6,4.6,7.4,,210.0,408.0,4.2,8.2,LE SUEUR
2002-02-01,8.5,,,,,,,,14846,,,,,,,,,,,,,,,,,,,,,,,,,,,,,,,,,,,,,,,,,,,,,,,,LE SUEUR
2002-03-01,8.3,,,,,,,,14933,,,,,,,,,,,,,,,,,,,,,,,,,,,,,,,,,,,,,,,,,,,,,,,,LE SUEUR
2002-04-01,7.0,,,,,,,,15014,,,,,,,,,,,,,24.443695212407277,,,,,,,,,,,641.0,,,,,,,,,,,,,,,,,,,,,,,,LE SUEUR
2002-05-01,4.9,,,,,,,,14901,,,,,,,,,,,,,,,,,,,,,,,,,,,,,,,,,,,,,,,,,,,,,,,,LE SUEUR
2002-06-01,5.3,,,,,,,,15309,,,,,,,,,,,,,,,,,,,,,,,,,,,,,,,,,,,,,,,,,,,,,,,,LE SUEUR
2002-07-01,5.0,,,,,,,,15302,,,,,,,,,,,,,24.56735663386495,,,,,,,,,,,642.0,,,,,,,,,,,,,,,,,,,,,,,,LE SUEUR
2002-08-01,4.4,,,,,,,,15247,,,,,,,,,,,,,,,,,,,,,,,,,,,,,,,,,,,,,,,,,,,,,,,,LE SUEUR
2002-09-01,4.4,,,,,,,,15170,,,,,,,,,,,,,,,,,,,,,,,,,,,,,,,,,,,,,,,,,,,,,,,,LE SUEUR
2002-10-01,4.1,,,,,,,,15041,,,,,,,,,,,,,24.90408092082316,,,,,,,,,,,636.0,,,,,,,,,,,,,,,,,,,,,,,,LE SUEUR
2002-11-01,4.5,,,,,,,,14874,,,,,,,,,,,,,,,,,,,,,,,,,,,,,,,,,,,,,,,,,,,,,,,,LE SUEUR
2002-12-01,6.1,,,,,,,,14915,,,,,,,,,,,,,,,,,,,,,,,,,,,,,,,,,,,,,,,,,,,,,,,,LE SUEUR
2003-01-01,8.6,26.461,,,29032.0,48239.0,898.0,,14849,,,766298.0,,,,309.1,6469.0,27071.0,,294.4,115.91,25.0,4855.0,522.0,,1767.0,,,,8.1,,,631.0,6.5,331.0,161.0,,,6.8,45282.0,51388.0,,380.0,664.0,1347.0,2187.0,,5.9,10.3,5.0,8.1,,227.0,435.0,4.7,9.0,LE SUEUR
2003-02-01,8.4,,,,,,,,14736,,,,,,,,,,,,,,,,,,,,,,,,,,,,,,,,,,,,,,,,,,,,,,,,LE SUEUR
2003-03-01,8.4,,,,,,,,14782,,,,,,,,,,,,,,,,,,,,,,,,,,,,,,,,,,,,,,,,,,,,,,,,LE SUEUR
2003-04-01,7.2,,,,,,,,14836,,,,,,,,,,,,,24.140375753278974,,,,,,,,,,,635.0,,,,,,,,,,,,,,,,,,,,,,,,LE SUEUR
2003-05-01,5.4,,,,,,,,14715,,,,,,,,,,,,,,,,,,,,,,,,,,,,,,,,,,,,,,,,,,,,,,,,LE SUEUR
2003-06-01,5.7,,,,,,,,15165,,,,,,,,,,,,,,,,,,,,,,,,,,,,,,,,,,,,,,,,,,,,,,,,LE SUEUR
2003-07-01,5.6,,,,,,,,14869,,,,,,,,,,,,,23.82826475849732,,,,,,,,,,,639.0,,,,,,,,,,,,,,,,,,,,,,,,LE SUEUR
2003-08-01,5.0,,,,,,,,14899,,,,,,,,,,,,,,,,,,,,,,,,,,,,,,,,,,,,,,,,,,,,,,,,LE SUEUR
2003-09-01,5.1,,,,,,,,14737,,,,,,,,,,,,,,,,,,,,,,,,,,,,,,,,,,,,,,,,,,,,,,,,LE SUEUR
2003-10-01,4.7,,,,,,,,14723,,,,,,,,,,,,,24.820916905444125,,,,,,,,,,,631.0,,,,,,,,,,,,,,,,,,,,,,,,LE SUEUR
2003-11-01,5.2,,,,,,,,14579,,,,,,,,,,,,,,,,,,,,,,,,,,,,,,,,,,,,,,,,,,,,,,,,LE SUEUR
2003-12-01,7.0,,,,,,,,14568,,,,,,,,,,,,,,,,,,,,,,,,,,,,,,,,,,,,,,,,,,,,,,,,LE SUEUR
2004-01-01,8.9,26.894000000000002,,,29973.0,48655.0,859.0,,14471,,,803602.0,,,,308.1,6377.0,27407.0,,283.1,124.69,25.51425478166727,4736.0,528.0,,1810.0,,,,8.3,,,614.0,6.6,359.0,249.0,,,7.6,45702.0,51798.0,,377.0,679.0,1368.0,2252.0,,5.9,10.6,5.0,8.2,,237.0,481.0,5.0,10.2,LE SUEUR
2004-02-01,8.3,,,,,,,,14359,,,,,,,,,,,,,,,,,,,,,,,,,,,,,,,,,,,,,,,,,,,,,,,,LE SUEUR
2004-03-01,8.4,,,,,,,,14428,,,,,,,,,,,,,,,,,,,,,,,,,,,,,,,,,,,,,,,,,,,,,,,,LE SUEUR
2004-04-01,6.0,,,,,,,,14428,,,,,,,,,,,,,25.31411677753141,,,,,,,,,,,626.0,,,,,,,,,,,,,,,,,,,,,,,,LE SUEUR
2004-05-01,4.7,,,,,,,,14355,,,,,,,,,,,,,,,,,,,,,,,,,,,,,,,,,,,,,,,,,,,,,,,,LE SUEUR
2004-06-01,5.1,,,,,,,,14811,,,,,,,,,,,,,,,,,,,,,,,,,,,,,,,,,,,,,,,,,,,,,,,,LE SUEUR
2004-07-01,4.7,,,,,,,,14674,,,,,,,,,,,,,24.31387707769617,,,,,,,,,,,634.0,,,,,,,,,,,,,,,,,,,,,,,,LE SUEUR
2004-08-01,4.5,,,,,,,,14723,,,,,,,,,,,,,,,,,,,,,,,,,,,,,,,,,,,,,,,,,,,,,,,,LE SUEUR
2004-09-01,4.4,,,,,,,,14589,,,,,,,,,,,,,,,,,,,,,,,,,,,,,,,,,,,,,,,,,,,,,,,,LE SUEUR
2004-10-01,4.0,,,,,,,,14508,,,,,,,,,,,,,24.255952380952376,,,,,,,,,,,640.0,,,,,,,,,,,,,,,,,,,,,,,,LE SUEUR
2004-11-01,4.2,,,,,,,,14230,,,,,,,,,,,,,,,,,,,,,,,,,,,,,,,,,,,,,,,,,,,,,,,,LE SUEUR
2004-12-01,5.8,,,,,,,,14287,,,,,,,,,,,,,,,,,,,,,,,,,,,,,,,,,,,,,,,,,,,,,,,,LE SUEUR
2005-01-01,8.1,27.113000000000003,,,29736.0,51965.0,741.0,,14096,,,803339.0,,,,293.3,6269.0,27081.0,,270.7,138.25,23.59848484848485,4679.0,551.0,,2015.0,,,,8.8,,,628.0,7.4,363.0,228.0,,169.0,7.8,48513.0,55417.0,,424.0,677.0,1630.0,2400.0,,6.8,10.8,6.0,8.9,,273.0,453.0,5.8,9.7,LE SUEUR
2005-02-01,8.0,,,,,,,,14133,,,,,,,,,,,,,,,,,,,,,,,,,,,,,,,,,,,,,,,,,,,,,,,,LE SUEUR
2005-03-01,8.1,,,,,,,,14105,,,,,,,,,,,,,,,,,,,,,,,,,,,,,,,,,,,,,,,,,,,,,,,,LE SUEUR
2005-04-01,5.8,,,,,,,,14093,,,,,,,,,,,,,22.709776751347192,,,,,,,,,,,652.0,,,,,,,,,,,,,,,,,,,,,,,,LE SUEUR
2005-05-01,4.4,,,,,,,,14061,,,,,,,,,,,,,,,,,,,,,,,,,,,,,,,,,,,,,,,,,,,,,,,,LE SUEUR
2005-06-01,4.4,,,,,,,,14519,,,,,,,,,,,,,,,,,,,,,,,,,,,,,,,,,,,,,,,,,,,,,,,,LE SUEUR
2005-07-01,4.1,,,,,,,,14346,,,,,,,,,,,,,23.59858878871031,,,,,,,,,,,664.0,,,,,,,,,,,,,,,,,,,,,,,,LE SUEUR
2005-08-01,3.8,,,,,,,,14407,,,,,,,,,,,,,,,,,,,,,,,,,,,,,,,,,,,,,,,,,,,,,,,,LE SUEUR
2005-09-01,4.2,,,,,,,,14324,,,,,,,,,,,,,,,,,,,,,,,,,,,,,,,,,,,,,,,,,,,,,,,,LE SUEUR
2005-10-01,3.7,,,,,,,,14192,,,,,,,,,,,,,23.35282651072125,,,,,,,,,,,681.0,,,,,,,,,,,,,,,,,,,,,,,,LE SUEUR
2005-11-01,4.4,,,,,,,,13927,,,,,,,,,,,,,,,,,,,,,,,,,,,,,,,,,,,,,,,,,,,,,,,,LE SUEUR
2005-12-01,6.3,,,,,,,,14028,,,,,,,,,,,,,,,,,,,,,,,,,,,,,,,,,,,,,,,,,,,,,,,,LE SUEUR
2006-01-01,8.0,27.598000000000003,,,30502.0,52695.0,832.0,,14185,,,838185.0,,,,245.7,6406.0,27568.0,,224.1,142.02,24.02078337330136,4702.0,502.0,,1640.0,,,,7.8,,,678.0,5.9,338.0,129.0,,120.0,7.2,49161.0,56228.0,,395.0,609.0,1311.0,1970.0,,6.2,9.5,4.8,7.1,,259.0,417.0,5.5,8.9,LE SUEUR
2006-02-01,8.1,,,,,,,,14210,,,,,,,,,,,,,,,,,,,,,,,,,,,,,,,,,,,,,,,,,,,,,,,,LE SUEUR
2006-03-01,7.5,,,,,,,,14197,,,,,,,,,,,,,,,,,,,,,,,,,,,,,,,,,,,,,,,,,,,,,,,,LE SUEUR
2006-04-01,5.6,,,,,,,,14073,,,,,,,,,,,,,23.475851148060173,,,,,,,,,,,678.0,,,,,,,,,,,,,,,,,,,,,,,,LE SUEUR
2006-05-01,3.8,,,,,,,,13949,,,,,,,,,,,,,,,,,,,,,,,,,,,,,,,,,,,,,,,,,,,,,,,,LE SUEUR
2006-06-01,4.2,,,,,,,,14242,,,,,,,,,,,,,,,,,,,,,,,,,,,,,,,,,,,,,,,,,,,,,,,,LE SUEUR
2006-07-01,4.1,,,,,,,,14326,,,,,,,,,,,,,23.400936037441497,,,,,,,,,,,673.0,,,,,,,,,,,,,,,,,,,,,,,,LE SUEUR
2006-08-01,3.8,,,,,,,,14173,,,,,,,,,,,,,,,,,,,,,,,,,,,,,,,,,,,,,,,,,,,,,,,,LE SUEUR
2006-09-01,4.0,,,,,,,,14289,,,,,,,,,,,,,,,,,,,,,,,,,,,,,,,,,,,,,,,,,,,,,,,,LE SUEUR
2006-10-01,3.9,,,,,,,,14263,,,,,,,,,,,,,23.580786026200872,,,,,,,,,,,679.0,,,,,,,,,,,,,,,,,,,,,,,,LE SUEUR
2006-11-01,4.7,,,,,,,,13968,,,,,,,,,,,,,,,,,,,,,,,,,,,,,,,,,,,,,,,,,,,,,,,,LE SUEUR
2006-12-01,6.9,,,,,,,,14094,,,,,,,,,,,,,,,,,,,,,,,,,,,,,,,,,,,,,,,,,,,,,,,,LE SUEUR
2007-01-01,8.9,28.033,,,31925.0,55984.0,972.0,,14122,,,889745.0,,,,311.0,6609.0,27708.0,,272.2,139.47,24.1640127388535,4796.0,599.0,,2067.0,,,,9.1,,,694.0,7.5,383.0,88.0,,126.0,8.0,52346.0,59623.0,,455.0,742.0,1640.0,2493.0,,6.9,11.2,5.9,9.0,,288.0,478.0,6.0,10.0,LE SUEUR
2007-02-01,8.5,,,,,,,,14140,,,,,,,,,,,,,,,,,,,,,,,,,,,,,,,,,,,,,,,,,,,,,,,,LE SUEUR
2007-03-01,8.2,,,,,,,,14138,,,,,,,,,,,,,,,,,,,,,,,,,,,,,,,,,,,,,,,,,,,,,,,,LE SUEUR
2007-04-01,7.1,,,,,,,,14125,,,,,,,,,,,,,23.536299765807968,,,,,,,,,,,711.0,,,,,,,,,,,,,,,,,,,,,,,,LE SUEUR
2007-05-01,4.9,,,,,,,,13988,,,,,,,,,,,,,,,,,,,,,,,,,,,,,,,,,,,,,,,,,,,,,,,,LE SUEUR
2007-06-01,5.1,,,,,,,,14350,,,,,,,,,,,,,,,,,,,,,,,,,,,,,,,,,,,,,,,,,,,,,,,,LE SUEUR
2007-07-01,5.0,,,,,,,,14368,,,,,,,,,,,,,23.889321901792673,,,,,,,,,,,714.0,,,,,,,,,,,,,,,,,,,,,,,,LE SUEUR
2007-08-01,4.8,,,,,,,,14206,,,,,,,,,,,,,,,,,,,,,,,,,,,,,,,,,,,,,,,,,,,,,,,,LE SUEUR
2007-09-01,4.8,,,,,,,,14237,,,,,,,,,,,,,,,,,,,,,,,,,,,,,,,,,,,,,,,,,,,,,,,,LE SUEUR
2007-10-01,4.4,,,,,,,,14338,,,,,,,,,,,,,24.146147736298648,,,,,,,,,,,717.0,,,,,,,,,,,,,,,,,,,,,,,,LE SUEUR
2007-11-01,4.9,,,,,,,,14015,,,,,,,,,,,,,,,,,,,,,,,,,,,,,,,,,,,,,,,,,,,,,,,,LE SUEUR
2007-12-01,7.3,,,,,,,,14167,,,,,,,,,,,,,,,,,,,,,,,,,,,,,,,,,,,,,,,,,,,,,,,,LE SUEUR
2008-01-01,9.0,28.011999999999997,,,35621.0,56755.0,1151.0,,14189,,,990836.0,,,,296.3,6528.0,27725.0,,253.9,133.2,25.13281569268492,4654.0,641.0,36.709999918937704,2132.0,,,,9.8,,,684.0,7.7,407.0,47.0,,,8.7,52810.0,60700.0,,506.0,777.0,1748.0,2516.0,,7.8,11.9,6.3,9.1,,314.0,500.0,6.7,10.7,LE SUEUR
2008-02-01,9.1,,,,,,,,14190,,,,,,,,,,,,,,,,,,,,,,,,,,,,,,,,,,,,,,,,,,,,,,,,LE SUEUR
2008-03-01,9.0,,,,,,,,14281,,,,,,,,,,,,,,,,,,,,,,,,,,,,,,,,,,,,,,,,,,,,,,,,LE SUEUR
2008-04-01,8.0,,,,,,,,14375,,,,,,,,,,,,,25.755102040816325,,,,,,,,,,,684.0,,,,,,,,,,,,,,,,,,,,,,,,LE SUEUR
2008-05-01,6.2,,,,,,,,14329,,,,,,,,,,,,,,,,,,,,,,,,,,,,,,,,,,,,,,,,,,,,,,,,LE SUEUR
2008-06-01,6.4,,,,,,,,14729,,,,,,,,,,,,,,,,,,,,,,,,,,,,,,,,,,,,,,,,,,,,,,,,LE SUEUR
2008-07-01,6.2,,,,,,,,14462,,,,,,,,,,,,,25.900720576461172,,,,,,,,,,,684.0,,,,,,,,,,,,,,,,,,,,,,,,LE SUEUR
2008-08-01,6.0,,,,,,,,14363,,,,,,,,,,,,,,,,,,,,,,,,,,,,,,,,,,,,,,,,,,,,,,,,LE SUEUR
2008-09-01,6.0,,,,,,,,14320,,,,,,,,,,,,,,,,,,,,,,,,,,,,,,,,,,,,,,,,,,,,,,,,LE SUEUR
2008-10-01,5.7,,,,,,,,14412,,,,,,,,,,,,,26.15384615384616,,,,,,,,,,,683.0,,,,,,,,,,,,,,,,,,,,,,,,LE SUEUR
2008-11-01,7.2,,,,,,,,14277,,,,,,,,,,,,,,,,,,,,,,,,,,,,,,,,,,,,,,,,,,,,,,,,LE SUEUR
2008-12-01,9.6,,,,,,,,14415,,,,,,,,,,,,,,,,,,,,,,,,,,,,,,,,,,,,,,,,,,,,,,,,LE SUEUR
2009-01-01,12.0,27.958000000000002,39.7,25916.0,34742.0,53213.0,1405.0,,14579,-257.0,29.866800432165466,963387.0,4.790419161676646,,87.19494266392236,308.7,6803.0,27722.0,24.37868101505126,265.0,124.42,25.56124458448208,4933.0,730.0,46.54999995231629,2326.0,,,,10.7,107.0,1353.0,644.0,8.4,477.0,37.0,90.0,116.0,9.7,49967.0,56459.0,107.0,571.0,890.0,1875.0,2776.0,22.419825072886294,8.4,13.1,6.8,10.0,28.8,365.0,589.0,7.4,11.9,LE SUEUR
2009-02-01,13.0,,,,,,,,14496,,,,,,,,,,,,,,,,,,,,,,,,,,,,,,,,,,,,,,,,,,,,,,,,LE SUEUR
2009-03-01,13.2,,,,,,,,14519,,,,,,,,,,,,,,,,,,,,,,,,,,,,,,,,,,,,,,,,,,,,,,,,LE SUEUR
2009-04-01,11.5,,,,,,,,14587,,,,,,,,,,,,,24.863813229571985,,,,,,,,,,,653.0,,,,,,,,,,,,,,,,,,,,,,,,LE SUEUR
2009-05-01,9.9,,,,,,,,14342,,,,,,,,,,,,,,,,,,,,,,,,,,,,,,,,,,,,,,,,,,,,,,,,LE SUEUR
2009-06-01,10.1,,,,,,,,14644,,,,,,,,,,,,,,,,,,,,,,,,,,,,,,,,,,,,,,,,,,,,,,,,LE SUEUR
2009-07-01,9.7,,,,,,,,14539,,,,,,,,,,,,,25.491708445815657,,,,,,,,,,,651.0,,,,,,,,,,,,,,,,,,,,,,,,LE SUEUR
2009-08-01,9.3,,,,,,,,14430,,,,,,,,,,,,,,,,,,,,,,,,,,,,,,,,,,,,,,,,,,,,,,,,LE SUEUR
2009-09-01,9.1,,,,,,,,14291,,,,,,,,,,,,,,,,,,,,,,,,,,,,,,,,,,,,,,,,,,,,,,,,LE SUEUR
2009-10-01,9.0,,,,,,,,14374,,,,,,,,,,,,,26.577812622500982,,,,,,,,,,,653.0,,,,,,,,,,,,,,,,,,,,,,,,LE SUEUR
2009-11-01,9.2,,,,,,,,14159,,,,,,,,,,,,,,,,,,,,,,,,,,,,,,,,,,,,,,,,,,,,,,,,LE SUEUR
2009-12-01,11.0,,,,,,,,14165,,,,,,,,,,,,,,,,,,,,,,,,,,,,,,,,,,,,,,,,,,,,,,,,LE SUEUR
2010-01-01,11.6,27.733,39.4,25793.0,34624.0,55946.0,1646.0,8.524806720642845,15831,-246.0,24.41300228361317,959088.0,3.04077401520387,32.056872037914694,85.72368902216047,320.6,6958.0,27426.0,24.390481692785443,267.8,113.93,25.12740101920815,5084.0,813.0,40.6299999952316,2515.0,21.2,,89.0,11.7,110.0,1398.0,636.0,9.2,545.0,35.0,112.0,119.0,10.7,52058.0,59834.0,95.0,640.0,986.0,2037.0,2993.0,24.615384615384613,9.2,14.2,7.5,10.9,30.000000000000004,428.0,662.0,8.4,13.0,LE SUEUR
2010-02-01,11.3,,,,,,,,15950,,,,,,,,,,,,,,,,,,,,,,,,,,,,,,,,,,,,,,,,,,,,,,,,LE SUEUR
2010-03-01,11.4,,,,,,,,16000,,,,,,,,,,,,,,,,,,,,,,,,,,,,,,,,,,,,,,,,,,,,,,,,LE SUEUR
2010-04-01,9.2,,,,,,,,15857,,,,,,,,,,,,,24.583817266744088,,,,,,,,,,,635.0,,,,,,,,,,,,,,,,,,,,,,,,LE SUEUR
2010-05-01,8.3,,,,,,,,15763,,,,,,,,,,,,,,,,,,,,,,,,,,,,,,,,,,,,,,,,,,,,,,,,LE SUEUR
2010-06-01,8.1,,,,,,,,15641,,,,,,,,,,,,,,,,,,,,,,,,,,,,,,,,,,,,,,,,,,,,,,,,LE SUEUR
2010-07-01,7.8,,,,,,,,15690,,,,,,,,,,,,,24.509426702577912,,,,,,,,,,,639.0,,,,,,,,,,,,,,,,,,,,,,,,LE SUEUR
2010-08-01,7.6,,,,,,,,15565,,,,,,,,,,,,,,,,,,,,,,,,,,,,,,,,,,,,,,,,,,,,,,,,LE SUEUR
2010-09-01,7.4,,,,,,,,15454,,,,,,,,,,,,,,,,,,,,,,,,,,,,,,,,,,,,,,,,,,,,,,,,LE SUEUR
2010-10-01,6.9,,,,,,,,15483,,,,,,,,,,,,,25.249042145593872,,,,,,,,,,,640.0,,,,,,,,,,,,,,,,,,,,,,,,LE SUEUR
2010-11-01,7.3,,,,,,,,15580,,,,,,,,,,,,,,,,,,,,,,,,,,,,,,,,,,,,,,,,,,,,,,,,LE SUEUR
2010-12-01,9.0,,,,,,,,15764,,,,,,,,,,,,,,,,,,,,,,,,,,,,,,,,,,,,,,,,,,,,,,,,LE SUEUR
2011-01-01,10.3,27.78,39.5,25757.0,37235.0,54468.0,2040.0,8.593161028915219,15819,-209.0,27.900133797552705,1035442.0,6.962025316455697,33.171912832929785,84.58318165271206,273.9,6851.0,27379.0,24.447125932426506,220.5,109.89,24.952235384027514,5067.0,767.0,40.7399999997579,2462.0,21.3,,90.4,11.2,168.0,1438.0,632.0,9.0,505.0,35.0,49.0,116.0,10.0,50410.0,58526.0,115.0,599.0,935.0,2027.0,2897.0,27.313391109868608,8.7,13.7,7.4,10.6,30.700000000000006,384.0,626.0,7.6,12.4,LE SUEUR
2011-02-01,9.8,,,,,,,,15834,,,,,,,,,,,,,,,,,,,,,,,,,,,,,,,,,,,,,,,,,,,,,,,,LE SUEUR
2011-03-01,9.8,,,,,,,,15903,,,,,,,,,,,,,,,,,,,,,,,,,,,,,,,,,,,,,,,,,,,,,,,,LE SUEUR
2011-04-01,8.2,,,,,,,,15769,,,,,,,,,,,,,24.230915305734907,,,,,,,,,,,636.0,,,,,,,,,,,,,,,,,,,,,,,,LE SUEUR
2011-05-01,7.1,,,,,,,,15707,,,,,,,,,,,,,,,,,,,,,,,,,,,,,,,,,,,,,,,,,,,,,,,,LE SUEUR
2011-06-01,7.1,,,,,,,,15645,,,,,,,,,,,,,,,,,,,,,,,,,,,,,,,,,,,,,,,,,,,,,,,,LE SUEUR
2011-07-01,7.4,,,,,,,,15777,,,,,,,,,,,,,24.46969696969697,,,,,,,,,,,637.0,,,,,,,,,,,,,,,,,,,,,,,,LE SUEUR
2011-08-01,6.5,,,,,,,,15596,,,,,,,,,,,,,,,,,,,,,,,,,,,,,,,,,,,,,,,,,,,,,,,,LE SUEUR
2011-09-01,6.0,,,,,,,,15452,,,,,,,,,,,,,,,,,,,,,,,,,,,,,,,,,,,,,,,,,,,,,,,,LE SUEUR
2011-10-01,5.8,,,,,,,,15493,,,,,,,,,,,,,24.229745150247243,,,,,,,,,,,641.0,,,,,,,,,,,,,,,,,,,,,,,,LE SUEUR
2011-11-01,5.7,,,,,,,,15516,,,,,,,,,,,,,,,,,,,,,,,,,,,,,,,,,,,,,,,,,,,,,,,,LE SUEUR
2011-12-01,7.2,,,,,,,,15694,,,,,,,,,,,,,,,,,,,,,,,,,,,,,,,,,,,,,,,,,,,,,,,,LE SUEUR
2012-01-01,8.8,27.659000000000002,40.2,25706.0,40127.0,58326.0,2031.0,9.10817067067067,15588,-228.0,26.492672219757925,1109244.0,5.847520355292376,33.29311304993503,84.8403189978515,299.3,6801.0,27410.0,24.708305987019614,239.9,107.23,24.25287356321839,5059.0,713.0,38.1329999999143,2203.0,21.9,9.1,90.8,10.5,118.0,1449.0,630.0,8.0,480.0,44.0,110.0,121.0,9.5,55454.0,61198.0,90.0,557.0,869.0,1797.0,2609.0,25.4606365159129,8.2,12.8,6.5,9.5,31.3,369.0,591.0,7.3,11.7,LE SUEUR
2012-02-01,8.6,,,,,,,,15604,,,,,,,,,,,,,,,,,,,,,,,,,,,,,,,,,,,,,,,,,,,,,,,,LE SUEUR
2012-03-01,8.3,,,,,,,,15611,,,,,,,,,,,,,,,,,,,,,,,,,,,,,,,,,,,,,,,,,,,,,,,,LE SUEUR
2012-04-01,6.4,,,,,,,,15424,,,,,,,,,,,,,23.149905123339657,,,,,,,,,,,632.0,,,,,,,,,,,,,,,,,,,,,,,,LE SUEUR
2012-05-01,5.6,,,,,,,,15424,,,,,,,,,,,,,,,,,,,,,,,,,,,,,,,,,,,,,,,,,,,,,,,,LE SUEUR
2012-06-01,6.1,,,,,,,,15503,,,,,,,,,,,,,,,,,,,,,,,,,,,,,,,,,,,,,,,,,,,,,,,,LE SUEUR
2012-07-01,6.1,,,,,,,,15606,,,,,,,,,,,,,23.779113448534932,,,,,,,,,,,637.0,,,,,,,,,,,,,,,,,,,,,,,,LE SUEUR
2012-08-01,5.8,,,,,,,,15431,,,,,,,,,,,,,,,,,,,,,,,,,,,,,,,,,,,,,,,,,,,,,,,,LE SUEUR
2012-09-01,5.2,,,,,,,,15316,,,,,,,,,,,,,,,,,,,,,,,,,,,,,,,,,,,,,,,,,,,,,,,,LE SUEUR
2012-10-01,5.1,,,,,,,,15391,,,,,,,,,,,,,23.82930513595166,,,,,,,,,,,635.0,,,,,,,,,,,,,,,,,,,,,,,,LE SUEUR
2012-11-01,5.2,,,,,,,,15402,,,,,,,,,,,,,,,,,,,,,,,,,,,,,,,,,,,,,,,,,,,,,,,,LE SUEUR
2012-12-01,6.8,,,,,,,,15556,,,,,,,,,,,,,,,,,,,,,,,,,,,,,,,,,,,,,,,,,,,,,,,,LE SUEUR
2013-01-01,8.6,27.701999999999998,40.6,25663.0,40736.0,60190.0,2211.0,8.964279324944838,15653,-308.0,34.52778468852194,1126352.0,5.686125852918877,31.25232948192322,83.843574604563,318.5,6851.0,27502.0,24.853243322571178,264.1,111.4,23.01915133308299,5120.0,765.0,33.8679999997839,2435.0,22.3,8.8,90.2,11.2,121.0,1480.0,633.0,8.9,520.0,50.0,115.0,122.0,10.2,57224.0,63156.0,102.0,591.0,939.0,1973.0,2897.0,26.63472378804961,8.7,13.7,7.2,10.6,32.1,383.0,657.0,7.5,12.9,LE SUEUR
2013-02-01,8.1,,,,,,,,15586,,,,,,,,,,,,,,,,,,,,,,,,,,,,,,,,,,,,,,,,,,,,,,,,LE SUEUR
2013-03-01,8.0,,,,,,,,15573,,,,,,,,,,,,,,,,,,,,,,,,,,,,,,,,,,,,,,,,,,,,,,,,LE SUEUR
2013-04-01,7.0,,,,,,,,15569,,,,,,,,,,,,,22.238805970149254,,,,,,,,,,,640.0,,,,,,,,,,,,,,,,,,,,,,,,LE SUEUR
2013-05-01,5.6,,,,,,,,15438,,,,,,,,,,,,,,,,,,,,,,,,,,,,,,,,,,,,,,,,,,,,,,,,LE SUEUR
2013-06-01,5.8,,,,,,,,15511,,,,,,,,,,,,,,,,,,,,,,,,,,,,,,,,,,,,,,,,,,,,,,,,LE SUEUR
2013-07-01,5.4,,,,,,,,15584,,,,,,,,,,,,,22.082132564841494,,,,,,,,,,,647.0,,,,,,,,,,,,,,,,,,,,,,,,LE SUEUR
2013-08-01,4.9,,,,,,,,15453,,,,,,,,,,,,,,,,,,,,,,,,,,,,,,,,,,,,,,,,,,,,,,,,LE SUEUR
2013-09-01,4.4,,,,,,,,15317,,,,,,,,,,,,,,,,,,,,,,,,,,,,,,,,,,,,,,,,,,,,,,,,LE SUEUR
2013-10-01,4.2,,,,,,,,15307,,,,,,,,,,,,,22.473498233215548,,,,,,,,,,,637.0,,,,,,,,,,,,,,,,,,,,,,,,LE SUEUR
2013-11-01,4.6,,,,,,,,15387,,,,,,,,,,,,,,,,,,,,,,,,,,,,,,,,,,,,,,,,,,,,,,,,LE SUEUR
2013-12-01,6.3,,,,,,,,15594,,,,,,,,,,,,,,,,,,,,,,,,,,,,,,,,,,,,,,,,,,,,,,,,LE SUEUR
2014-01-01,8.0,27.804000000000002,40.8,25556.0,42318.0,61665.0,2054.0,9.401895444818097,15590,-481.0,39.763179307549976,1173635.0,5.518763796909492,29.23894795747063,84.0880020465592,251.8,6719.0,27480.0,24.98682573373344,189.9,113.45,22.245688137979585,5120.0,730.0,37.5779999997467,2434.0,21.6,9.1,90.3,10.9,128.0,1508.0,645.0,8.9,515.0,44.0,136.0,67.0,10.1,59235.0,64095.0,106.0,564.0,896.0,1982.0,2886.0,27.33564013840831,8.4,13.4,7.3,10.5,32.6,397.0,633.0,7.8,12.4,LE SUEUR
2014-02-01,7.9,,,,,,,,15589,,,,,,,,,,,,,,,,,,,,,,,,,,,,,,,,,,,,,,,,,,,,,,,,LE SUEUR
2014-03-01,7.8,,,,,,,,15620,,,,,,,,,,,,,,,,,,,,,,,,,,,,,,,,,,,,,,,,,,,,,,,,LE SUEUR
2014-04-01,6.1,,,,,,,,15446,,,,,,,,,,,,,21.47723198278953,,,,,,,,,,,652.0,,,,,,,,,,,,,,,,,,,,,,,,LE SUEUR
2014-05-01,4.6,,,,,,,,15298,,,,,,,,,,,,,,,,,,,,,,,,,,,,,,,,,,,,,,,,,,,,,,,,LE SUEUR
2014-06-01,4.8,,,,,,,,15413,,,,,,,,,,,,,,,,,,,,,,,,,,,,,,,,,,,,,,,,,,,,,,,,LE SUEUR
2014-07-01,4.4,,,,,,,,15563,,,,,,,,,,,,,21.369006254343294,,,,,,,,,,,655.0,,,,,,,,,,,,,,,,,,,,,,,,LE SUEUR
2014-08-01,4.1,,,,,,,,15442,,,,,,,,,,,,,,,,,,,,,,,,,,,,,,,,,,,,,,,,,,,,,,,,LE SUEUR
2014-09-01,3.8,,,,,,,,15299,,,,,,,,,,,,,,,,,,,,,,,,,,,,,,,,,,,,,,,,,,,,,,,,LE SUEUR
2014-10-01,3.3,,,,,,,,15381,,,,,,,,,,,,,22.61946902654867,,,,,,,,,,,648.0,,,,,,,,,,,,,,,,,,,,,,,,LE SUEUR
2014-11-01,4.1,,,,,,,,15498,,,,,,,,,,,,,,,,,,,,,,,,,,,,,,,,,,,,,,,,,,,,,,,,LE SUEUR
2014-12-01,5.7,,,,,,,,15668,,,,,,,,,,,,,,,,,,,,,,,,,,,,,,,,,,,,,,,,,,,,,,,,LE SUEUR
2015-01-01,7.0,27.717,41.3,25460.0,43674.0,62672.0,1950.0,9.645718106120462,15642,-531.0,41.646800197943726,1206700.0,5.038167938931298,28.65773079101378,84.45013723696248,346.1,6649.0,27378.0,24.97458001768346,267.7,117.51,21.996434937611408,5083.0,726.0,35.008999999612605,2336.0,21.2,9.1,90.6,10.9,134.0,1542.0,644.0,8.5,478.0,52.0,140.0,82.0,9.4,57998.0,67346.0,104.0,577.0,875.0,1862.0,2810.0,27.302929628511023,8.7,13.1,6.8,10.2,32.4,366.0,590.0,7.2,11.6,LE SUEUR
2015-02-01,6.8,,,,,,,,15580,,,,,,,,,,,,,,,,,,,,,,,,,,,,,,,,,,,,,,,,,,,,,,,,LE SUEUR
2015-03-01,6.8,,,,,,,,15674,,,,,,,,,,,,,,,,,,,,,,,,,,,,,,,,,,,,,,,,,,,,,,,,LE SUEUR
2015-04-01,5.1,,,,,,,,15482,,,,,,,,,,,,,21.303883149269684,,,,,,,,,,,647.0,,,,,,,,,,,,,,,,,,,,,,,,LE SUEUR
2015-05-01,4.1,,,,,,,,15393,,,,,,,,,,,,,,,,,,,,,,,,,,,,,,,,,,,,,,,,,,,,,,,,LE SUEUR
2015-06-01,4.2,,,,,,,,15531,,,,,,,,,,,,,,,,,,,,,,,,,,,,,,,,,,,,,,,,,,,,,,,,LE SUEUR
2015-07-01,4.0,,,,,,,,15596,,,,,,,,,,,,,21.230658510255488,,,,,,,,,,,641.0,,,,,,,,,,,,,,,,,,,,,,,,LE SUEUR
2015-08-01,3.7,,,,,,,,15471,,,,,,,,,,,,,,,,,,,,,,,,,,,,,,,,,,,,,,,,,,,,,,,,LE SUEUR
2015-09-01,3.2,,,,,,,,15276,,,,,,,,,,,,,,,,,,,,,,,,,,,,,,,,,,,,,,,,,,,,,,,,LE SUEUR
2015-10-01,3.3,,,,,,,,15492,,,,,,,,,,,,,21.525302922309336,,,,,,,,,,,645.0,,,,,,,,,,,,,,,,,,,,,,,,LE SUEUR
2015-11-01,3.6,,,,,,,,15498,,,,,,,,,,,,,,,,,,,,,,,,,,,,,,,,,,,,,,,,,,,,,,,,LE SUEUR
2015-12-01,5.8,,,,,,,,15807,,,,,,,,,,,,,,,,,,,,,,,,,,,,,,,,,,,,,,,,,,,,,,,,LE SUEUR
2016-01-01,6.9,27.714000000000002,41.5,25380.0,44382.0,63451.0,,10.32564982834723,15735,,45.13159293513752,1224557.0,1.4251781472684086,26.245720806390263,84.60861594867094,350.8,6533.0,27297.0,25.547260075384173,267.8,122.69,19.949676491732568,4904.0,698.0,,2289.0,21.4,8.5,90.8,10.7,125.0,1553.0,640.0,8.4,476.0,59.0,190.0,114.0,9.7,58928.0,67974.0,95.0,562.0,834.0,1882.0,2696.0,25.78365089121082,8.6,12.8,6.9,9.9,33.2,376.0,576.0,7.7,11.7,LE SUEUR
2016-02-01,6.7,,,,,,,,15680,,,,,,,,,,,,,,,,,,,,,,,,,,,,,,,,,,,,,,,,,,,,,,,,LE SUEUR
2016-03-01,6.9,,,,,,,,15757,,,,,,,,,,,,,,,,,,,,,,,,,,,,,,,,,,,,,,,,,,,,,,,,LE SUEUR
2016-04-01,5.2,,,,,,,,15573,,,,,,,,,,,,,19.307109346806207,,,,,,,,,,,648.0,,,,,,,,,,,,,,,,,,,,,,,,LE SUEUR
2016-05-01,3.7,,,,,,,,15394,,,,,,,,,,,,,,,,,,,,,,,,,,,,,,,,,,,,,,,,,,,,,,,,LE SUEUR
2016-06-01,4.1,,,,,,,,15520,,,,,,,,,,,,,,,,,,,,,,,,,,,,,,,,,,,,,,,,,,,,,,,,LE SUEUR
2016-07-01,3.9,,,,,,,,15655,,,,,,,,,,,,,20.07168458781362,,,,,,,,,,,652.0,,,,,,,,,,,,,,,,,,,,,,,,LE SUEUR
2016-08-01,3.9,,,,,,,,15560,,,,,,,,,,,,,,,,,,,,,,,,,,,,,,,,,,,,,,,,,,,,,,,,LE SUEUR
2016-09-01,3.6,,,,,,,,15422,,,,,,,,,,,,,,,,,,,,,,,,,,,,,,,,,,,,,,,,,,,,,,,,LE SUEUR
2016-10-01,3.5,,,,,,,,15552,,,,,,,,,,,,,19.920606279321547,,,,,,,,,,,653.0,,,,,,,,,,,,,,,,,,,,,,,,LE SUEUR
2016-11-01,3.9,,,,,,,,15625,,,,,,,,,,,,,,,,,,,,,,,,,,,,,,,,,,,,,,,,,,,,,,,,LE SUEUR
2016-12-01,6.2,,,,,,,,15916,,,,,,,,,,,,,,,,,,,,,,,,,,,,,,,,,,,,,,,,,,,,,,,,LE SUEUR
2017-01-01,7.5,28.111,,,,,,,16044,,,,,,,,,,,,126.32,19.80796586059744,,,,,,,,,,,653.0,,,79.0,,103.0,,,,,,,,,,,,,,,,,,,LE SUEUR
2017-02-01,7.2,,,,,,,,15979,,,,,,,,,,,,,,,,,,,,,,,,,,,,,,,,,,,,,,,,,,,,,,,,LE SUEUR
2017-03-01,6.8,,,,,,,,15966,,,,,,,,,,,,,,,,,,,,,,,,,,,,,,,,,,,,,,,,,,,,,,,,LE SUEUR
2017-04-01,5.1,,,,,,,,15817,,,,,,,,,,,,,19.857397504456326,,,,,,,,,,,664.0,,,,,,,,,,,,,,,,,,,,,,,,LE SUEUR
2017-05-01,3.5,,,,,,,,15605,,,,,,,,,,,,,,,,,,,,,,,,,,,,,,,,,,,,,,,,,,,,,,,,LE SUEUR
2017-06-01,3.6,,,,,,,,15660,,,,,,,,,,,,,,,,,,,,,,,,,,,,,,,,,,,,,,,,,,,,,,,,LE SUEUR
2017-07-01,3.5,,,,,,,,15827,,,,,,,,,,,,,20.480225988700568,,,,,,,,,,,669.0,,,,,,,,,,,,,,,,,,,,,,,,LE SUEUR
2017-08-01,3.5,,,,,,,,15703,,,,,,,,,,,,,,,,,,,,,,,,,,,,,,,,,,,,,,,,,,,,,,,,LE SUEUR
2017-09-01,2.9,,,,,,,,15597,,,,,,,,,,,,,,,,,,,,,,,,,,,,,,,,,,,,,,,,,,,,,,,,LE SUEUR
2017-10-01,2.6,,,,,,,,15668,,,,,,,,,,,,,21.22885743872972,,,,,,,,,,,678.0,,,,,,,,,,,,,,,,,,,,,,,,LE SUEUR
2017-11-01,3.8,,,,,,,,15779,,,,,,,,,,,,,,,,,,,,,,,,,,,,,,,,,,,,,,,,,,,,,,,,LE SUEUR
2017-12-01,5.8,,,,,,,,15986,,,,,,,,,,,,,,,,,,,,,,,,,,,,,,,,,,,,,,,,,,,,,,,,LE SUEUR
2018-01-01,7.7,,,,,,,,16358,,,,,,,,,,,,,19.979296066252587,,,,,,,,,,,680.0,,,,,,,,,,,,,,,,,,,,,,,,LE SUEUR
2018-02-01,6.8,,,,,,,,16300,,,,,,,,,,,,,,,,,,,,,,,,,,,,,,,,,,,,,,,,,,,,,,,,LE SUEUR
2018-03-01,6.5,,,,,,,,16235,,,,,,,,,,,,,,,,,,,,,,,,,,,,,,,,,,,,,,,,,,,,,,,,LE SUEUR
2018-04-01,5.4,,,,,,,,16154,,,,,,,,,,,,,19.428969359331482,,,,,,,,,,,,,,,,,,,,,,,,,,,,,,,,,,,LE SUEUR
2018-05-01,3.1,,,,,,,,15950,,,,,,,,,,,,,,,,,,,,,,,,,,,,,,,,,,,,,,,,,,,,,,,,LE SUEUR
2018-06-01,3.0,,,,,,,,15961,,,,,,,,,,,,,,,,,,,,,,,,,,,,,,,,,,,,,,,,,,,,,,,,LE SUEUR
2018-07-01,2.9,,,,,,,,16118,,,,,,,,,,,,,,,,,,,,,,,,,,,,,,,,,,,,,,,,,,,,,,,,LE SUEUR
2018-08-01,2.6,,,,,,,,15743,,,,,,,,,,,,,,,,,,,,,,,,,,,,,,,,,,,,,,,,,,,,,,,,LE SUEUR
