DATE,MNMARS9URN,PCPI27089,MNMARS9LFN,2020RATIO027089,B01002001E027089,B080ACS027089,B03002012E027089,EQFXSUBPRIME027089,BPPRIV027089,MNMARS9POP,HOWNRATEACS027089,S1101SPHOUSE027089,RACEDISPARITY027089,B03002005E027089,B03002003E027089,B03002006E027089,B03002004E027089,PI27089,B14005DCYACS027089,DP04ACS027089,CDC20N2U027089,USPTOISSUED027089,PUAAMN27089A647NCEN,MNMHLA052SCEN,CDC20N2UAA027089,MHIMN27089A052NCEN,MNMHLA475SCEN,HC01ESTVC1727089,S1701ACS027089,HC01ESTVC1627089,ENU2708920510,MHICILBMN27089A052NCEN,MHICIUBMN27089A052NCEN,PUA0T17MN27089A647NCEN,PUA5T17RMN27089A647NCEN,NETMIGNACS027089,PEAAMN27089A647NCEN,PPAAMN27089A156NCEN,PECILBAAMN27089A647NCEN,PECIUBAAMN27089A647NCEN,PPCILBAAMN27089A156NCEN,DMPCRATE027089,PPCIUBAAMN27089A156NCEN,FBITC027089,S1501ACSTOTAL027089,PE5T17MN27089A647NCEN,PP5T17MN27089A156NCEN,PECILB5T17MN27089A647NCEN,PECIUB5T17MN27089A647NCEN,PPCILB5T17MN27089A156NCEN,CBR27089MNA647NCEN,PEU18MN27089A647NCEN,PPU18MN27089A156NCEN,PECILBU18MN27089A647NCEN,PECIUBU18MN27089A647NCEN,PPCILBU18MN27089A156NCEN,PPCIUB5T17MN27089A156NCEN,PPCIUBU18MN27089A156NCEN,county
1991-01-01,20.4,13121.0,5216,,,,,,4.0,10.862,,,,,,,,142520.0,,,,,,,,,,,,,246.0,,,,,,,,,,,,,,,,,,,,,,,,,,,,MARSHALL
1991-02-01,18.2,,4994,,,,,,,,,,,,,,,,,,,,,,,,,,,,,,,,,,,,,,,,,,,,,,,,,,,,,,,,MARSHALL
1991-03-01,18.4,,5028,,,,,,,,,,,,,,,,,,,,,,,,,,,,,,,,,,,,,,,,,,,,,,,,,,,,,,,,MARSHALL
1991-04-01,14.6,,4971,,,,,,,,,,,,,,,,,,,,,,,,,,,,248.0,,,,,,,,,,,,,,,,,,,,,,,,,,,,MARSHALL
1991-05-01,11.2,,4929,,,,,,,,,,,,,,,,,,,,,,,,,,,,,,,,,,,,,,,,,,,,,,,,,,,,,,,,MARSHALL
1991-06-01,12.3,,4851,,,,,,,,,,,,,,,,,,,,,,,,,,,,,,,,,,,,,,,,,,,,,,,,,,,,,,,,MARSHALL
1991-07-01,11.5,,4630,,,,,,,,,,,,,,,,,,,,,,,,,,,,246.0,,,,,,,,,,,,,,,,,,,,,,,,,,,,MARSHALL
1991-08-01,10.2,,4505,,,,,,,,,,,,,,,,,,,,,,,,,,,,,,,,,,,,,,,,,,,,,,,,,,,,,,,,MARSHALL
1991-09-01,8.2,,4591,,,,,,,,,,,,,,,,,,,,,,,,,,,,,,,,,,,,,,,,,,,,,,,,,,,,,,,,MARSHALL
1991-10-01,6.7,,4630,,,,,,,,,,,,,,,,,,,,,,,,,,,,243.0,,,,,,,,,,,,,,,,,,,,,,,,,,,,MARSHALL
1991-11-01,14.1,,4817,,,,,,,,,,,,,,,,,,,,,,,,,,,,,,,,,,,,,,,,,,,,,,,,,,,,,,,,MARSHALL
1991-12-01,16.6,,4829,,,,,,,,,,,,,,,,,,,,,,,,,,,,,,,,,,,,,,,,,,,,,,,,,,,,,,,,MARSHALL
1992-01-01,18.1,17489.0,4804,,,,,,3.0,10.784,,,,,,,,188606.0,,,,,,,,,2.0,,,,245.0,,,,,,,,,,,,,,,,,,,,,,,,,,,,MARSHALL
1992-02-01,18.1,,4823,,,,,,,,,,,,,,,,,,,,,,,,,,,,,,,,,,,,,,,,,,,,,,,,,,,,,,,,MARSHALL
1992-03-01,17.7,,4781,,,,,,,,,,,,,,,,,,,,,,,,,,,,,,,,,,,,,,,,,,,,,,,,,,,,,,,,MARSHALL
1992-04-01,13.5,,4777,,,,,,,,,,,,,,,,,,,,,,,,,,,,240.0,,,,,,,,,,,,,,,,,,,,,,,,,,,,MARSHALL
1992-05-01,11.5,,4873,,,,,,,,,,,,,,,,,,,,,,,,,,,,,,,,,,,,,,,,,,,,,,,,,,,,,,,,MARSHALL
1992-06-01,13.8,,4819,,,,,,,,,,,,,,,,,,,,,,,,,,,,,,,,,,,,,,,,,,,,,,,,,,,,,,,,MARSHALL
1992-07-01,12.2,,4658,,,,,,,,,,,,,,,,,,,,,,,,,,,,245.0,,,,,,,,,,,,,,,,,,,,,,,,,,,,MARSHALL
1992-08-01,11.4,,4539,,,,,,,,,,,,,,,,,,,,,,,,,,,,,,,,,,,,,,,,,,,,,,,,,,,,,,,,MARSHALL
1992-09-01,9.7,,4679,,,,,,,,,,,,,,,,,,,,,,,,,,,,,,,,,,,,,,,,,,,,,,,,,,,,,,,,MARSHALL
1992-10-01,7.8,,4770,,,,,,,,,,,,,,,,,,,,,,,,,,,,248.0,,,,,,,,,,,,,,,,,,,,,,,,,,,,MARSHALL
1992-11-01,11.0,,4824,,,,,,,,,,,,,,,,,,,,,,,,,,,,,,,,,,,,,,,,,,,,,,,,,,,,,,,,MARSHALL
1992-12-01,15.2,,4893,,,,,,,,,,,,,,,,,,,,,,,,,,,,,,,,,,,,,,,,,,,,,,,,,,,,,,,,MARSHALL
1993-01-01,17.9,13463.0,5071,,,,,,7.0,10.689,,,,,,,,143903.0,,,,,,,,27222.0,,,,,246.0,24718.0,29713.0,,,,1285.0,12.0,1011.0,1559.0,9.4,,14.5,,,320.0,12.8,240.0,401.0,9.6,634.0,461.0,14.6,356.0,566.0,11.3,16.0,17.9,MARSHALL
1993-02-01,17.3,,5009,,,,,,,,,,,,,,,,,,,,,,,,,,,,,,,,,,,,,,,,,,,,,,,,,,,,,,,,MARSHALL
1993-03-01,15.5,,4948,,,,,,,,,,,,,,,,,,,,,,,,,,,,,,,,,,,,,,,,,,,,,,,,,,,,,,,,MARSHALL
1993-04-01,13.6,,4924,,,,,,,,,,,,,,,,,,,,,,,,,,,,247.0,,,,,,,,,,,,,,,,,,,,,,,,,,,,MARSHALL
1993-05-01,11.3,,4979,,,,,,,,,,,,,,,,,,,,,,,,,,,,,,,,,,,,,,,,,,,,,,,,,,,,,,,,MARSHALL
1993-06-01,12.6,,4986,,,,,,,,,,,,,,,,,,,,,,,,,,,,,,,,,,,,,,,,,,,,,,,,,,,,,,,,MARSHALL
1993-07-01,10.6,,4580,,,,,,,,,,,,,,,,,,,,,,,,,,,,244.0,,,,,,,,,,,,,,,,,,,,,,,,,,,,MARSHALL
1993-08-01,9.7,,4513,,,,,,,,,,,,,,,,,,,,,,,,,,,,,,,,,,,,,,,,,,,,,,,,,,,,,,,,MARSHALL
1993-09-01,8.5,,4772,,,,,,,,,,,,,,,,,,,,,,,,,,,,,,,,,,,,,,,,,,,,,,,,,,,,,,,,MARSHALL
1993-10-01,7.9,,4766,,,,,,,,,,,,,,,,,,,,,,,,,,,,248.0,,,,,,,,,,,,,,,,,,,,,,,,,,,,MARSHALL
1993-11-01,10.7,,4842,,,,,,,,,,,,,,,,,,,,,,,,,,,,,,,,,,,,,,,,,,,,,,,,,,,,,,,,MARSHALL
1993-12-01,14.4,,4884,,,,,,,,,,,,,,,,,,,,,,,,,,,,,,,,,,,,,,,,,,,,,,,,,,,,,,,,MARSHALL
1994-01-01,17.5,14955.0,4957,,,,,,7.0,10.645999999999999,,,,,,,,159213.0,,,,,,,,,,,,,251.0,,,,,,,,,,,,,,,,,,,,,,,,,,,,MARSHALL
1994-02-01,15.1,,4840,,,,,,,,,,,,,,,,,,,,,,,,,,,,,,,,,,,,,,,,,,,,,,,,,,,,,,,,MARSHALL
1994-03-01,14.7,,4811,,,,,,,,,,,,,,,,,,,,,,,,,,,,,,,,,,,,,,,,,,,,,,,,,,,,,,,,MARSHALL
1994-04-01,12.1,,4799,,,,,,,,,,,,,,,,,,,,,,,,,,,,255.0,,,,,,,,,,,,,,,,,,,,,,,,,,,,MARSHALL
1994-05-01,8.6,,4883,,,,,,,,,,,,,,,,,,,,,,,,,,,,,,,,,,,,,,,,,,,,,,,,,,,,,,,,MARSHALL
1994-06-01,9.8,,4927,,,,,,,,,,,,,,,,,,,,,,,,,,,,,,,,,,,,,,,,,,,,,,,,,,,,,,,,MARSHALL
1994-07-01,9.5,,4501,,,,,,,,,,,,,,,,,,,,,,,,,,,,252.0,,,,,,,,,,,,,,,,,,,,,,,,,,,,MARSHALL
1994-08-01,8.6,,4710,,,,,,,,,,,,,,,,,,,,,,,,,,,,,,,,,,,,,,,,,,,,,,,,,,,,,,,,MARSHALL
1994-09-01,7.3,,5062,,,,,,,,,,,,,,,,,,,,,,,,,,,,,,,,,,,,,,,,,,,,,,,,,,,,,,,,MARSHALL
1994-10-01,6.7,,4785,,,,,,,,,,,,,,,,,,,,,,,,,,,,256.0,,,,,,,,,,,,,,,,,,,,,,,,,,,,MARSHALL
1994-11-01,8.3,,4842,,,,,,,,,,,,,,,,,,,,,,,,,,,,,,,,,,,,,,,,,,,,,,,,,,,,,,,,MARSHALL
1994-12-01,12.3,,4803,,,,,,,,,,,,,,,,,,,,,,,,,,,,,,,,,,,,,,,,,,,,,,,,,,,,,,,,MARSHALL
1995-01-01,14.6,17029.0,4725,,,,,,4.0,10.633,,,,,,,,181067.0,,,,,,,,28927.0,,,,,256.0,25810.0,32028.0,,,,1192.0,11.1,941.0,1444.0,8.8,,13.5,,,283.0,11.4,218.0,348.0,8.8,683.0,421.0,13.5,327.0,515.0,10.5,14.0,16.5,MARSHALL
1995-02-01,12.8,,4679,,,,,,,,,,,,,,,,,,,,,,,,,,,,,,,,,,,,,,,,,,,,,,,,,,,,,,,,MARSHALL
1995-03-01,14.1,,4911,,,,,,,,,,,,,,,,,,,,,,,,,,,,,,,,,,,,,,,,,,,,,,,,,,,,,,,,MARSHALL
1995-04-01,11.4,,4978,,,,,,,,,,,,,,,,,,,,,,,,,,,,259.0,,,,,,,,,,,,,,,,,,,,,,,,,,,,MARSHALL
1995-05-01,8.4,,4939,,,,,,,,,,,,,,,,,,,,,,,,,,,,,,,,,,,,,,,,,,,,,,,,,,,,,,,,MARSHALL
1995-06-01,9.0,,4852,,,,,,,,,,,,,,,,,,,,,,,,,,,,,,,,,,,,,,,,,,,,,,,,,,,,,,,,MARSHALL
1995-07-01,8.5,,4681,,,,,,,,,,,,,,,,,,,,,,,,,,,,254.0,,,,,,,,,,,,,,,,,,,,,,,,,,,,MARSHALL
1995-08-01,7.6,,4506,,,,,,,,,,,,,,,,,,,,,,,,,,,,,,,,,,,,,,,,,,,,,,,,,,,,,,,,MARSHALL
1995-09-01,6.5,,4676,,,,,,,,,,,,,,,,,,,,,,,,,,,,,,,,,,,,,,,,,,,,,,,,,,,,,,,,MARSHALL
1995-10-01,5.6,,4641,,,,,,,,,,,,,,,,,,,,,,,,,,,,261.0,,,,,,,,,,,,,,,,,,,,,,,,,,,,MARSHALL
1995-11-01,8.2,,4671,,,,,,,,,,,,,,,,,,,,,,,,,,,,,,,,,,,,,,,,,,,,,,,,,,,,,,,,MARSHALL
1995-12-01,12.8,,4707,,,,,,,,,,,,,,,,,,,,,,,,,,,,,,,,,,,,,,,,,,,,,,,,,,,,,,,,MARSHALL
1996-01-01,16.5,21106.0,4814,,,,,,4.0,10.716,,,,,,,,226177.0,,,,,,,,,,,,,257.0,,,,,,,,,,,,,,,,,,,,,,,,,,,,MARSHALL
1996-02-01,15.4,,4818,,,,,,,,,,,,,,,,,,,,,,,,,,,,,,,,,,,,,,,,,,,,,,,,,,,,,,,,MARSHALL
1996-03-01,15.5,,4901,,,,,,,,,,,,,,,,,,,,,,,,,,,,,,,,,,,,,,,,,,,,,,,,,,,,,,,,MARSHALL
1996-04-01,14.1,,4930,,,,,,,,,,,,,,,,,,,,,,,,,,,,253.0,,,,,,,,,,,,,,,,,,,,,,,,,,,,MARSHALL
1996-05-01,10.4,,5019,,,,,,,,,,,,,,,,,,,,,,,,,,,,,,,,,,,,,,,,,,,,,,,,,,,,,,,,MARSHALL
1996-06-01,10.4,,4957,,,,,,,,,,,,,,,,,,,,,,,,,,,,,,,,,,,,,,,,,,,,,,,,,,,,,,,,MARSHALL
1996-07-01,11.4,,4854,,,,,,,,,,,,,,,,,,,,,,,,,,,,254.0,,,,,,,,,,,,,,,,,,,,,,,,,,,,MARSHALL
1996-08-01,8.7,,4758,,,,,,,,,,,,,,,,,,,,,,,,,,,,,,,,,,,,,,,,,,,,,,,,,,,,,,,,MARSHALL
1996-09-01,7.3,,4815,,,,,,,,,,,,,,,,,,,,,,,,,,,,,,,,,,,,,,,,,,,,,,,,,,,,,,,,MARSHALL
1996-10-01,7.1,,4649,,,,,,,,,,,,,,,,,,,,,,,,,,,,257.0,,,,,,,,,,,,,,,,,,,,,,,,,,,,MARSHALL
1996-11-01,10.6,,4729,,,,,,,,,,,,,,,,,,,,,,,,,,,,,,,,,,,,,,,,,,,,,,,,,,,,,,,,MARSHALL
1996-12-01,15.5,,4814,,,,,,,,,,,,,,,,,,,,,,,,,,,,,,,,,,,,,,,,,,,,,,,,,,,,,,,,MARSHALL
1997-01-01,17.5,18789.0,4796,,,,,,9.0,10.599,,,,,,,,199147.0,,,,,,28929.0,,30975.0,3.0,,,,256.0,27842.0,34092.0,,,,1200.0,11.6,915.0,1486.0,8.8,,14.4,,,341.0,14.7,239.0,443.0,10.3,428.0,491.0,16.6,361.0,622.0,12.2,19.1,21.0,MARSHALL
1997-02-01,15.9,,4734,,,,,,,,,,,,,,,,,,,,,,,,,,,,,,,,,,,,,,,,,,,,,,,,,,,,,,,,MARSHALL
1997-03-01,16.3,,4719,,,,,,,,,,,,,,,,,,,,,,,,,,,,,,,,,,,,,,,,,,,,,,,,,,,,,,,,MARSHALL
1997-04-01,15.3,,4905,,,,,,,,,,,,,,,,,,,,,,,,,,,,257.0,,,,,,,,,,,,,,,,,,,,,,,,,,,,MARSHALL
1997-05-01,10.8,,4923,,,,,,,,,,,,,,,,,,,,,,,,,,,,,,,,,,,,,,,,,,,,,,,,,,,,,,,,MARSHALL
1997-06-01,10.4,,4978,,,,,,,,,,,,,,,,,,,,,,,,,,,,,,,,,,,,,,,,,,,,,,,,,,,,,,,,MARSHALL
1997-07-01,8.5,,4792,,,,,,,,,,,,,,,,,,,,,,,,,,,,266.0,,,,,,,,,,,,,,,,,,,,,,,,,,,,MARSHALL
1997-08-01,7.6,,4777,,,,,,,,,,,,,,,,,,,,,,,,,,,,,,,,,,,,,,,,,,,,,,,,,,,,,,,,MARSHALL
1997-09-01,7.3,,4839,,,,,,,,,,,,,,,,,,,,,,,,,,,,,,,,,,,,,,,,,,,,,,,,,,,,,,,,MARSHALL
1997-10-01,5.2,,4752,,,,,,,,,,,,,,,,,,,,,,,,,,,,267.0,,,,,,,,,,,,,,,,,,,,,,,,,,,,MARSHALL
1997-11-01,8.1,,4728,,,,,,,,,,,,,,,,,,,,,,,,,,,,,,,,,,,,,,,,,,,,,,,,,,,,,,,,MARSHALL
1997-12-01,10.9,,4814,,,,,,,,,,,,,,,,,,,,,,,,,,,,,,,,,,,,,,,,,,,,,,,,,,,,,,,,MARSHALL
1998-01-01,14.4,20972.0,4631,,,,,,7.0,10.395999999999999,,,,,,,,218026.0,,,,,10171.0,,,32606.0,,,,,262.0,29427.0,35768.0,2901.0,2310.0,,1275.0,12.5,977.0,1573.0,9.6,,15.5,,,320.0,13.9,211.0,429.0,9.1,423.0,464.0,16.0,331.0,596.0,11.4,18.6,20.6,MARSHALL
1998-02-01,13.8,,4715,,,,,,,,,,,,,,,,,,,,,,,,,,,,,,,,,,,,,,,,,,,,,,,,,,,,,,,,MARSHALL
1998-03-01,14.1,,4720,,,,,,,,,,,,,,,,,,,,,,,,,,,,,,,,,,,,,,,,,,,,,,,,,,,,,,,,MARSHALL
1998-04-01,9.7,,4688,,,,,,,,,,,,,,,,,,,,,,,,,,,,265.0,,,,,,,,,,,,,,,,,,,,,,,,,,,,MARSHALL
1998-05-01,6.9,,4768,,,,,,,,,,,,,,,,,,,,,,,,,,,,,,,,,,,,,,,,,,,,,,,,,,,,,,,,MARSHALL
1998-06-01,7.8,,4690,,,,,,,,,,,,,,,,,,,,,,,,,,,,,,,,,,,,,,,,,,,,,,,,,,,,,,,,MARSHALL
1998-07-01,6.5,,4661,,,,,,,,,,,,,,,,,,,,,,,,,,,,268.0,,,,,,,,,,,,,,,,,,,,,,,,,,,,MARSHALL
1998-08-01,6.0,,4442,,,,,,,,,,,,,,,,,,,,,,,,,,,,,,,,,,,,,,,,,,,,,,,,,,,,,,,,MARSHALL
1998-09-01,5.3,,4471,,,,,,,,,,,,,,,,,,,,,,,,,,,,,,,,,,,,,,,,,,,,,,,,,,,,,,,,MARSHALL
1998-10-01,5.6,,4451,,,,,,,,,,,,,,,,,,,,,,,,,,,,265.0,,,,,,,,,,,,,,,,,,,,,,,,,,,,MARSHALL
1998-11-01,9.4,,4424,,,,,,,,,,,,,,,,,,,,,,,,,,,,,,,,,,,,,,,,,,,,,,,,,,,,,,,,MARSHALL
1998-12-01,12.4,,4561,,,,,,,,,,,,,,,,,,,,,,,,,,,,,,,,,,,,,,,,,,,,,,,,,,,,,,,,MARSHALL
1999-01-01,14.9,20810.0,4628,,,,,25.126475548060714,3.0,10.235,,,,,,,,212995.0,,,291.6,,10128.0,,239.0,34175.0,,,,,258.0,31948.0,36558.0,2575.0,1958.0,,1007.0,9.9,752.0,1263.0,7.4,,12.5,,,239.0,12.2,148.0,330.0,7.6,417.0,314.0,12.2,210.0,417.0,8.2,16.8,16.2,MARSHALL
1999-02-01,14.5,,4667,,,,,,,,,,,,,,,,,,,,,,,,,,,,,,,,,,,,,,,,,,,,,,,,,,,,,,,,MARSHALL
1999-03-01,13.6,,4544,,,,,,,,,,,,,,,,,,,,,,,,,,,,,,,,,,,,,,,,,,,,,,,,,,,,,,,,MARSHALL
1999-04-01,11.6,,4633,,,,,25.565455791638108,,,,,,,,,,,,,,,,,,,,,,,259.0,,,,,,,,,,,,,,,,,,,,,,,,,,,,MARSHALL
1999-05-01,7.0,,4643,,,,,,,,,,,,,,,,,,,,,,,,,,,,,,,,,,,,,,,,,,,,,,,,,,,,,,,,MARSHALL
1999-06-01,8.3,,4708,,,,,,,,,,,,,,,,,,,,,,,,,,,,,,,,,,,,,,,,,,,,,,,,,,,,,,,,MARSHALL
1999-07-01,7.7,,4791,,,,,23.983315954118883,,,,,,,,,,,,,,,,,,,,,,,257.0,,,,,,,,,,,,,,,,,,,,,,,,,,,,MARSHALL
1999-08-01,6.7,,4679,,,,,,,,,,,,,,,,,,,,,,,,,,,,,,,,,,,,,,,,,,,,,,,,,,,,,,,,MARSHALL
1999-09-01,5.4,,4609,,,,,,,,,,,,,,,,,,,,,,,,,,,,,,,,,,,,,,,,,,,,,,,,,,,,,,,,MARSHALL
1999-10-01,4.6,,4423,,,,,23.95522388059701,,,,,,,,,,,,,,,,,,,,,,,259.0,,,,,,,,,,,,,,,,,,,,,,,,,,,,MARSHALL
1999-11-01,10.4,,4450,,,,,,,,,,,,,,,,,,,,,,,,,,,,,,,,,,,,,,,,,,,,,,,,,,,,,,,,MARSHALL
1999-12-01,12.4,,4672,,,,,,,,,,,,,,,,,,,,,,,,,,,,,,,,,,,,,,,,,,,,,,,,,,,,,,,,MARSHALL
2000-01-01,12.3,26424.0,5243,,,,,24.71114424152068,6.0,10.089,,,,,,,,267383.0,,,413.5,,9901.0,,343.8,37071.0,,,,,262.0,34256.0,40116.0,2413.0,1846.0,,877.0,8.9,675.0,1080.0,6.8,,10.9,,,182.0,9.9,123.0,241.0,6.7,355.0,285.0,11.8,209.0,362.0,8.6,13.1,15.0,MARSHALL
2000-02-01,12.4,,5323,,,,,,,,,,,,,,,,,,,,,,,,,,,,,,,,,,,,,,,,,,,,,,,,,,,,,,,,MARSHALL
2000-03-01,12.2,,5358,,,,,,,,,,,,,,,,,,,,,,,,,,,,,,,,,,,,,,,,,,,,,,,,,,,,,,,,MARSHALL
2000-04-01,8.8,,5224,,,,,23.980726464047446,,,,,,,,,,,,,,,,,,,,,,,268.0,,,,,,,,,,,,,,,,,,,,,,,,,,,,MARSHALL
2000-05-01,6.2,,5304,,,,,,,,,,,,,,,,,,,,,,,,,,,,,,,,,,,,,,,,,,,,,,,,,,,,,,,,MARSHALL
2000-06-01,6.4,,5132,,,,,,,,,,,,,,,,,,,,,,,,,,,,,,,,,,,,,,,,,,,,,,,,,,,,,,,,MARSHALL
2000-07-01,6.2,,5221,,,,,23.229054297015466,,,,,,,,,,,,,,,,,,,,,,,268.0,,,,,,,,,,,,,,,,,,,,,,,,,,,,MARSHALL
2000-08-01,5.7,,5202,,,,,,,,,,,,,,,,,,,,,,,,,,,,,,,,,,,,,,,,,,,,,,,,,,,,,,,,MARSHALL
2000-09-01,4.5,,5200,,,,,,,,,,,,,,,,,,,,,,,,,,,,,,,,,,,,,,,,,,,,,,,,,,,,,,,,MARSHALL
2000-10-01,3.8,,5136,,,,,20.914816042426256,,,,,,,,,,,,,,,,,,,,,,,270.0,,,,,,,,,,,,,,,,,,,,,,,,,,,,MARSHALL
2000-11-01,7.5,,5125,,,,,,,,,,,,,,,,,,,,,,,,,,,,,,,,,,,,,,,,,,,,,,,,,,,,,,,,MARSHALL
2000-12-01,9.0,,5061,,,,,,,,,,,,,,,,,,,,,,,,,,,,,,,,,,,,,,,,,,,,,,,,,,,,,,,,MARSHALL
2001-01-01,11.9,23924.0,5193,,,,,22.0521307405875,10.0,9.889,,,,,,,,237995.0,,,400.8,,9873.0,,306.5,36628.0,,,,,264.0,34066.0,39383.0,2305.0,1789.0,,826.0,8.4,627.0,1025.0,6.4,,10.4,,,179.0,10.0,114.0,244.0,6.4,301.0,268.0,11.6,185.0,350.0,8.0,13.6,15.2,MARSHALL
2001-02-01,10.8,,5170,,,,,,,,,,,,,,,,,,,,,,,,,,,,,,,,,,,,,,,,,,,,,,,,,,,,,,,,MARSHALL
2001-03-01,11.6,,5248,,,,,,,,,,,,,,,,,,,,,,,,,,,,,,,,,,,,,,,,,,,,,,,,,,,,,,,,MARSHALL
2001-04-01,8.6,,5273,,,,,20.90692124105012,,,,,,,,,,,,,,,,,,,,,,,264.0,,,,,,,,,,,,,,,,,,,,,,,,,,,,MARSHALL
2001-05-01,5.6,,5334,,,,,,,,,,,,,,,,,,,,,,,,,,,,,,,,,,,,,,,,,,,,,,,,,,,,,,,,MARSHALL
2001-06-01,5.4,,5364,,,,,,,,,,,,,,,,,,,,,,,,,,,,,,,,,,,,,,,,,,,,,,,,,,,,,,,,MARSHALL
2001-07-01,4.7,,5224,,,,,20.806045340050375,,,,,,,,,,,,,,,,,,,,,,,261.0,,,,,,,,,,,,,,,,,,,,,,,,,,,,MARSHALL
2001-08-01,4.5,,5276,,,,,,,,,,,,,,,,,,,,,,,,,,,,,,,,,,,,,,,,,,,,,,,,,,,,,,,,MARSHALL
2001-09-01,3.9,,5290,,,,,,,,,,,,,,,,,,,,,,,,,,,,,,,,,,,,,,,,,,,,,,,,,,,,,,,,MARSHALL
2001-10-01,3.4,,5217,,,,,21.1864406779661,,,,,,,,,,,,,,,,,,,,,,,258.0,,,,,,,,,,,,,,,,,,,,,,,,,,,,MARSHALL
2001-11-01,5.7,,5094,,,,,,,,,,,,,,,,,,,,,,,,,,,,,,,,,,,,,,,,,,,,,,,,,,,,,,,,MARSHALL
2001-12-01,7.8,,5161,,,,,,,,,,,,,,,,,,,,,,,,,,,,,,,,,,,,,,,,,,,,,,,,,,,,,,,,MARSHALL
2002-01-01,12.5,25628.0,5332,,,,,22.157092614302464,7.0,9.832,,,,,,,,254205.0,,,370.0,,9959.0,,306.0,38097.0,1.0,,,,251.0,35408.0,40991.0,2235.0,1734.0,,773.0,7.8,580.0,965.0,5.8,,9.7,,,153.0,8.8,101.0,205.0,5.8,421.0,217.0,9.7,151.0,283.0,6.8,11.8,12.6,MARSHALL
2002-02-01,11.4,,5314,,,,,,,,,,,,,,,,,,,,,,,,,,,,,,,,,,,,,,,,,,,,,,,,,,,,,,,,MARSHALL
2002-03-01,11.5,,5364,,,,,,,,,,,,,,,,,,,,,,,,,,,,,,,,,,,,,,,,,,,,,,,,,,,,,,,,MARSHALL
2002-04-01,9.9,,5354,,,,,21.07873527588345,,,,,,,,,,,,,,,,,,,,,,,253.0,,,,,,,,,,,,,,,,,,,,,,,,,,,,MARSHALL
2002-05-01,6.1,,5221,,,,,,,,,,,,,,,,,,,,,,,,,,,,,,,,,,,,,,,,,,,,,,,,,,,,,,,,MARSHALL
2002-06-01,6.2,,5216,,,,,,,,,,,,,,,,,,,,,,,,,,,,,,,,,,,,,,,,,,,,,,,,,,,,,,,,MARSHALL
2002-07-01,6.9,,5150,,,,,21.373555840821567,,,,,,,,,,,,,,,,,,,,,,,255.0,,,,,,,,,,,,,,,,,,,,,,,,,,,,MARSHALL
2002-08-01,4.9,,5108,,,,,,,,,,,,,,,,,,,,,,,,,,,,,,,,,,,,,,,,,,,,,,,,,,,,,,,,MARSHALL
2002-09-01,4.4,,5318,,,,,,,,,,,,,,,,,,,,,,,,,,,,,,,,,,,,,,,,,,,,,,,,,,,,,,,,MARSHALL
2002-10-01,3.7,,5376,,,,,23.066666666666666,,,,,,,,,,,,,,,,,,,,,,,255.0,,,,,,,,,,,,,,,,,,,,,,,,,,,,MARSHALL
2002-11-01,5.7,,5256,,,,,,,,,,,,,,,,,,,,,,,,,,,,,,,,,,,,,,,,,,,,,,,,,,,,,,,,MARSHALL
2002-12-01,9.3,,5281,,,,,,,,,,,,,,,,,,,,,,,,,,,,,,,,,,,,,,,,,,,,,,,,,,,,,,,,MARSHALL
2003-01-01,10.9,31649.0,5311,,,,,21.506849315068493,5.0,9.842,,,,,,,,315284.0,,,313.3,,9972.0,,257.1,41978.0,1.0,,,,250.0,39223.0,44926.0,2180.0,1668.0,,848.0,8.5,642.0,1054.0,6.4,,10.6,,,159.0,9.5,107.0,211.0,6.4,458.0,257.0,11.8,183.0,331.0,8.4,12.7,15.2,MARSHALL
2003-02-01,11.6,,5291,,,,,,,,,,,,,,,,,,,,,,,,,,,,,,,,,,,,,,,,,,,,,,,,,,,,,,,,MARSHALL
2003-03-01,11.2,,5375,,,,,,,,,,,,,,,,,,,,,,,,,,,,,,,,,,,,,,,,,,,,,,,,,,,,,,,,MARSHALL
2003-04-01,11.0,,5451,,,,,20.055710306406684,,,,,,,,,,,,,,,,,,,,,,,248.0,,,,,,,,,,,,,,,,,,,,,,,,,,,,MARSHALL
2003-05-01,6.0,,5298,,,,,,,,,,,,,,,,,,,,,,,,,,,,,,,,,,,,,,,,,,,,,,,,,,,,,,,,MARSHALL
2003-06-01,8.4,,5307,,,,,,,,,,,,,,,,,,,,,,,,,,,,,,,,,,,,,,,,,,,,,,,,,,,,,,,,MARSHALL
2003-07-01,8.1,,5166,,,,,20.619282195636877,,,,,,,,,,,,,,,,,,,,,,,253.0,,,,,,,,,,,,,,,,,,,,,,,,,,,,MARSHALL
2003-08-01,5.7,,5041,,,,,,,,,,,,,,,,,,,,,,,,,,,,,,,,,,,,,,,,,,,,,,,,,,,,,,,,MARSHALL
2003-09-01,5.2,,5076,,,,,,,,,,,,,,,,,,,,,,,,,,,,,,,,,,,,,,,,,,,,,,,,,,,,,,,,MARSHALL
2003-10-01,4.6,,5192,,,,,21.73913043478261,,,,,,,,,,,,,,,,,,,,,,,248.0,,,,,,,,,,,,,,,,,,,,,,,,,,,,MARSHALL
2003-11-01,7.0,,5176,,,,,,,,,,,,,,,,,,,,,,,,,,,,,,,,,,,,,,,,,,,,,,,,,,,,,,,,MARSHALL
2003-12-01,9.0,,5174,,,,,,,,,,,,,,,,,,,,,,,,,,,,,,,,,,,,,,,,,,,,,,,,,,,,,,,,MARSHALL
2004-01-01,12.3,26740.0,5563,,,,,22.288261515601782,5.0,9.786,,,,,,,,265743.0,,,303.2,,9925.0,,236.3,40054.0,,,,,239.0,37562.0,42711.0,2147.0,1610.0,,859.0,8.7,645.0,1074.0,6.5,,10.8,,,164.0,10.2,107.0,221.0,6.7,480.0,262.0,12.2,185.0,338.0,8.6,13.7,15.8,MARSHALL
2004-02-01,12.0,,5530,,,,,,,,,,,,,,,,,,,,,,,,,,,,,,,,,,,,,,,,,,,,,,,,,,,,,,,,MARSHALL
2004-03-01,12.1,,5562,,,,,,,,,,,,,,,,,,,,,,,,,,,,,,,,,,,,,,,,,,,,,,,,,,,,,,,,MARSHALL
2004-04-01,8.5,,5509,,,,,20.46511627906977,,,,,,,,,,,,,,1.0,,,,,,,,,246.0,,,,,,,,,,,,,,,,,,,,,,,,,,,,MARSHALL
2004-05-01,5.6,,5486,,,,,,,,,,,,,,,,,,,,,,,,,,,,,,,,,,,,,,,,,,,,,,,,,,,,,,,,MARSHALL
2004-06-01,6.0,,5454,,,,,,,,,,,,,,,,,,,,,,,,,,,,,,,,,,,,,,,,,,,,,,,,,,,,,,,,MARSHALL
2004-07-01,5.7,,5304,,,,,20.7258064516129,,,,,,,,,,,,,,,,,,,,,,,242.0,,,,,,,,,,,,,,,,,,,,,,,,,,,,MARSHALL
2004-08-01,5.4,,5236,,,,,,,,,,,,,,,,,,,,,,,,,,,,,,,,,,,,,,,,,,,,,,,,,,,,,,,,MARSHALL
2004-09-01,4.8,,5272,,,,,,,,,,,,,,,,,,,,,,,,,,,,,,,,,,,,,,,,,,,,,,,,,,,,,,,,MARSHALL
2004-10-01,4.3,,5297,,,,,20.0,,,,,,,,,,,,,,,,,,,,,,,243.0,,,,,,,,,,,,,,,,,,,,,,,,,,,,MARSHALL
2004-11-01,5.9,,5263,,,,,,,,,,,,,,,,,,,,,,,,,,,,,,,,,,,,,,,,,,,,,,,,,,,,,,,,MARSHALL
2004-12-01,9.1,,5321,,,,,,,,,,,,,,,,,,,,,,,,,,,,,,,,,,,,,,,,,,,,,,,,,,,,,,,,MARSHALL
2005-01-01,11.7,27823.0,5314,,,,,20.35977105478332,1.0,9.705,,,,,,,,275141.0,,,293.9,,9816.0,,233.4,39693.0,,,,,237.0,36613.0,42773.0,2110.0,1590.0,,1027.0,10.5,844.0,1209.0,8.6,,12.3,115.0,,185.0,11.6,141.0,229.0,8.8,405.0,281.0,13.3,218.0,344.0,10.3,14.4,16.3,MARSHALL
2005-02-01,11.2,,5310,,,,,,,,,,,,,,,,,,,,,,,,,,,,,,,,,,,,,,,,,,,,,,,,,,,,,,,,MARSHALL
2005-03-01,10.7,,5308,,,,,,,,,,,,,,,,,,,,,,,,,,,,,,,,,,,,,,,,,,,,,,,,,,,,,,,,MARSHALL
2005-04-01,8.9,,5309,,,,,20.08438818565401,,,,,,,,,,,,,,,,,,,,,,,244.0,,,,,,,,,,,,,,,,,,,,,,,,,,,,MARSHALL
2005-05-01,5.6,,5301,,,,,,,,,,,,,,,,,,,,,,,,,,,,,,,,,,,,,,,,,,,,,,,,,,,,,,,,MARSHALL
2005-06-01,5.4,,5336,,,,,,,,,,,,,,,,,,,,,,,,,,,,,,,,,,,,,,,,,,,,,,,,,,,,,,,,MARSHALL
2005-07-01,5.1,,5228,,,,,21.061792863359443,,,,,,,,,,,,,,,,,,,,,,,248.0,,,,,,,,,,,,,,,,,,,,,,,,,,,,MARSHALL
2005-08-01,4.1,,5230,,,,,,,,,,,,,,,,,,,,,,,,,,,,,,,,,,,,,,,,,,,,,,,,,,,,,,,,MARSHALL
2005-09-01,4.2,,5334,,,,,,,,,,,,,,,,,,,,,,,,,,,,,,,,,,,,,,,,,,,,,,,,,,,,,,,,MARSHALL
2005-10-01,3.8,,5224,,,,,22.017543859649123,,,,,,,,,,,,,,,,,,,,,,,254.0,,,,,,,,,,,,,,,,,,,,,,,,,,,,MARSHALL
2005-11-01,5.5,,5260,,,,,,,,,,,,,,,,,,,,,,,,,,,,,,,,,,,,,,,,,,,,,,,,,,,,,,,,MARSHALL
2005-12-01,8.5,,5316,,,,,,,,,,,,,,,,,,,,,,,,,,,,,,,,,,,,,,,,,,,,,,,,,,,,,,,,MARSHALL
2006-01-01,11.7,29466.0,5423,,,,,21.454219030520647,7.0,9.588,,,,,,,,288823.0,,,387.4,,9819.0,51600.0,284.7,43155.0,3.0,,,,247.0,40730.0,45580.0,2120.0,1557.0,,1021.0,10.4,825.0,1218.0,8.4,,12.4,,,183.0,11.8,141.0,225.0,9.1,435.0,286.0,13.5,226.0,345.0,10.7,14.5,16.3,MARSHALL
2006-02-01,9.9,,5386,,,,,,,,,,,,,,,,,,,,,,,,,,,,,,,,,,,,,,,,,,,,,,,,,,,,,,,,MARSHALL
2006-03-01,9.9,,5379,,,,,,,,,,,,,,,,,,,,,,,,,,,,,,,,,,,,,,,,,,,,,,,,,,,,,,,,MARSHALL
2006-04-01,9.6,,5452,,,,,21.57943067033976,,,,,,,,,,,,,,,,,,,,,,,248.0,,,,,,,,,,,,,,,,,,,,,,,,,,,,MARSHALL
2006-05-01,5.0,,5359,,,,,,,,,,,,,,,,,,,,,,,,,,,,,,,,,,,,,,,,,,,,,,,,,,,,,,,,MARSHALL
2006-06-01,4.9,,5303,,,,,,,,,,,,,,,,,,,,,,,,,,,,,,,,,,,,,,,,,,,,,,,,,,,,,,,,MARSHALL
2006-07-01,4.7,,5160,,,,,21.90909090909091,,,,,,,,,,,,,,,,,,,,,,,247.0,,,,,,,,,,,,,,,,,,,,,,,,,,,,MARSHALL
2006-08-01,4.1,,5188,,,,,,,,,,,,,,,,,,,,,,,,,,,,,,,,,,,,,,,,,,,,,,,,,,,,,,,,MARSHALL
2006-09-01,4.1,,5299,,,,,,,,,,,,,,,,,,,,,,,,,,,,,,,,,,,,,,,,,,,,,,,,,,,,,,,,MARSHALL
2006-10-01,3.9,,5193,,,,,21.49621212121212,,,,,,,,,,,,,,,,,,,,,,,249.0,,,,,,,,,,,,,,,,,,,,,,,,,,,,MARSHALL
2006-11-01,6.2,,5222,,,,,,,,,,,,,,,,,,,,,,,,,,,,,,,,,,,,,,,,,,,,,,,,,,,,,,,,MARSHALL
2006-12-01,7.6,,5185,,,,,,,,,,,,,,,,,,,,,,,,,,,,,,,,,,,,,,,,,,,,,,,,,,,,,,,,MARSHALL
2007-01-01,13.2,33252.0,5269,,,,,22.30769230769231,4.0,9.417,,,,,,,,320919.0,,,207.8,,9490.0,,167.2,45145.0,,,,,248.0,42406.0,47885.0,2033.0,1489.0,,979.0,10.3,773.0,1185.0,8.1,,12.5,,,186.0,12.5,139.0,233.0,9.3,441.0,291.0,14.3,220.0,361.0,10.8,15.6,17.8,MARSHALL
2007-02-01,11.1,,5236,,,,,,,,,,,,,,,,,,,,,,,,,,,,,,,,,,,,,,,,,,,,,,,,,,,,,,,,MARSHALL
2007-03-01,10.6,,5294,,,,,,,,,,,,,,,,,,,,,,,,,,,,,,,,,,,,,,,,,,,,,,,,,,,,,,,,MARSHALL
2007-04-01,10.3,,5269,,,,,21.217887725975267,,,,,,,,,,,,,,,,,,,,,,,246.0,,,,,,,,,,,,,,,,,,,,,,,,,,,,MARSHALL
2007-05-01,6.5,,5215,,,,,,,,,,,,,,,,,,,,,,,,,,,,,,,,,,,,,,,,,,,,,,,,,,,,,,,,MARSHALL
2007-06-01,6.5,,5220,,,,,,,,,,,,,,,,,,,,,,,,,,,,,,,,,,,,,,,,,,,,,,,,,,,,,,,,MARSHALL
2007-07-01,6.4,,5044,,,,,22.329162656400385,,,,,,,,,,,,,,,,,,,,,,,247.0,,,,,,,,,,,,,,,,,,,,,,,,,,,,MARSHALL
2007-08-01,5.5,,4977,,,,,,,,,,,,,,,,,,,,,,,,,,,,,,,,,,,,,,,,,,,,,,,,,,,,,,,,MARSHALL
2007-09-01,5.3,,5148,,,,,,,,,,,,,,,,,,,,,,,,,,,,,,,,,,,,,,,,,,,,,,,,,,,,,,,,MARSHALL
2007-10-01,4.6,,5118,,,,,23.13883299798793,,,,,,,,,,,,,,,,,,,,,,,253.0,,,,,,,,,,,,,,,,,,,,,,,,,,,,MARSHALL
2007-11-01,6.3,,5107,,,,,,,,,,,,,,,,,,,,,,,,,,,,,,,,,,,,,,,,,,,,,,,,,,,,,,,,MARSHALL
2007-12-01,9.3,,5167,,,,,,,,,,,,,,,,,,,,,,,,,,,,,,,,,,,,,,,,,,,,,,,,,,,,,,,,MARSHALL
2008-01-01,12.2,44341.0,5189,,,,,23.045685279187808,6.0,9.295,,,,,,,,423505.0,,,267.9,,9376.0,,227.4,45780.0,,,,,245.0,41974.0,49587.0,1937.0,1412.0,,918.0,9.8,747.0,1089.0,8.0,78.9899997711182,11.6,108.0,,149.0,10.6,113.0,185.0,8.0,457.0,241.0,12.4,188.0,295.0,9.7,13.1,15.2,MARSHALL
2008-02-01,10.7,,5076,,,,,,,,,,,,,,,,,,,,,,,,,,,,,,,,,,,,,,,,,,,,,,,,,,,,,,,,MARSHALL
2008-03-01,9.8,,5145,,,,,,,,,,,,,,,,,,,,,,,,,,,,,,,,,,,,,,,,,,,,,,,,,,,,,,,,MARSHALL
2008-04-01,9.6,,5223,,,,,21.57497303128371,,,,,,,,,,,,,,,,,,,,,,,248.0,,,,,,,,,,,,,,,,,,,,,,,,,,,,MARSHALL
2008-05-01,6.0,,5244,,,,,,,,,,,,,,,,,,,,,,,,,,,,,,,,,,,,,,,,,,,,,,,,,,,,,,,,MARSHALL
2008-06-01,6.3,,5265,,,,,,,,,,,,,,,,,,,,,,,,,,,,,,,,,,,,,,,,,,,,,,,,,,,,,,,,MARSHALL
2008-07-01,6.2,,5110,,,,,23.33696837513631,,,,,,,,,,,,,,,,,,,,,,,253.0,,,,,,,,,,,,,,,,,,,,,,,,,,,,MARSHALL
2008-08-01,6.0,,5048,,,,,,,,,,,,,,,,,,,,,,,,,,,,,,,,,,,,,,,,,,,,,,,,,,,,,,,,MARSHALL
2008-09-01,5.5,,5133,,,,,,,,,,,,,,,,,,,,,,,,,,,,,,,,,,,,,,,,,,,,,,,,,,,,,,,,MARSHALL
2008-10-01,5.1,,5148,,,,,23.74727668845316,,,,,,,,,,,,,,,,,,,,,,,254.0,,,,,,,,,,,,,,,,,,,,,,,,,,,,MARSHALL
2008-11-01,7.4,,5147,,,,,,,,,,,,,,,,,,,,,,,,,,,,,,,,,,,,,,,,,,,,,,,,,,,,,,,,MARSHALL
2008-12-01,9.3,,5286,,,,,,,,,,,,,,,,,,,,,,,,,,,,,,,,,,,,,,,,,,,,,,,,,,,,,,,,MARSHALL
2009-01-01,14.2,34508.0,5394,,44.0,22.68311922470137,389.0,23.085339168490158,4.0,9.2,86.3386209129168,24.346257889990984,41.56441092539747,38.0,8920.0,30.0,21.0,327068.0,1.4256619144602851,,432.5,,9053.0,,314.5,46242.0,1.0,,,,251.0,42400.0,50084.0,2079.0,1527.0,-274.0,877.0,9.7,701.0,1053.0,7.7,68.3999998569489,11.6,134.0,26.6,163.0,10.7,123.0,203.0,8.1,474.0,246.0,11.8,189.0,304.0,9.1,13.3,14.6,MARSHALL
2009-02-01,13.6,,5376,,,,,,,,,,,,,,,,,,,,,,,,,,,,,,,,,,,,,,,,,,,,,,,,,,,,,,,,MARSHALL
2009-03-01,13.1,,5410,,,,,,,,,,,,,,,,,,,,,,,,,,,,,,,,,,,,,,,,,,,,,,,,,,,,,,,,MARSHALL
2009-04-01,12.1,,5416,,,,,22.92358803986711,,,,,,,,,,,,,,,,,,,,,,,255.0,,,,,,,,,,,,,,,,,,,,,,,,,,,,MARSHALL
2009-05-01,9.5,,5456,,,,,,,,,,,,,,,,,,,,,,,,,,,,,,,,,,,,,,,,,,,,,,,,,,,,,,,,MARSHALL
2009-06-01,8.4,,5512,,,,,,,,,,,,,,,,,,,,,,,,,,,,,,,,,,,,,,,,,,,,,,,,,,,,,,,,MARSHALL
2009-07-01,8.0,,5199,,,,,22.002200220022004,,,,,,,,,,,,,,,,,,,,,,,256.0,,,,,,,,,,,,,,,,,,,,,,,,,,,,MARSHALL
2009-08-01,7.6,,5226,,,,,,,,,,,,,,,,,,,,,,,,,,,,,,,,,,,,,,,,,,,,,,,,,,,,,,,,MARSHALL
2009-09-01,6.5,,5192,,,,,,,,,,,,,,,,,,,,,,,,,,,,,,,,,,,,,,,,,,,,,,,,,,,,,,,,MARSHALL
2009-10-01,6.2,,5287,,,,,22.453450164293532,,,,,,,,,,,,,,,,,,,,,,,257.0,,,,,,,,,,,,,,,,,,,,,,,,,,,,MARSHALL
2009-11-01,7.8,,5346,,,,,,,,,,,,,,,,,,,,,,,,,,,,,,,,,,,,,,,,,,,,,,,,,,,,,,,,MARSHALL
2009-12-01,10.1,,5383,,,,,,,,,,,,,,,,,,,,,,,,,,,,,,,,,,,,,,,,,,,,,,,,,,,,,,,,MARSHALL
2010-01-01,13.4,38919.0,5566,9.02535519125683,43.7,23.50122303758061,316.0,23.42857142857143,3.0,9.441,87.2437116888607,21.96219621962196,31.734559550364665,52.0,9079.0,22.0,55.0,367275.0,1.9646365422396856,18.32368487289202,269.9,,9333.0,,198.9,47504.0,,16.0,,85.4,259.0,43948.0,51060.0,2174.0,1628.0,-186.0,768.0,8.2,582.0,954.0,6.2,76.539999961853,10.2,,27.0,185.0,11.4,138.0,232.0,8.5,664.0,281.0,12.9,211.0,351.0,9.7,14.3,16.1,MARSHALL
2010-02-01,13.2,,5894,,,,,,,,,,,,,,,,,,,,,,,,,,,,,,,,,,,,,,,,,,,,,,,,,,,,,,,,MARSHALL
2010-03-01,12.6,,5920,,,,,,,,,,,,,,,,,,,,,,,,,,,,,,,,,,,,,,,,,,,,,,,,,,,,,,,,MARSHALL
2010-04-01,10.6,,5967,,,,,21.573033707865168,,,,,,,,,,,,,,,,,,,,,,,259.0,,,,,,,,,,,,,,,,,,,,,,,,,,,,MARSHALL
2010-05-01,9.0,,5912,,,,,,,,,,,,,,,,,,,,,,,,,,,,,,,,,,,,,,,,,,,,,,,,,,,,,,,,MARSHALL
2010-06-01,7.8,,5752,,,,,,,,,,,,,,,,,,,,,,,,,,,,,,,,,,,,,,,,,,,,,,,,,,,,,,,,MARSHALL
2010-07-01,7.3,,5543,,,,,21.41255605381166,,,,,,,,,,,,,,,,,,,,,,,262.0,,,,,,,,,,,,,,,,,,,,,,,,,,,,MARSHALL
2010-08-01,6.9,,5383,,,,,,,,,,,,,,,,,,,,,,,,,,,,,,,,,,,,,,,,,,,,,,,,,,,,,,,,MARSHALL
2010-09-01,6.3,,5433,,,,,,,,,,,,,,,,,,,,,,,,,,,,,,,,,,,,,,,,,,,,,,,,,,,,,,,,MARSHALL
2010-10-01,5.8,,5566,,,,,20.438799076212472,,,,,,,,,,,,,,,,,,,,,,,262.0,,,,,,,,,,,,,,,,,,,,,,,,,,,,MARSHALL
2010-11-01,7.6,,5700,,,,,,,,,,,,,,,,,,,,,,,,,,,,,,,,,,,,,,,,,,,,,,,,,,,,,,,,MARSHALL
2010-12-01,9.9,,5728,,,,,,,,,,,,,,,,,,,,,,,,,,,,,,,,,,,,,,,,,,,,,,,,,,,,,,,,MARSHALL
2011-01-01,12.1,42663.0,5772,9.268285754864364,44.1,22.392708814028612,327.0,20.372526193247964,2.0,9.458,86.34717784877529,23.562676720075398,32.13272930290509,35.0,9018.0,16.0,60.0,404147.0,2.4844720496894412,18.389937106918236,374.7,,9394.0,,291.6,47760.0,,16.6,,86.2,266.0,44379.0,51141.0,2145.0,1585.0,-198.0,952.0,10.1,785.0,1119.0,8.3,61.250999999698294,11.9,109.0,27.7,163.0,10.3,119.0,207.0,7.6,709.0,276.0,12.9,213.0,339.0,10.0,13.0,15.8,MARSHALL
2011-02-01,11.9,,5891,,,,,,,,,,,,,,,,,,,,,,,,,,,,,,,,,,,,,,,,,,,,,,,,,,,,,,,,MARSHALL
2011-03-01,11.6,,5907,,,,,,,,,,,,,,,,,,,,,,,,,,,,,,,,,,,,,,,,,,,,,,,,,,,,,,,,MARSHALL
2011-04-01,10.0,,5897,,,,,20.116279069767444,,,,,,,,,,,,,,,,,,,,,,,271.0,,,,,,,,,,,,,,,,,,,,,,,,,,,,MARSHALL
2011-05-01,7.7,,6060,,,,,,,,,,,,,,,,,,,,,,,,,,,,,,,,,,,,,,,,,,,,,,,,,,,,,,,,MARSHALL
2011-06-01,6.7,,5947,,,,,,,,,,,,,,,,,,,,,,,,,,,,,,,,,,,,,,,,,,,,,,,,,,,,,,,,MARSHALL
2011-07-01,7.2,,5760,,,,,19.577960140679952,,,,,,,,,,,,,,,,,,,,,,,270.0,,,,,,,,,,,,,,,,,,,,,,,,,,,,MARSHALL
2011-08-01,6.7,,5649,,,,,,,,,,,,,,,,,,,,,,,,,,,,,,,,,,,,,,,,,,,,,,,,,,,,,,,,MARSHALL
2011-09-01,5.9,,5544,,,,,,,,,,,,,,,,,,,,,,,,,,,,,,,,,,,,,,,,,,,,,,,,,,,,,,,,MARSHALL
2011-10-01,5.3,,5609,,,,,20.459770114942533,,,,,,,,,,,,,,,,,,,,,,,271.0,,,,,,,,,,,,,,,,,,,,,,,,,,,,MARSHALL
2011-11-01,6.8,,5647,,,,,,,,,,,,,,,,,,,,,,,,,,,,,,,,,,,,,,,,,,,,,,,,,,,,,,,,MARSHALL
2011-12-01,7.9,,5756,,,,,,,,,,,,,,,,,,,,,,,,,,,,,,,,,,,,,,,,,,,,,,,,,,,,,,,,MARSHALL
2012-01-01,11.3,51731.0,5726,9.165985391677276,44.2,22.558219967719626,343.0,20.253164556962027,4.0,9.469,86.1788617886179,22.87037037037037,33.94876960433938,39.0,8977.0,19.0,39.0,489786.0,2.510460251046025,18.495934959349594,234.4,,9365.0,,188.3,52791.0,2.0,17.0,7.9,86.9,269.0,49876.0,55706.0,2151.0,1584.0,-223.0,849.0,9.1,673.0,1025.0,7.2,55.8659999999218,11.0,,27.9,183.0,11.6,139.0,227.0,8.8,691.0,279.0,13.0,215.0,343.0,10.0,14.4,16.0,MARSHALL
2012-02-01,11.1,,5766,,,,,,,,,,,,,,,,,,,,,,,,,,,,,,,,,,,,,,,,,,,,,,,,,,,,,,,,MARSHALL
2012-03-01,10.9,,5814,,,,,,,,,,,,,,,,,,,,,,,,,,,,,,,,,,,,,,,,,,,,,,,,,,,,,,,,MARSHALL
2012-04-01,8.2,,5911,,,,,20.804597701149426,,,,,,,,,,,,,,,,,,,,,,,269.0,,,,,,,,,,,,,,,,,,,,,,,,,,,,MARSHALL
2012-05-01,6.1,,6008,,,,,,,,,,,,,,,,,,,,,,,,,,,,,,,,,,,,,,,,,,,,,,,,,,,,,,,,MARSHALL
2012-06-01,6.5,,5962,,,,,,,,,,,,,,,,,,,,,,,,,,,,,,,,,,,,,,,,,,,,,,,,,,,,,,,,MARSHALL
2012-07-01,6.5,,5920,,,,,20.618556701030926,,,,,,,,,,,,,,,,,,,,,,,269.0,,,,,,,,,,,,,,,,,,,,,,,,,,,,MARSHALL
2012-08-01,5.9,,5610,,,,,,,,,,,,,,,,,,,,,,,,,,,,,,,,,,,,,,,,,,,,,,,,,,,,,,,,MARSHALL
2012-09-01,5.1,,5576,,,,,,,,,,,,,,,,,,,,,,,,,,,,,,,,,,,,,,,,,,,,,,,,,,,,,,,,MARSHALL
2012-10-01,5.0,,5541,,,,,20.30338389731622,,,,,,,,,,,,,,,,,,,,,,,272.0,,,,,,,,,,,,,,,,,,,,,,,,,,,,MARSHALL
2012-11-01,6.5,,5511,,,,,,,,,,,,,,,,,,,,,,,,,,,,,,,,,,,,,,,,,,,,,,,,,,,,,,,,MARSHALL
2012-12-01,8.7,,5609,,,,,,,,,,,,,,,,,,,,,,,,,,,,,,,,,,,,,,,,,,,,,,,,,,,,,,,,MARSHALL
2013-01-01,12.0,52184.0,5650,9.527798986603734,44.2,22.74313634248488,360.0,19.39252336448598,9.0,9.43,85.84592306868103,24.20634920634921,35.49812301317229,43.0,8929.0,18.0,38.0,492456.0,2.5477707006369434,19.11201837203368,305.7,,9328.0,,216.3,53692.0,,17.5,7.9,87.9,265.0,49563.0,57821.0,2115.0,1580.0,-190.0,859.0,9.2,673.0,1045.0,7.2,55.3309999997728,11.2,0.0,28.6,196.0,12.4,145.0,247.0,9.2,648.0,287.0,13.6,221.0,353.0,10.5,15.6,16.7,MARSHALL
2013-02-01,11.2,,5555,,,,,,,,,,,,,,,,,,,,,,,,,,,,,,,,,,,,,,,,,,,,,,,,,,,,,,,,MARSHALL
2013-03-01,11.2,,5567,,,,,,,,,,,,,,,,,,,,,,,,,,,,,,,,,,,,,,,,,,,,,,,,,,,,,,,,MARSHALL
2013-04-01,9.8,,5594,,,,,19.11764705882353,,,,,,,,,,,,,,,,,,,,,,,264.0,,,,,,,,,,,,,,,,,,,,,,,,,,,,MARSHALL
2013-05-01,6.5,,5671,,,,,,,,,,,,,,,,,,,,,,,,,,,,,,,,,,,,,,,,,,,,,,,,,,,,,,,,MARSHALL
2013-06-01,6.3,,5707,,,,,,,,,,,,,,,,,,,,,,,,,,,,,,,,,,,,,,,,,,,,,,,,,,,,,,,,MARSHALL
2013-07-01,6.2,,5568,,,,,20.720720720720717,,,,,,,,,,,,,,,,,,,,,,,265.0,,,,,,,,,,,,,,,,,,,,,,,,,,,,MARSHALL
2013-08-01,5.5,,5502,,,,,,,,,,,,,,,,,,,,,,,,,,,,,,,,,,,,,,,,,,,,,,,,,,,,,,,,MARSHALL
2013-09-01,4.8,,5446,,,,,,,,,,,,,,,,,,,,,,,,,,,,,,,,,,,,,,,,,,,,,,,,,,,,,,,,MARSHALL
2013-10-01,4.6,,5484,,,,,19.533851276359602,,,,,,,,,,,,,,,,,,,,,,,265.0,,,,,,,,,,,,,,,,,,,,,,,,,,,,MARSHALL
2013-11-01,5.7,,5487,,,,,,,,,,,,,,,,,,,,,,,,,,,,,,,,,,,,,,,,,,,,,,,,,,,,,,,,MARSHALL
2013-12-01,7.7,,5583,,,,,,,,,,,,,,,,,,,,,,,,,,,,,,,,,,,,,,,,,,,,,,,,,,,,,,,,MARSHALL
2014-01-01,10.8,46082.0,5549,9.369143084366094,43.9,23.088540465759746,364.0,19.073869900771772,5.0,9.42,86.0143607330404,25.653923541247487,36.94380075538322,43.0,8908.0,15.0,32.0,433634.0,2.643171806167401,19.01605913841448,271.3,,9325.0,,186.8,54433.0,2.0,17.9,7.7,88.6,263.0,51000.0,57866.0,2128.0,1556.0,-152.0,891.0,9.6,726.0,1056.0,7.8,54.6619999995455,11.4,0.0,29.200000000000006,188.0,12.1,146.0,230.0,9.4,525.0,272.0,12.8,211.0,333.0,9.9,14.8,15.7,MARSHALL
2014-02-01,10.3,,5534,,,,,,,,,,,,,,,,,,,,,,,,,,,,,,,,,,,,,,,,,,,,,,,,,,,,,,,,MARSHALL
2014-03-01,11.0,,5613,,,,,,,,,,,,,,,,,,,,,,,,,,,,,,,,,,,,,,,,,,,,,,,,,,,,,,,,MARSHALL
2014-04-01,8.2,,5489,,,,,19.46808510638298,,,,,,,,,,,,,,,,,,,,,,,265.0,,,,,,,,,,,,,,,,,,,,,,,,,,,,MARSHALL
2014-05-01,5.4,,5526,,,,,,,,,,,,,,,,,,,,,,,,,,,,,,,,,,,,,,,,,,,,,,,,,,,,,,,,MARSHALL
2014-06-01,5.1,,5670,,,,,,,,,,,,,,,,,,,,,,,,,,,,,,,,,,,,,,,,,,,,,,,,,,,,,,,,MARSHALL
2014-07-01,5.2,,5551,,,,,19.205298013245034,,,,,,,,,,,,,,,,,,,,,,,264.0,,,,,,,,,,,,,,,,,,,,,,,,,,,,MARSHALL
2014-08-01,4.5,,5509,,,,,,,,,,,,,,,,,,,,,,,,,,,,,,,,,,,,,,,,,,,,,,,,,,,,,,,,MARSHALL
2014-09-01,3.8,,5537,,,,,,,,,,,,,,,,,,,,,,,,,,,,,,,,,,,,,,,,,,,,,,,,,,,,,,,,MARSHALL
2014-10-01,3.4,,5669,,,,,18.040089086859687,,,,,,,,,,,,,,,,,,,,,,,261.0,,,,,,,,,,,,,,,,,,,,,,,,,,,,MARSHALL
2014-11-01,5.3,,5683,,,,,,,,,,,,,,,,,,,,,,,,,,,,,,,,,,,,,,,,,,,,,,,,,,,,,,,,MARSHALL
2014-12-01,8.1,,5763,,,,,,,,,,,,,,,,,,,,,,,,,,,,,,,,,,,,,,,,,,,,,,,,,,,,,,,,MARSHALL
2015-01-01,10.0,47361.0,5805,9.124756335282653,43.8,23.344634089314944,381.0,17.588495575221238,2.0,9.408,85.52941176470588,27.97494780793319,35.18524022213542,34.0,8888.0,18.0,25.0,444624.0,3.0837004405286343,18.38692946058092,414.1,,9332.0,47336.0,297.9,55889.0,4.0,18.7,7.9,88.8,258.0,51666.0,60112.0,2146.0,1557.0,-205.0,777.0,8.3,599.0,955.0,6.4,60.058999999891995,10.2,1.0,30.2,165.0,10.6,124.0,206.0,8.0,514.0,250.0,11.6,194.0,306.0,9.0,13.2,14.2,MARSHALL
2015-02-01,9.6,,5690,,,,,,,,,,,,,,,,,,,,,,,,,,,,,,,,,,,,,,,,,,,,,,,,,,,,,,,,MARSHALL
2015-03-01,9.6,,5884,,,,,,,,,,,,,,,,,,,,,,,,,,,,,,,,,,,,,,,,,,,,,,,,,,,,,,,,MARSHALL
2015-04-01,8.1,,5697,,,,,17.415115005476448,,,,,,,,,,,,,,,,,,,,,,,259.0,,,,,,,,,,,,,,,,,,,,,,,,,,,,MARSHALL
2015-05-01,5.8,,5662,,,,,,,,,,,,,,,,,,,,,,,,,,,,,,,,,,,,,,,,,,,,,,,,,,,,,,,,MARSHALL
2015-06-01,5.9,,5882,,,,,,,,,,,,,,,,,,,,,,,,,,,,,,,,,,,,,,,,,,,,,,,,,,,,,,,,MARSHALL
2015-07-01,5.5,,5608,,,,,18.230852211434733,,,,,,,,,,,,,,,,,,,,,,,257.0,,,,,,,,,,,,,,,,,,,,,,,,,,,,MARSHALL
2015-08-01,5.0,,5537,,,,,,,,,,,,,,,,,,,,,,,,,,,,,,,,,,,,,,,,,,,,,,,,,,,,,,,,MARSHALL
2015-09-01,4.0,,5526,,,,,,,,,,,,,,,,,,,,,,,,,,,,,,,,,,,,,,,,,,,,,,,,,,,,,,,,MARSHALL
2015-10-01,3.9,,5873,,,,,20.021413276231264,,,,,,,,,,,,,,,,,,,,,,,258.0,,,,,,,,,,,,,,,,,,,,,,,,,,,,MARSHALL
2015-11-01,5.9,,5832,,,,,,,,,,,,,,,,,,,,,,,,,,,,,,,,,,,,,,,,,,,,,,,,,,,,,,,,MARSHALL
2015-12-01,9.0,,5922,,,,,,,,,,,,,,,,,,,,,,,,,,,,,,,,,,,,,,,,,,,,,,,,,,,,,,,,MARSHALL
2016-01-01,10.0,48686.0,5846,9.133534007941591,43.6,23.289777983348756,385.0,19.264069264069267,2.0,9.371,86.05826077609373,25.18210197710718,40.75390159509555,32.0,8829.0,20.0,21.0,453944.0,4.484304932735426,17.06806282722513,357.7,,9230.0,,285.3,54651.0,1.0,20.0,7.5,89.0,248.0,49256.0,60046.0,2091.0,1514.0,,903.0,9.8,723.0,1083.0,7.8,,11.8,49.0,31.8,179.0,11.8,135.0,223.0,8.9,,268.0,12.8,207.0,329.0,9.9,14.7,15.7,MARSHALL
2016-02-01,10.0,,5639,,,,,,,,,,,,,,,,,,,,,,,,,,,,,,,,,,,,,,,,,,,,,,,,,,,,,,,,MARSHALL
2016-03-01,10.6,,5804,,,,,,,,,,,,,,,,,,,,,,,,,,,,,,,,,,,,,,,,,,,,,,,,,,,,,,,,MARSHALL
2016-04-01,8.5,,5687,,,,,18.9247311827957,,,,,,,,,,,,,,,,,,,,,,,250.0,,,,,,,,,,,,,,,,,,,,,,,,,,,,MARSHALL
2016-05-01,5.4,,5564,,,,,,,,,,,,,,,,,,,,,,,,,,,,,,,,,,,,,,,,,,,,,,,,,,,,,,,,MARSHALL
2016-06-01,5.6,,5700,,,,,,,,,,,,,,,,,,,,,,,,,,,,,,,,,,,,,,,,,,,,,,,,,,,,,,,,MARSHALL
2016-07-01,5.9,,5470,,,,,20.253164556962027,,,,,,,,,,,,,,,,,,,,,,,251.0,,,,,,,,,,,,,,,,,,,,,,,,,,,,MARSHALL
2016-08-01,5.8,,5368,,,,,,,,,,,,,,,,,,,,,,,,,,,,,,,,,,,,,,,,,,,,,,,,,,,,,,,,MARSHALL
2016-09-01,4.8,,5354,,,,,,,,,,,,,,,,,,,,,,,,,,,,,,,,,,,,,,,,,,,,,,,,,,,,,,,,MARSHALL
2016-10-01,4.5,,5686,,,,,20.171673819742487,,,,,,,,,,,,,,,,,,,,,,,253.0,,,,,,,,,,,,,,,,,,,,,,,,,,,,MARSHALL
2016-11-01,6.1,,5751,,,,,,,,,,,,,,,,,,,,,,,,,,,,,,,,,,,,,,,,,,,,,,,,,,,,,,,,MARSHALL
2016-12-01,9.9,,5785,,,,,,,,,,,,,,,,,,,,,,,,,,,,,,,,,,,,,,,,,,,,,,,,,,,,,,,,MARSHALL
2017-01-01,11.4,,5798,,,,,18.33333333333333,8.0,9.356,,,,,,,,,,,,,,,,,,,,,251.0,,,,,,,,,,,,,18.0,,,,,,,,,,,,,,,MARSHALL
2017-02-01,10.5,,5597,,,,,,,,,,,,,,,,,,,,,,,,,,,,,,,,,,,,,,,,,,,,,,,,,,,,,,,,MARSHALL
2017-03-01,10.1,,5699,,,,,,,,,,,,,,,,,,,,,,,,,,,,,,,,,,,,,,,,,,,,,,,,,,,,,,,,MARSHALL
2017-04-01,8.6,,5588,,,,,17.790055248618785,,,,,,,,,,,,,,,,,,,,,,,260.0,,,,,,,,,,,,,,,,,,,,,,,,,,,,MARSHALL
2017-05-01,5.0,,5531,,,,,,,,,,,,,,,,,,,,,,,,,,,,,,,,,,,,,,,,,,,,,,,,,,,,,,,,MARSHALL
2017-06-01,5.0,,5512,,,,,,,,,,,,,,,,,,,,,,,,,,,,,,,,,,,,,,,,,,,,,,,,,,,,,,,,MARSHALL
2017-07-01,4.8,,5289,,,,,18.778280542986426,,,,,,,,,,,,,,,,,,,,,,,259.0,,,,,,,,,,,,,,,,,,,,,,,,,,,,MARSHALL
2017-08-01,5.2,,5157,,,,,,,,,,,,,,,,,,,,,,,,,,,,,,,,,,,,,,,,,,,,,,,,,,,,,,,,MARSHALL
2017-09-01,3.8,,5191,,,,,,,,,,,,,,,,,,,,,,,,,,,,,,,,,,,,,,,,,,,,,,,,,,,,,,,,MARSHALL
2017-10-01,3.2,,5418,,,,,19.487750556792875,,,,,,,,,,,,,,,,,,,,,,,265.0,,,,,,,,,,,,,,,,,,,,,,,,,,,,MARSHALL
2017-11-01,7.0,,5561,,,,,,,,,,,,,,,,,,,,,,,,,,,,,,,,,,,,,,,,,,,,,,,,,,,,,,,,MARSHALL
2017-12-01,9.0,,5638,,,,,,,,,,,,,,,,,,,,,,,,,,,,,,,,,,,,,,,,,,,,,,,,,,,,,,,,MARSHALL
2018-01-01,10.7,,5592,,,,,19.042316258351885,,,,,,,,,,,,,,,,,,,,,,,266.0,,,,,,,,,,,,,,,,,,,,,,,,,,,,MARSHALL
2018-02-01,9.9,,5563,,,,,,,,,,,,,,,,,,,,,,,,,,,,,,,,,,,,,,,,,,,,,,,,,,,,,,,,MARSHALL
2018-03-01,9.9,,5628,,,,,,,,,,,,,,,,,,,,,,,,,,,,,,,,,,,,,,,,,,,,,,,,,,,,,,,,MARSHALL
2018-04-01,7.1,,5510,,,,,19.42919868276619,,,,,,,,,,,,,,,,,,,,,,,,,,,,,,,,,,,,,,,,,,,,,,,,,,,MARSHALL
2018-05-01,3.9,,5589,,,,,,,,,,,,,,,,,,,,,,,,,,,,,,,,,,,,,,,,,,,,,,,,,,,,,,,,MARSHALL
2018-06-01,4.1,,5552,,,,,,,,,,,,,,,,,,,,,,,,,,,,,,,,,,,,,,,,,,,,,,,,,,,,,,,,MARSHALL
2018-07-01,4.3,,5409,,,,,,,,,,,,,,,,,,,,,,,,,,,,,,,,,,,,,,,,,,,,,,,,,,,,,,,,MARSHALL
2018-08-01,3.7,,5087,,,,,,,,,,,,,,,,,,,,,,,,,,,,,,,,,,,,,,,,,,,,,,,,,,,,,,,,MARSHALL
