DATE,MNMEEK3URN,B080ACS027093,2020RATIO027093,B01002001E027093,B03002003E027093,B03002006E027093,B03002012E027093,B03002005E027093,CDC20N2U027093,EQFXSUBPRIME027093,PCPI27093,MNMEEK3POP,MHIMN27093A052NCEN,PI27093,S1701ACS027093,PUA0T17MN27093A647NCEN,HOWNRATEACS027093,S1101SPHOUSE027093,NETMIGNACS027093,PPAAMN27093A156NCEN,FBITC027093,RACEDISPARITY027093,B03002004E027093,CBR27093MNA647NCEN,B14005DCYACS027093,DP04ACS027093,MNMEEK3LFN,USPTOISSUED027093,PUAAMN27093A647NCEN,CDC20N2UAA027093,ATNHPIUS27093A,HC01ESTVC1727093,HC01ESTVC1627093,ENU2709320510,BPPRIV027093,MHICILBMN27093A052NCEN,MHICIUBMN27093A052NCEN,PUA5T17RMN27093A647NCEN,PEAAMN27093A647NCEN,PECILBAAMN27093A647NCEN,PECIUBAAMN27093A647NCEN,PPCILBAAMN27093A156NCEN,DMPCRATE027093,PPCIUBAAMN27093A156NCEN,S1501ACSTOTAL027093,PE5T17MN27093A647NCEN,PP5T17MN27093A156NCEN,PECILB5T17MN27093A647NCEN,PECIUB5T17MN27093A647NCEN,PPCILB5T17MN27093A156NCEN,PEU18MN27093A647NCEN,PPU18MN27093A156NCEN,PECILBU18MN27093A647NCEN,PECIUBU18MN27093A647NCEN,PPCILBU18MN27093A156NCEN,PPCIUB5T17MN27093A156NCEN,PPCIUBU18MN27093A156NCEN,county
1991-01-01,10.4,,,,,,,,,,16244.0,21.044,,341841.0,,,,,,,,,,,,,10192,,,,56.89,,,467.0,55.0,,,,,,,,,,,,,,,,,,,,,,,MEEKER
1991-02-01,10.1,,,,,,,,,,,,,,,,,,,,,,,,,,10138,,,,,,,,,,,,,,,,,,,,,,,,,,,,,,,MEEKER
1991-03-01,10.4,,,,,,,,,,,,,,,,,,,,,,,,,,10146,,,,,,,,,,,,,,,,,,,,,,,,,,,,,,,MEEKER
1991-04-01,9.9,,,,,,,,,,,,,,,,,,,,,,,,,,10353,,,,,,,470.0,,,,,,,,,,,,,,,,,,,,,,,,MEEKER
1991-05-01,8.0,,,,,,,,,,,,,,,,,,,,,,,,,,10327,1.0,,,,,,,,,,,,,,,,,,,,,,,,,,,,,,MEEKER
1991-06-01,8.8,,,,,,,,,,,,,,,,,,,,,,,,,,10387,,,,,,,,,,,,,,,,,,,,,,,,,,,,,,,MEEKER
1991-07-01,7.9,,,,,,,,,,,,,,,,,,,,,,,,,,10211,,,,,,,469.0,,,,,,,,,,,,,,,,,,,,,,,,MEEKER
1991-08-01,8.0,,,,,,,,,,,,,,,,,,,,,,,,,,9833,,,,,,,,,,,,,,,,,,,,,,,,,,,,,,,MEEKER
1991-09-01,8.1,,,,,,,,,,,,,,,,,,,,,,,,,,10206,,,,,,,,,,,,,,,,,,,,,,,,,,,,,,,MEEKER
1991-10-01,7.2,,,,,,,,,,,,,,,,,,,,,,,,,,10257,,,,,,,474.0,,,,,,,,,,,,,,,,,,,,,,,,MEEKER
1991-11-01,8.2,,,,,,,,,,,,,,,,,,,,,,,,,,10008,,,,,,,,,,,,,,,,,,,,,,,,,,,,,,,MEEKER
1991-12-01,8.9,,,,,,,,,,,,,,,,,,,,,,,,,,9801,,,,,,,,,,,,,,,,,,,,,,,,,,,,,,,MEEKER
1992-01-01,11.5,,,,,,,,,,16428.0,20.941,,344023.0,,,,,,,,,,,,,9678,,,,59.3,,,469.0,75.0,,,,,,,,,,,,,,,,,,,,,,,MEEKER
1992-02-01,11.3,,,,,,,,,,,,,,,,,,,,,,,,,,9580,,,,,,,,,,,,,,,,,,,,,,,,,,,,,,,MEEKER
1992-03-01,11.0,,,,,,,,,,,,,,,,,,,,,,,,,,9580,,,,,,,,,,,,,,,,,,,,,,,,,,,,,,,MEEKER
1992-04-01,9.1,,,,,,,,,,,,,,,,,,,,,,,,,,9624,,,,,,,473.0,,,,,,,,,,,,,,,,,,,,,,,,MEEKER
1992-05-01,7.0,,,,,,,,,,,,,,,,,,,,,,,,,,9689,,,,,,,,,,,,,,,,,,,,,,,,,,,,,,,MEEKER
1992-06-01,8.4,,,,,,,,,,,,,,,,,,,,,,,,,,9787,,,,,,,,,,,,,,,,,,,,,,,,,,,,,,,MEEKER
1992-07-01,7.5,,,,,,,,,,,,,,,,,,,,,,,,,,9732,,,,,,,477.0,,,,,,,,,,,,,,,,,,,,,,,,MEEKER
1992-08-01,7.5,,,,,,,,,,,,,,,,,,,,,,,,,,9446,,,,,,,,,,,,,,,,,,,,,,,,,,,,,,,MEEKER
1992-09-01,7.6,,,,,,,,,,,,,,,,,,,,,,,,,,9727,,,,,,,,,,,,,,,,,,,,,,,,,,,,,,,MEEKER
1992-10-01,6.7,,,,,,,,,,,,,,,,,,,,,,,,,,9620,,,,,,,477.0,,,,,,,,,,,,,,,,,,,,,,,,MEEKER
1992-11-01,7.4,,,,,,,,,,,,,,,,,,,,,,,,,,9622,,,,,,,,,,,,,,,,,,,,,,,,,,,,,,,MEEKER
1992-12-01,8.7,,,,,,,,,,,,,,,,,,,,,,,,,,9485,,,,,,,,,,,,,,,,,,,,,,,,,,,,,,,MEEKER
1993-01-01,11.9,,,,,,,,,,16365.0,21.049,29709.0,344468.0,,,,,,11.0,,,,1173.0,,,9598,,,,62.33,,,481.0,125.0,27432.0,31973.0,,2333.0,1841.0,2825.0,8.7,,13.3,,586.0,12.1,441.0,731.0,9.1,883.0,13.8,684.0,1082.0,10.7,15.1,16.9,MEEKER
1993-02-01,11.1,,,,,,,,,,,,,,,,,,,,,,,,,,9621,,,,,,,,,,,,,,,,,,,,,,,,,,,,,,,MEEKER
1993-03-01,11.0,,,,,,,,,,,,,,,,,,,,,,,,,,9783,,,,,,,,,,,,,,,,,,,,,,,,,,,,,,,MEEKER
1993-04-01,9.5,,,,,,,,,,,,,,,,,,,,,,,,,,9632,,,,,,,480.0,,,,,,,,,,,,,,,,,,,,,,,,MEEKER
1993-05-01,7.2,,,,,,,,,,,,,,,,,,,,,,,,,,9565,,,,,,,,,,,,,,,,,,,,,,,,,,,,,,,MEEKER
1993-06-01,8.4,,,,,,,,,,,,,,,,,,,,,,,,,,9591,,,,,,,,,,,,,,,,,,,,,,,,,,,,,,,MEEKER
1993-07-01,6.8,,,,,,,,,,,,,,,,,,,,,,,,,,9512,,,,,,,481.0,,,,,,,,,,,,,,,,,,,,,,,,MEEKER
1993-08-01,6.0,,,,,,,,,,,,,,,,,,,,,,,,,,9482,,,,,,,,,,,,,,,,,,,,,,,,,,,,,,,MEEKER
1993-09-01,6.1,,,,,,,,,,,,,,,,,,,,,,,,,,9683,,,,,,,,,,,,,,,,,,,,,,,,,,,,,,,MEEKER
1993-10-01,5.7,,,,,,,,,,,,,,,,,,,,,,,,,,9772,,,,,,,491.0,,,,,,,,,,,,,,,,,,,,,,,,MEEKER
1993-11-01,5.9,,,,,,,,,,,,,,,,,,,,,,,,,,9481,,,,,,,,,,,,,,,,,,,,,,,,,,,,,,,MEEKER
1993-12-01,7.6,,,,,,,,,,,,,,,,,,,,,,,,,,9573,,,,,,,,,,,,,,,,,,,,,,,,,,,,,,,MEEKER
1994-01-01,10.6,,,,,,,,,,17565.0,21.409000000000002,,376055.0,,,,,,,,,,,,,9504,,,,64.73,,,490.0,90.0,,,,,,,,,,,,,,,,,,,,,,,MEEKER
1994-02-01,10.2,,,,,,,,,,,,,,,,,,,,,,,,,,9456,,,,,,,,,,,,,,,,,,,,,,,,,,,,,,,MEEKER
1994-03-01,9.8,,,,,,,,,,,,,,,,,,,,,,,,,,9564,,,,,,,,,,,,,,,,,,,,,,,,,,,,,,,MEEKER
1994-04-01,7.4,,,,,,,,,,,,,,,,,,,,,,,,,,9707,,,,,,,492.0,,,,,,,,,,,,,,,,,,,,,,,,MEEKER
1994-05-01,4.8,,,,,,,,,,,,,,,,,,,,,,,,,,9559,,,,,,,,,,,,,,,,,,,,,,,,,,,,,,,MEEKER
1994-06-01,5.4,,,,,,,,,,,,,,,,,,,,,,,,,,9397,,,,,,,,,,,,,,,,,,,,,,,,,,,,,,,MEEKER
1994-07-01,5.0,,,,,,,,,,,,,,,,,,,,,,,,,,9111,,,,,,,474.0,,,,,,,,,,,,,,,,,,,,,,,,MEEKER
1994-08-01,4.8,,,,,,,,,,,,,,,,,,,,,,,,,,9077,,,,,,,,,,,,,,,,,,,,,,,,,,,,,,,MEEKER
1994-09-01,4.8,,,,,,,,,,,,,,,,,,,,,,,,,,9476,,,,,,,,,,,,,,,,,,,,,,,,,,,,,,,MEEKER
1994-10-01,4.2,,,,,,,,,,,,,,,,,,,,,,,,,,9589,,,,,,,481.0,,,,,,,,,,,,,,,,,,,,,,,,MEEKER
1994-11-01,4.2,,,,,,,,,,,,,,,,,,,,,,,,,,9406,,,,,,,,,,,,,,,,,,,,,,,,,,,,,,,MEEKER
1994-12-01,6.8,,,,,,,,,,,,,,,,,,,,,,,,,,9292,,,,,,,,,,,,,,,,,,,,,,,,,,,,,,,MEEKER
1995-01-01,9.6,,,,,,,,,,17969.0,21.558000000000003,32673.0,387379.0,,,,,,8.6,,,,990.0,,,9563,,,,69.58,,,480.0,98.0,29574.0,35756.0,,1852.0,1466.0,2239.0,6.8,,10.4,,440.0,9.1,339.0,541.0,7.0,685.0,10.8,532.0,838.0,8.4,11.2,13.2,MEEKER
1995-02-01,8.6,,,,,,,,,,,,,,,,,,,,,,,,,,9516,,,,,,,,,,,,,,,,,,,,,,,,,,,,,,,MEEKER
1995-03-01,8.3,,,,,,,,,,,,,,,,,,,,,,,,,,9567,,,,,,,,,,,,,,,,,,,,,,,,,,,,,,,MEEKER
1995-04-01,7.4,,,,,,,,,,,,,,,,,,,,,,,,,,9621,,,,,,,480.0,,,,,,,,,,,,,,,,,,,,,,,,MEEKER
1995-05-01,4.5,,,,,,,,,,,,,,,,,,,,,,,,,,9438,,,,,,,,,,,,,,,,,,,,,,,,,,,,,,,MEEKER
1995-06-01,5.2,,,,,,,,,,,,,,,,,,,,,,,,,,9481,,,,,,,,,,,,,,,,,,,,,,,,,,,,,,,MEEKER
1995-07-01,4.8,,,,,,,,,,,,,,,,,,,,,,,,,,9200,,,,,,,470.0,,,,,,,,,,,,,,,,,,,,,,,,MEEKER
1995-08-01,4.5,,,,,,,,,,,,,,,,,,,,,,,,,,9079,,,,,,,,,,,,,,,,,,,,,,,,,,,,,,,MEEKER
1995-09-01,4.5,,,,,,,,,,,,,,,,,,,,,,,,,,9322,,,,,,,,,,,,,,,,,,,,,,,,,,,,,,,MEEKER
1995-10-01,4.1,,,,,,,,,,,,,,,,,,,,,,,,,,9196,,,,,,,495.0,,,,,,,,,,,,,,,,,,,,,,,,MEEKER
1995-11-01,5.3,,,,,,,,,,,,,,,,,,,,,,,,,,9251,,,,,,,,,,,,,,,,,,,,,,,,,,,,,,,MEEKER
1995-12-01,7.3,,,,,,,,,,,,,,,,,,,,,,,,,,9326,,,,,,,,,,,,,,,,,,,,,,,,,,,,,,,MEEKER
1996-01-01,9.8,,,,,,,,,,19528.0,21.875,,427176.0,,,,,,,,,,,,,9511,,,,75.72,,,496.0,118.0,,,,,,,,,,,,,,,,,,,,,,,MEEKER
1996-02-01,9.5,,,,,,,,,,,,,,,,,,,,,,,,,,9565,,,,,,,,,,,,,,,,,,,,,,,,,,,,,,,MEEKER
1996-03-01,10.1,,,,,,,,,,,,,,,,,,,,,,,,,,9693,,,,,,,,,,,,,,,,,,,,,,,,,,,,,,,MEEKER
1996-04-01,8.4,,,,,,,,,,,,,,,,,,,,,,,,,,9724,,,,,,,494.0,,,,,,,,,,,,,,,,,,,,,,,,MEEKER
1996-05-01,5.5,,,,,,,,,,,,,,,,,,,,,,,,,,9659,,,,,,,,,,,,,,,,,,,,,,,,,,,,,,,MEEKER
1996-06-01,5.4,,,,,,,,,,,,,,,,,,,,,,,,,,9678,,,,,,,,,,,,,,,,,,,,,,,,,,,,,,,MEEKER
1996-07-01,5.7,,,,,,,,,,,,,,,,,,,,,,,,,,9407,,,,,,,498.0,,,,,,,,,,,,,,,,,,,,,,,,MEEKER
1996-08-01,4.5,,,,,,,,,,,,,,,,,,,,,,,,,,9295,,,,,,,,,,,,,,,,,,,,,,,,,,,,,,,MEEKER
1996-09-01,4.5,,,,,,,,,,,,,,,,,,,,,,,,,,9680,,,,,,,,,,,,,,,,,,,,,,,,,,,,,,,MEEKER
1996-10-01,4.4,,,,,,,,,,,,,,,,,,,,,,,,,,9699,,,,,,,501.0,,,,,,,,,,,,,,,,,,,,,,,,MEEKER
1996-11-01,5.0,,,,,,,,,,,,,,,,,,,,,,,,,,9725,,,,,,,,,,,,,,,,,,,,,,,,,,,,,,,MEEKER
1996-12-01,7.2,,,,,,,,,,,,,,,,,,,,,,,,,,9629,,,,,,,,,,,,,,,,,,,,,,,,,,,,,,,MEEKER
1997-01-01,8.6,,,,,,,,,,20327.0,21.996,36119.0,447110.0,,,,,,8.6,,,,622.0,,,9786,,,,82.14,,,507.0,105.0,32999.0,39222.0,,1863.0,1432.0,2295.0,6.6,,10.6,,533.0,11.1,377.0,689.0,7.8,769.0,11.9,570.0,969.0,8.8,14.3,15.1,MEEKER
1997-02-01,7.7,,,,,,,,,,,,,,,,,,,,,,,,,,9743,,,,,,,,,,,,,,,,,,,,,,,,,,,,,,,MEEKER
1997-03-01,8.2,,,,,,,,,,,,,,,,,,,,,,,,,,9636,,,,,,,,,,,,,,,,,,,,,,,,,,,,,,,MEEKER
1997-04-01,7.0,,,,,,,,,,,,,,,,,,,,,,,,,,9832,,,,,,,508.0,,,,,,,,,,,,,,,,,,,,,,,,MEEKER
1997-05-01,4.2,,,,,,,,,,,,,,,,,,,,,,,,,,9624,,,,,,,,,,,,,,,,,,,,,,,,,,,,,,,MEEKER
1997-06-01,4.8,,,,,,,,,,,,,,,,,,,,,,,,,,9704,,,,,,,,,,,,,,,,,,,,,,,,,,,,,,,MEEKER
1997-07-01,4.0,,,,,,,,,,,,,,,,,,,,,,,,,,9255,,,,,,,531.0,,,,,,,,,,,,,,,,,,,,,,,,MEEKER
1997-08-01,3.9,,,,,,,,,,,,,,,,,,,,,,,,,,9528,,,,,,,,,,,,,,,,,,,,,,,,,,,,,,,MEEKER
1997-09-01,3.9,,,,,,,,,,,,,,,,,,,,,,,,,,9579,,,,,,,,,,,,,,,,,,,,,,,,,,,,,,,MEEKER
1997-10-01,3.1,,,,,,,,,,,,,,,,,,,,,,,,,,9572,,,,,,,517.0,,,,,,,,,,,,,,,,,,,,,,,,MEEKER
1997-11-01,3.7,,,,,,,,,,,,,,,,,,,,,,,,,,9537,,,,,,,,,,,,,,,,,,,,,,,,,,,,,,,MEEKER
1997-12-01,5.2,,,,,,,,,,,,,,,,,,,,,,,,,,9560,,,,,,,,,,,,,,,,,,,,,,,,,,,,,,,MEEKER
1998-01-01,7.7,,,,,,,,,,21483.0,22.320999999999998,37894.0,479532.0,,6413.0,,,,9.2,,,,652.0,,,9669,,21758.0,,85.65,,,512.0,138.0,34799.0,40972.0,4894.0,2000.0,1547.0,2453.0,7.1,,11.3,,521.0,10.6,346.0,696.0,7.1,777.0,12.1,560.0,994.0,8.7,14.2,15.5,MEEKER
1998-02-01,7.2,,,,,,,,,,,,,,,,,,,,,,,,,,9678,,,,,,,,,,,,,,,,,,,,,,,,,,,,,,,MEEKER
1998-03-01,8.0,,,,,,,,,,,,,,,,,,,,,,,,,,9714,1.0,,,,,,,,,,,,,,,,,,,,,,,,,,,,,,MEEKER
1998-04-01,5.3,,,,,,,,,,,,,,,,,,,,,,,,,,9538,,,,,,,521.0,,,,,,,,,,,,,,,,,,,,,,,,MEEKER
1998-05-01,3.7,,,,,,,,,,,,,,,,,,,,,,,,,,9557,,,,,,,,,,,,,,,,,,,,,,,,,,,,,,,MEEKER
1998-06-01,4.4,,,,,,,,,,,,,,,,,,,,,,,,,,9578,,,,,,,,,,,,,,,,,,,,,,,,,,,,,,,MEEKER
1998-07-01,3.5,,,,,,,,,,,,,,,,,,,,,,,,,,9380,,,,,,,520.0,,,,,,,,,,,,,,,,,,,,,,,,MEEKER
1998-08-01,3.4,,,,,,,,,,,,,,,,,,,,,,,,,,9339,,,,,,,,,,,,,,,,,,,,,,,,,,,,,,,MEEKER
1998-09-01,3.7,,,,,,,,,,,,,,,,,,,,,,,,,,9699,,,,,,,,,,,,,,,,,,,,,,,,,,,,,,,MEEKER
1998-10-01,3.7,,,,,,,,,,,,,,,,,,,,,,,,,,9513,,,,,,,516.0,,,,,,,,,,,,,,,,,,,,,,,,MEEKER
1998-11-01,4.3,,,,,,,,,,,,,,,,,,,,,,,,,,9298,,,,,,,,,,,,,,,,,,,,,,,,,,,,,,,MEEKER
1998-12-01,5.9,,,,,,,,,,,,,,,,,,,,,,,,,,9408,,,,,,,,,,,,,,,,,,,,,,,,,,,,,,,MEEKER
1999-01-01,7.8,,,,,,,,409.7,26.195899772209568,22892.0,22.430999999999997,39966.0,513493.0,,6094.0,,,,7.3,,,,602.0,,,9594,,22343.0,370.5,92.76,,,522.0,156.0,37468.0,42630.0,4550.0,1642.0,1236.0,2049.0,5.5,,9.2,,366.0,8.0,227.0,505.0,5.0,534.0,8.8,357.0,711.0,5.9,11.1,11.7,MEEKER
1999-02-01,7.0,,,,,,,,,,,,,,,,,,,,,,,,,,9600,,,,,,,,,,,,,,,,,,,,,,,,,,,,,,,MEEKER
1999-03-01,7.0,,,,,,,,,,,,,,,,,,,,,,,,,,9397,,,,,,,,,,,,,,,,,,,,,,,,,,,,,,,MEEKER
1999-04-01,6.4,,,,,,,,,26.2350936967632,,,,,,,,,,,,,,,,,9492,,,,,,,526.0,,,,,,,,,,,,,,,,,,,,,,,,MEEKER
1999-05-01,5.2,,,,,,,,,,,,,,,,,,,,,,,,,,9535,,,,,,,,,,,,,,,,,,,,,,,,,,,,,,,MEEKER
1999-06-01,5.2,,,,,,,,,,,,,,,,,,,,,,,,,,9850,,,,,,,,,,,,,,,,,,,,,,,,,,,,,,,MEEKER
1999-07-01,4.7,,,,,,,,,25.42759407069555,,,,,,,,,,,,,,,,,9335,,,,,,,530.0,,,,,,,,,,,,,,,,,,,,,,,,MEEKER
1999-08-01,3.9,,,,,,,,,,,,,,,,,,,,,,,,,,9446,,,,,,,,,,,,,,,,,,,,,,,,,,,,,,,MEEKER
1999-09-01,3.8,,,,,,,,,,,,,,,,,,,,,,,,,,9360,,,,,,,,,,,,,,,,,,,,,,,,,,,,,,,MEEKER
1999-10-01,3.1,,,,,,,,,26.12244897959184,,,,,,,,,,,,,,,,,9462,,,,,,,532.0,,,,,,,,,,,,,,,,,,,,,,,,MEEKER
1999-11-01,4.0,,,,,,,,,,,,,,,,,,,,,,,,,,9444,,,,,,,,,,,,,,,,,,,,,,,,,,,,,,,MEEKER
1999-12-01,5.5,,,,,,,,,,,,,,,,,,,,,,,,,,9445,,,,,,,,,,,,,,,,,,,,,,,,,,,,,,,MEEKER
2000-01-01,5.9,,,,,,,,376.8,25.696055684454755,23647.0,22.771,42274.0,538349.0,,5860.0,,,,6.9,,,,578.0,,,12253,,22412.0,342.2,100.0,,,534.0,143.0,39233.0,45550.0,4356.0,1543.0,1195.0,1890.0,5.3,,8.4,,307.0,7.0,209.0,405.0,4.8,491.0,8.4,361.0,621.0,6.2,9.3,10.6,MEEKER
2000-02-01,5.7,,,,,,,,,,,,,,,,,,,,,,,,,,12455,,,,,,,,,,,,,,,,,,,,,,,,,,,,,,,MEEKER
2000-03-01,5.9,,,,,,,,,,,,,,,,,,,,,,,,,,12390,,,,,,,,,,,,,,,,,,,,,,,,,,,,,,,MEEKER
2000-04-01,4.4,,,,,,,,,23.95005675368899,,,,,,,,,,,,,,,,,12268,,,,,,,542.0,,,,,,,,,,,,,,,,,,,,,,,,MEEKER
2000-05-01,3.7,,,,,,,,,,,,,,,,,,,,,,,,,,12322,,,,,,,,,,,,,,,,,,,,,,,,,,,,,,,MEEKER
2000-06-01,3.7,,,,,,,,,,,,,,,,,,,,,,,,,,12356,,,,,,,,,,,,,,,,,,,,,,,,,,,,,,,MEEKER
2000-07-01,3.4,,,,,,,,,24.54495311638169,,,,,,,,,,,,,,,,,12350,,,,,,,541.0,,,,,,,,,,,,,,,,,,,,,,,,MEEKER
2000-08-01,3.4,,,,,,,,,,,,,,,,,,,,,,,,,,12358,,,,,,,,,,,,,,,,,,,,,,,,,,,,,,,MEEKER
2000-09-01,3.3,,,,,,,,,,,,,,,,,,,,,,,,,,12499,,,,,,,,,,,,,,,,,,,,,,,,,,,,,,,MEEKER
2000-10-01,3.2,,,,,,,,,24.04933196300103,,,,,,,,,,,,,,,,,12390,,,,,,,541.0,,,,,,,,,,,,,,,,,,,,,,,,MEEKER
2000-11-01,4.3,,,,,,,,,,,,,,,,,,,,,,,,,,12233,,,,,,,,,,,,,,,,,,,,,,,,,,,,,,,MEEKER
2000-12-01,5.1,,,,,,,,,,,,,,,,,,,,,,,,,,12236,,,,,,,,,,,,,,,,,,,,,,,,,,,,,,,MEEKER
2001-01-01,6.7,,,,,,,,325.5,24.35633367662204,24630.0,22.861,41722.0,563087.0,,5750.0,,,,7.6,,,,668.0,,,12352,,22590.0,291.0,106.73,,,542.0,164.0,38970.0,44668.0,4300.0,1724.0,1328.0,2119.0,5.9,,9.4,,362.0,8.4,236.0,488.0,5.5,530.0,9.2,376.0,684.0,6.5,11.3,11.9,MEEKER
2001-02-01,6.5,,,,,,,,,,,,,,,,,,,,,,,,,,12477,,,,,,,,,,,,,,,,,,,,,,,,,,,,,,,MEEKER
2001-03-01,6.8,,,,,,,,,,,,,,,,,,,,,,,,,,12513,,,,,,,,,,,,,,,,,,,,,,,,,,,,,,,MEEKER
2001-04-01,5.8,,,,,,,,,25.692695214105797,,,,,,,,,,,,,,,,,12588,,,,,,,547.0,,,,,,,,,,,,,,,,,,,,,,,,MEEKER
2001-05-01,3.7,,,,,,,,,,,,,,,,,,,,,,,,,,12612,1.0,,,,,,,,,,,,,,,,,,,,,,,,,,,,,,MEEKER
2001-06-01,4.1,,,,,,,,,,,,,,,,,,,,,,,,,,12737,,,,,,,,,,,,,,,,,,,,,,,,,,,,,,,MEEKER
2001-07-01,3.7,,,,,,,,,26.899696048632226,,,,,,,,,,,,,,,,,12620,,,,,,,541.0,,,,,,,,,,,,,,,,,,,,,,,,MEEKER
2001-08-01,3.5,,,,,,,,,,,,,,,,,,,,,,,,,,12848,,,,,,,,,,,,,,,,,,,,,,,,,,,,,,,MEEKER
2001-09-01,3.9,,,,,,,,,,,,,,,,,,,,,,,,,,12746,,,,,,,,,,,,,,,,,,,,,,,,,,,,,,,MEEKER
2001-10-01,3.4,,,,,,,,,26.161616161616163,,,,,,,,,,,,,,,,,12619,,,,,,,540.0,,,,,,,,,,,,,,,,,,,,,,,,MEEKER
2001-11-01,4.2,,,,,,,,,,,,,,,,,,,,,,,,,,12329,,,,,,,,,,,,,,,,,,,,,,,,,,,,,,,MEEKER
2001-12-01,5.7,,,,,,,,,,,,,,,,,,,,,,,,,,12525,,,,,,,,,,,,,,,,,,,,,,,,,,,,,,,MEEKER
2002-01-01,7.2,,,,,,,,309.0,25.698324022346373,25193.0,22.983,42733.0,579213.0,,5707.0,,,,7.4,,,,702.0,,,12595,,22886.0,277.1,114.96,,,563.0,127.0,39903.0,45763.0,4234.0,1691.0,1287.0,2096.0,5.6,,9.2,,350.0,8.3,236.0,464.0,5.6,482.0,8.4,345.0,618.0,6.0,11.0,10.8,MEEKER
2002-02-01,6.7,,,,,,,,,,,,,,,,,,,,,,,,,,12641,,,,,,,,,,,,,,,,,,,,,,,,,,,,,,,MEEKER
2002-03-01,6.9,,,,,,,,,,,,,,,,,,,,,,,,,,12783,,,,,,,,,,,,,,,,,,,,,,,,,,,,,,,MEEKER
2002-04-01,6.3,,,,,,,,,24.9001996007984,,,,,,,,,,,,,,,,,12833,,,,,,,569.0,,,,,,,,,,,,,,,,,,,,,,,,MEEKER
2002-05-01,4.1,,,,,,,,,,,,,,,,,,,,,,,,,,12564,,,,,,,,,,,,,,,,,,,,,,,,,,,,,,,MEEKER
2002-06-01,4.7,,,,,,,,,,,,,,,,,,,,,,,,,,12577,,,,,,,,,,,,,,,,,,,,,,,,,,,,,,,MEEKER
2002-07-01,4.4,,,,,,,,,25.93703148425787,,,,,,,,,,,,,,,,,12566,,,,,,,575.0,,,,,,,,,,,,,,,,,,,,,,,,MEEKER
2002-08-01,4.1,,,,,,,,,,,,,,,,,,,,,,,,,,12573,,,,,,,,,,,,,,,,,,,,,,,,,,,,,,,MEEKER
2002-09-01,3.9,,,,,,,,,,,,,,,,,,,,,,,,,,12686,,,,,,,,,,,,,,,,,,,,,,,,,,,,,,,MEEKER
2002-10-01,3.6,,,,,,,,,25.421209117938552,,,,,,,,,,,,,,,,,12673,,,,,,,572.0,,,,,,,,,,,,,,,,,,,,,,,,MEEKER
2002-11-01,4.3,,,,,,,,,,,,,,,,,,,,,,,,,,12446,,,,,,,,,,,,,,,,,,,,,,,,,,,,,,,MEEKER
2002-12-01,5.5,,,,,,,,,,,,,,,,,,,,,,,,,,12521,,,,,,,,,,,,,,,,,,,,,,,,,,,,,,,MEEKER
2003-01-01,7.4,,,,,,,,430.3,25.586034912718205,26438.0,23.07,43403.0,610515.0,,5573.0,,,,7.6,,,,868.0,,,12696,,22947.0,390.8,119.23,,,576.0,174.0,40748.0,46231.0,4153.0,1748.0,1332.0,2164.0,5.8,,9.4,,341.0,8.2,232.0,450.0,5.6,558.0,10.0,403.0,714.0,7.2,10.8,12.8,MEEKER
2003-02-01,7.3,,,,,,,,,,,,,,,,,,,,,,,,,,12671,,,,,,,,,,,,,,,,,,,,,,,,,,,,,,,MEEKER
2003-03-01,7.4,,,,,,,,,,,,,,,,,,,,,,,,,,12783,,,,,,,,,,,,,,,,,,,,,,,,,,,,,,,MEEKER
2003-04-01,6.1,,,,,,,,,24.925521350546173,,,,,,,,,,,,,,,,,12743,,,,,,,581.0,,,,,,,,,,,,,,,,,,,,,,,,MEEKER
2003-05-01,5.0,,,,,,,,,,,,,,,,,,,,,,,,,,12708,,,,,,,,,,,,,,,,,,,,,,,,,,,,,,,MEEKER
2003-06-01,5.4,,,,,,,,,,,,,,,,,,,,,,,,,,12654,,,,,,,,,,,,,,,,,,,,,,,,,,,,,,,MEEKER
2003-07-01,5.1,,,,,,,,,24.38544739429695,,,,,,,,,,,,,,,,,12417,,,,,,,590.0,,,,,,,,,,,,,,,,,,,,,,,,MEEKER
2003-08-01,4.9,,,,,,,,,,,,,,,,,,,,,,,,,,12498,,,,,,,,,,,,,,,,,,,,,,,,,,,,,,,MEEKER
2003-09-01,5.1,,,,,,,,,,,,,,,,,,,,,,,,,,12564,,,,,,,,,,,,,,,,,,,,,,,,,,,,,,,MEEKER
2003-10-01,4.4,,,,,,,,,23.61660079051383,,,,,,,,,,,,,,,,,12653,,,,,,,588.0,,,,,,,,,,,,,,,,,,,,,,,,MEEKER
2003-11-01,4.7,,,,,,,,,,,,,,,,,,,,,,,,,,12579,,,,,,,,,,,,,,,,,,,,,,,,,,,,,,,MEEKER
2003-12-01,6.2,,,,,,,,,,,,,,,,,,,,,,,,,,12657,,,,,,,,,,,,,,,,,,,,,,,,,,,,,,,MEEKER
2004-01-01,7.9,,,,,,,,362.3,24.346968950221786,28545.0,23.155,45519.0,662235.0,,5520.0,,,,7.3,,,,806.0,,,12500,,23050.0,331.4,129.43,,,574.0,204.0,42736.0,48483.0,3999.0,1689.0,1270.0,2109.0,5.5,,9.2,,338.0,8.5,221.0,455.0,5.5,529.0,9.6,375.0,684.0,6.8,11.4,12.4,MEEKER
2004-02-01,7.8,,,,,,,,,,,,,,,,,,,,,,,,,,12544,,,,,,,,,,,,,,,,,,,,,,,,,,,,,,,MEEKER
2004-03-01,7.9,,,,,,,,,,,,,,,,,,,,,,,,,,12523,1.0,,,,,,,,,,,,,,,,,,,,,,,,,,,,,,MEEKER
2004-04-01,5.8,,,,,,,,,24.501424501424502,,,,,,,,,,,,,,,,,12462,,,,,,,583.0,,,,,,,,,,,,,,,,,,,,,,,,MEEKER
2004-05-01,4.7,,,,,,,,,,,,,,,,,,,,,,,,,,12428,,,,,,,,,,,,,,,,,,,,,,,,,,,,,,,MEEKER
2004-06-01,5.3,,,,,,,,,,,,,,,,,,,,,,,,,,12605,,,,,,,,,,,,,,,,,,,,,,,,,,,,,,,MEEKER
2004-07-01,4.9,,,,,,,,,25.166508087535682,,,,,,,,,,,,,,,,,12400,,,,,,,587.0,,,,,,,,,,,,,,,,,,,,,,,,MEEKER
2004-08-01,4.6,,,,,,,,,,,,,,,,,,,,,,,,,,12254,,,,,,,,,,,,,,,,,,,,,,,,,,,,,,,MEEKER
2004-09-01,4.6,,,,,,,,,,,,,,,,,,,,,,,,,,12276,,,,,,,,,,,,,,,,,,,,,,,,,,,,,,,MEEKER
2004-10-01,3.9,,,,,,,,,24.7996228194248,,,,,,,,,,,,,,,,,12260,,,,,,,582.0,,,,,,,,,,,,,,,,,,,,,,,,MEEKER
2004-11-01,3.9,,,,,,,,,,,,,,,,,,,,,,,,,,12202,,,,,,,,,,,,,,,,,,,,,,,,,,,,,,,MEEKER
2004-12-01,5.4,,,,,,,,,,,,,,,,,,,,,,,,,,12192,,,,,,,,,,,,,,,,,,,,,,,,,,,,,,,MEEKER
2005-01-01,7.1,,,,,,,,295.7,24.755244755244757,29064.0,23.146,48314.0,674655.0,,5426.0,,,,8.4,371.0,,,789.0,,,12262,,22779.0,256.4,142.06,,,569.0,141.0,45225.0,51402.0,3949.0,1904.0,1541.0,2268.0,6.8,,10.0,,366.0,9.3,278.0,454.0,7.0,574.0,10.6,445.0,704.0,8.2,11.5,13.0,MEEKER
2005-02-01,7.3,,,,,,,,,,,,,,,,,,,,,,,,,,12338,,,,,,,,,,,,,,,,,,,,,,,,,,,,,,,MEEKER
2005-03-01,7.4,,,,,,,,,,,,,,,,,,,,,,,,,,12395,,,,,,,,,,,,,,,,,,,,,,,,,,,,,,,MEEKER
2005-04-01,5.9,,,,,,,,,24.52830188679245,,,,,,,,,,,,,,,,,12333,,,,,,,583.0,,,,,,,,,,,,,,,,,,,,,,,,MEEKER
2005-05-01,4.4,,,,,,,,,,,,,,,,,,,,,,,,,,12294,,,,,,,,,,,,,,,,,,,,,,,,,,,,,,,MEEKER
2005-06-01,4.3,,,,,,,,,,,,,,,,,,,,,,,,,,12441,,,,,,,,,,,,,,,,,,,,,,,,,,,,,,,MEEKER
2005-07-01,3.9,,,,,,,,,25.2506836827712,,,,,,,,,,,,,,,,,12470,,,,,,,601.0,,,,,,,,,,,,,,,,,,,,,,,,MEEKER
2005-08-01,3.7,,,,,,,,,,,,,,,,,,,,,,,,,,12401,,,,,,,,,,,,,,,,,,,,,,,,,,,,,,,MEEKER
2005-09-01,3.9,,,,,,,,,,,,,,,,,,,,,,,,,,12459,,,,,,,,,,,,,,,,,,,,,,,,,,,,,,,MEEKER
2005-10-01,3.6,,,,,,,,,24.618736383442265,,,,,,,,,,,,,,,,,12318,,,,,,,609.0,,,,,,,,,,,,,,,,,,,,,,,,MEEKER
2005-11-01,3.9,,,,,,,,,,,,,,,,,,,,,,,,,,12241,,,,,,,,,,,,,,,,,,,,,,,,,,,,,,,MEEKER
2005-12-01,5.7,,,,,,,,,,,,,,,,,,,,,,,,,,12271,,,,,,,,,,,,,,,,,,,,,,,,,,,,,,,MEEKER
2006-01-01,7.5,,,,,,,,311.8,24.67134092900964,29961.0,23.311,47479.0,701140.0,,5518.0,,,,8.1,298.0,,,799.0,,,12503,,22874.0,270.0,147.16,,,598.0,103.0,44335.0,50624.0,4025.0,1863.0,1503.0,2224.0,6.6,,9.7,,347.0,8.6,267.0,427.0,6.6,557.0,10.1,440.0,674.0,8.0,10.6,12.2,MEEKER
2006-02-01,7.4,,,,,,,,,,,,,,,,,,,,,,,,,,12595,1.0,,,,,,,,,,,,,,,,,,,,,,,,,,,,,,MEEKER
2006-03-01,7.1,,,,,,,,,,,,,,,,,,,,,,,,,,12576,,,,,,,,,,,,,,,,,,,,,,,,,,,,,,,MEEKER
2006-04-01,5.4,,,,,,,,,24.530772588389354,,,,,,,,,,,,,,,,,12475,2.0,,,,,,609.0,,,,,,,,,,,,,,,,,,,,,,,,MEEKER
2006-05-01,3.6,,,,,,,,,,,,,,,,,,,,,,,,,,12333,,,,,,,,,,,,,,,,,,,,,,,,,,,,,,,MEEKER
2006-06-01,3.9,,,,,,,,,,,,,,,,,,,,,,,,,,12463,,,,,,,,,,,,,,,,,,,,,,,,,,,,,,,MEEKER
2006-07-01,3.9,,,,,,,,,24.738675958188157,,,,,,,,,,,,,,,,,12288,,,,,,,593.0,,,,,,,,,,,,,,,,,,,,,,,,MEEKER
2006-08-01,3.8,,,,,,,,,,,,,,,,,,,,,,,,,,12281,,,,,,,,,,,,,,,,,,,,,,,,,,,,,,,MEEKER
2006-09-01,4.0,,,,,,,,,,,,,,,,,,,,,,,,,,12339,,,,,,,,,,,,,,,,,,,,,,,,,,,,,,,MEEKER
2006-10-01,3.6,,,,,,,,,25.87973273942093,,,,,,,,,,,,,,,,,12280,,,,,,,597.0,,,,,,,,,,,,,,,,,,,,,,,,MEEKER
2006-11-01,4.2,,,,,,,,,,,,,,,,,,,,,,,,,,12241,,,,,,,,,,,,,,,,,,,,,,,,,,,,,,,MEEKER
2006-12-01,6.1,,,,,,,,,,,,,,,,,,,,,,,,,,12282,1.0,,,,,,,,,,,,,,,,,,,,,,,,,,,,,,MEEKER
2007-01-01,7.8,,,,,,,,311.8,24.747696358051773,31475.0,23.311999999999998,49309.0,736738.0,,5557.0,,,,9.3,214.0,,,947.0,,,12400,,22684.0,264.3,146.54,,,573.0,68.0,45522.0,53095.0,3974.0,2114.0,1720.0,2508.0,7.6,,11.1,,366.0,9.2,277.0,455.0,7.0,630.0,11.3,488.0,773.0,8.8,11.4,13.9,MEEKER
2007-02-01,7.7,,,,,,,,,,,,,,,,,,,,,,,,,,12471,,,,,,,,,,,,,,,,,,,,,,,,,,,,,,,MEEKER
2007-03-01,7.5,,,,,,,,,,,,,,,,,,,,,,,,,,12501,,,,,,,,,,,,,,,,,,,,,,,,,,,,,,,MEEKER
2007-04-01,6.8,,,,,,,,,25.229960578186603,,,,,,,,,,,,,,,,,12444,,,,,,,583.0,,,,,,,,,,,,,,,,,,,,,,,,MEEKER
2007-05-01,5.1,,,,,,,,,,,,,,,,,,,,,,,,,,12443,,,,,,,,,,,,,,,,,,,,,,,,,,,,,,,MEEKER
2007-06-01,5.4,,,,,,,,,,,,,,,,,,,,,,,,,,12506,,,,,,,,,,,,,,,,,,,,,,,,,,,,,,,MEEKER
2007-07-01,5.0,,,,,,,,,25.444299956653662,,,,,,,,,,,,,,,,,12460,,,,,,,585.0,,,,,,,,,,,,,,,,,,,,,,,,MEEKER
2007-08-01,4.9,,,,,,,,,,,,,,,,,,,,,,,,,,12324,,,,,,,,,,,,,,,,,,,,,,,,,,,,,,,MEEKER
2007-09-01,5.1,,,,,,,,,,,,,,,,,,,,,,,,,,12318,,,,,,,,,,,,,,,,,,,,,,,,,,,,,,,MEEKER
2007-10-01,4.5,,,,,,,,,26.63316582914573,,,,,,,,,,,,,,,,,12278,,,,,,,588.0,,,,,,,,,,,,,,,,,,,,,,,,MEEKER
2007-11-01,4.7,,,,,,,,,,,,,,,,,,,,,,,,,,12189,,,,,,,,,,,,,,,,,,,,,,,,,,,,,,,MEEKER
2007-12-01,6.7,,,,,,,,,,,,,,,,,,,,,,,,,,12230,,,,,,,,,,,,,,,,,,,,,,,,,,,,,,,MEEKER
2008-01-01,7.9,,,,,,,,348.4,25.986078886310906,33725.0,23.351999999999997,51608.0,790983.0,,5465.0,,,,9.1,205.0,,,1115.0,,,12497,,22623.0,284.9,143.35,,,567.0,37.0,48298.0,54917.0,3855.0,2049.0,1676.0,2423.0,7.4,51.8499999046326,10.7,,362.0,9.4,279.0,445.0,7.2,592.0,10.8,467.0,716.0,8.5,11.5,13.1,MEEKER
2008-02-01,7.9,,,,,,,,,,,,,,,,,,,,,,,,,,12448,,,,,,,,,,,,,,,,,,,,,,,,,,,,,,,MEEKER
2008-03-01,7.7,,,,,,,,,,,,,,,,,,,,,,,,,,12572,,,,,,,,,,,,,,,,,,,,,,,,,,,,,,,MEEKER
2008-04-01,7.0,,,,,,,,,25.462962962962965,,,,,,,,,,,,,,,,,12553,,,,,,,576.0,,,,,,,,,,,,,,,,,,,,,,,,MEEKER
2008-05-01,5.7,,,,,,,,,,,,,,,,,,,,,,,,,,12578,,,,,,,,,,,,,,,,,,,,,,,,,,,,,,,MEEKER
2008-06-01,5.6,,,,,,,,,,,,,,,,,,,,,,,,,,12671,,,,,,,,,,,,,,,,,,,,,,,,,,,,,,,MEEKER
2008-07-01,5.7,,,,,,,,,25.655172413793107,,,,,,,,,,,,,,,,,12496,,,,,,,582.0,,,,,,,,,,,,,,,,,,,,,,,,MEEKER
2008-08-01,5.6,,,,,,,,,,,,,,,,,,,,,,,,,,12435,,,,,,,,,,,,,,,,,,,,,,,,,,,,,,,MEEKER
2008-09-01,5.6,,,,,,,,,,,,,,,,,,,,,,,,,,12411,,,,,,,,,,,,,,,,,,,,,,,,,,,,,,,MEEKER
2008-10-01,5.4,,,,,,,,,26.287262872628727,,,,,,,,,,,,,,,,,12378,,,,,,,584.0,,,,,,,,,,,,,,,,,,,,,,,,MEEKER
2008-11-01,6.3,,,,,,,,,,,,,,,,,,,,,,,,,,12404,,,,,,,,,,,,,,,,,,,,,,,,,,,,,,,MEEKER
2008-12-01,8.7,,,,,,,,,,,,,,,,,,,,,,,,,,12529,,,,,,,,,,,,,,,,,,,,,,,,,,,,,,,MEEKER
2009-01-01,10.8,23.371627906976748,,41.2,22131.0,122.0,710.0,26.0,299.3,25.807919890760132,31728.0,23.188000000000002,51811.0,739198.0,,5706.0,84.97270165551251,23.535492763611302,80.0,9.2,198.0,40.12622337342876,29.0,1446.0,7.195421095666393,,12584,,22618.0,246.5,132.61,,,541.0,32.0,49175.0,54447.0,4074.0,2090.0,1673.0,2506.0,7.4,51.8499999046326,11.1,25.8,419.0,10.3,323.0,515.0,7.9,664.0,11.6,525.0,803.0,9.2,12.6,14.1,MEEKER
2009-02-01,11.2,,,,,,,,,,,,,,,,,,,,,,,,,,12496,,,,,,,,,,,,,,,,,,,,,,,,,,,,,,,MEEKER
2009-03-01,11.6,,,,,,,,,,,,,,,,,,,,,,,,,,12620,,,,,,,,,,,,,,,,,,,,,,,,,,,,,,,MEEKER
2009-04-01,10.8,,,,,,,,,24.678899082568808,,,,,,,,,,,,,,,,,12738,,,,,,,550.0,,,,,,,,,,,,,,,,,,,,,,,,MEEKER
2009-05-01,9.2,,,,,,,,,,,,,,,,,,,,,,,,,,12617,,,,,,,,,,,,,,,,,,,,,,,,,,,,,,,MEEKER
2009-06-01,9.1,,,,,,,,,,,,,,,,,,,,,,,,,,12719,,,,,,,,,,,,,,,,,,,,,,,,,,,,,,,MEEKER
2009-07-01,8.7,,,,,,,,,25.57303370786517,,,,,,,,,,,,,,,,,12572,,,,,,,546.0,,,,,,,,,,,,,,,,,,,,,,,,MEEKER
2009-08-01,8.5,,,,,,,,,,,,,,,,,,,,,,,,,,12543,,,,,,,,,,,,,,,,,,,,,,,,,,,,,,,MEEKER
2009-09-01,8.5,,,,,,,,,,,,,,,,,,,,,,,,,,12390,,,,,,,,,,,,,,,,,,,,,,,,,,,,,,,MEEKER
2009-10-01,8.3,,,,,,,,,25.611967361740714,,,,,,,,,,,,,,,,,12424,,,,,,,548.0,,,,,,,,,,,,,,,,,,,,,,,,MEEKER
2009-11-01,8.3,,,,,,,,,,,,,,,,,,,,,,,,,,12418,,,,,,,,,,,,,,,,,,,,,,,,,,,,,,,MEEKER
2009-12-01,9.3,,,,,,,,,,,,,,,,,,,,,,,,,,12493,,,,,,,,,,,,,,,,,,,,,,,,,,,,,,,MEEKER
2010-01-01,11.4,23.437296037296036,8.646520766989633,40.8,22305.0,74.0,684.0,52.0,326.9,24.95471014492753,33657.0,23.33,49784.0,784990.0,,5815.0,84.17743474113259,26.05416523825849,37.0,8.9,317.0,36.215328767687296,26.0,1821.0,6.893617021276596,31.832061068702288,12751,,22942.0,275.5,120.02,15.7,88.7,541.0,23.0,47161.0,52407.0,4185.0,2049.0,1600.0,2498.0,6.9,53.539999961853,10.9,26.4,479.0,11.4,365.0,593.0,8.7,721.0,12.4,552.0,890.0,9.5,14.1,15.3,MEEKER
2010-02-01,11.1,,,,,,,,,,,,,,,,,,,,,,,,,,13045,,,,,,,,,,,,,,,,,,,,,,,,,,,,,,,MEEKER
2010-03-01,10.8,,,,,,,,,,,,,,,,,,,,,,,,,,13083,,,,,,,,,,,,,,,,,,,,,,,,,,,,,,,MEEKER
2010-04-01,9.2,,,,,,,,,24.41016333938294,,,,,,,,,,,,,,,,,13068,,,,,,,538.0,,,,,,,,,,,,,,,,,,,,,,,,MEEKER
2010-05-01,8.1,,,,,,,,,,,,,,,,,,,,,,,,,,13024,,,,,,,,,,,,,,,,,,,,,,,,,,,,,,,MEEKER
2010-06-01,8.1,,,,,,,,,,,,,,,,,,,,,,,,,,12849,,,,,,,,,,,,,,,,,,,,,,,,,,,,,,,MEEKER
2010-07-01,7.9,,,,,,,,,24.770642201834864,,,,,,,,,,,,,,,,,12792,,,,,,,541.0,,,,,,,,,,,,,,,,,,,,,,,,MEEKER
2010-08-01,7.7,,,,,,,,,,,,,,,,,,,,,,,,,,12612,,,,,,,,,,,,,,,,,,,,,,,,,,,,,,,MEEKER
2010-09-01,7.5,,,,,,,,,,,,,,,,,,,,,,,,,,12579,,,,,,,,,,,,,,,,,,,,,,,,,,,,,,,MEEKER
2010-10-01,7.1,,,,,,,,,24.943207632894133,,,,,,,,,,,,,,,,,12634,,,,,,,536.0,,,,,,,,,,,,,,,,,,,,,,,,MEEKER
2010-11-01,7.6,,,,,,,,,,,,,,,,,,,,,,,,,,12641,,,,,,,,,,,,,,,,,,,,,,,,,,,,,,,MEEKER
2010-12-01,8.7,,,,,,,,,,,,,,,,,,,,,,,,,,12653,,,,,,,,,,,,,,,,,,,,,,,,,,,,,,,MEEKER
2011-01-01,10.1,23.77128157156221,8.824140899159108,40.9,22267.0,76.0,718.0,55.0,319.3,24.805491990846683,35315.0,23.195,51299.0,819866.0,,5751.0,84.22244480250838,28.153629316420016,90.0,9.3,243.0,32.87100840148332,50.0,1918.0,5.125977410947002,33.097595473833096,12699,,22908.0,258.8,117.93,16.1,89.8,536.0,37.0,48542.0,54056.0,4178.0,2126.0,1711.0,2541.0,7.5,52.2799999997951,11.1,27.1,493.0,11.8,373.0,613.0,8.9,739.0,12.8,572.0,906.0,9.9,14.7,15.7,MEEKER
2011-02-01,9.8,,,,,,,,,,,,,,,,,,,,,,,,,,12869,,,,,,,,,,,,,,,,,,,,,,,,,,,,,,,MEEKER
2011-03-01,9.8,,,,,,,,,,,,,,,,,,,,,,,,,,13022,,,,,,,,,,,,,,,,,,,,,,,,,,,,,,,MEEKER
2011-04-01,8.5,,,,,,,,,24.111212397447588,,,,,,,,,,,,,,,,,12944,,,,,,,540.0,,,,,,,,,,,,,,,,,,,,,,,,MEEKER
2011-05-01,7.2,,,,,,,,,,,,,,,,,,,,,,,,,,13010,,,,,,,,,,,,,,,,,,,,,,,,,,,,,,,MEEKER
2011-06-01,7.3,,,,,,,,,,,,,,,,,,,,,,,,,,13037,,,,,,,,,,,,,,,,,,,,,,,,,,,,,,,MEEKER
2011-07-01,7.3,,,,,,,,,24.362477231329688,,,,,,,,,,,,,,,,,12988,,,,,,,548.0,,,,,,,,,,,,,,,,,,,,,,,,MEEKER
2011-08-01,6.8,,,,,,,,,,,,,,,,,,,,,,,,,,12852,,,,,,,,,,,,,,,,,,,,,,,,,,,,,,,MEEKER
2011-09-01,6.5,,,,,,,,,,,,,,,,,,,,,,,,,,12613,,,,,,,,,,,,,,,,,,,,,,,,,,,,,,,MEEKER
2011-10-01,5.9,,,,,,,,,24.738517507958164,,,,,,,,,,,,,,,,,12667,,,,,,,548.0,,,,,,,,,,,,,,,,,,,,,,,,MEEKER
2011-11-01,6.1,,,,,,,,,,,,,,,,,,,,,,,,,,12649,,,,,,,,,,,,,,,,,,,,,,,,,,,,,,,MEEKER
2011-12-01,7.2,,,,,,,,,,,,,,,,,,,,,,,,,,12785,,,,,,,,,,,,,,,,,,,,,,,,,,,,,,,MEEKER
2012-01-01,8.8,24.476877508121532,8.976291672200823,41.4,22170.0,77.0,752.0,41.0,288.8,24.166285975331203,38029.0,23.039,50174.0,876834.0,10.6,5634.0,82.87300061183464,27.65110387260225,-164.0,12.0,286.0,31.4608743640105,57.0,1918.0,4.6181172291296635,32.05100261551873,12722,,22713.0,230.9,116.36,16.6,90.2,539.0,48.0,47032.0,53316.0,4079.0,2719.0,2336.0,3102.0,10.3,50.857999999541796,13.7,27.200000000000006,545.0,13.4,441.0,649.0,10.9,838.0,14.9,691.0,985.0,12.3,15.9,17.5,MEEKER
2012-02-01,8.6,,,,,,,,,,,,,,,,,,,,,,,,,,12688,,,,,,,,,,,,,,,,,,,,,,,,,,,,,,,MEEKER
2012-03-01,8.4,,,,,,,,,,,,,,,,,,,,,,,,,,12774,,,,,,,,,,,,,,,,,,,,,,,,,,,,,,,MEEKER
2012-04-01,6.6,,,,,,,,,23.60670593565927,,,,,,,,,,,,,,,,,12715,,,,,,,542.0,,,,,,,,,,,,,,,,,,,,,,,,MEEKER
2012-05-01,5.8,,,,,,,,,,,,,,,,,,,,,,,,,,12917,,,,,,,,,,,,,,,,,,,,,,,,,,,,,,,MEEKER
2012-06-01,6.1,,,,,,,,,,,,,,,,,,,,,,,,,,12991,,,,,,,,,,,,,,,,,,,,,,,,,,,,,,,MEEKER
2012-07-01,6.0,,,,,,,,,23.92969806219017,,,,,,,,,,,,,,,,,12965,,,,,,,543.0,,,,,,,,,,,,,,,,,,,,,,,,MEEKER
2012-08-01,6.0,,,,,,,,,,,,,,,,,,,,,,,,,,12753,,,,,,,,,,,,,,,,,,,,,,,,,,,,,,,MEEKER
2012-09-01,5.3,,,,,,,,,,,,,,,,,,,,,,,,,,12508,,,,,,,,,,,,,,,,,,,,,,,,,,,,,,,MEEKER
2012-10-01,5.2,,,,,,,,,24.29656096471639,,,,,,,,,,,,,,,,,12569,,,,,,,547.0,,,,,,,,,,,,,,,,,,,,,,,,MEEKER
2012-11-01,5.5,,,,,,,,,,,,,,,,,,,,,,,,,,12555,,,,,,,,,,,,,,,,,,,,,,,,,,,,,,,MEEKER
2012-12-01,6.6,,,,,,,,,,,,,,,,,,,,,,,,,,12668,,,,,,,,,,,,,,,,,,,,,,,,,,,,,,,MEEKER
2013-01-01,8.1,24.645244461420933,9.557050704029963,41.7,22071.0,84.0,767.0,43.0,292.9,23.761061946902647,37766.0,23.096,55327.0,872329.0,10.2,5626.0,83.51003241917113,25.176747839748625,-37.0,9.4,223.0,25.84505984275627,80.0,1907.0,4.940374787052812,31.6779117354275,12715,,22739.0,231.9,115.82,17.7,90.6,536.0,43.0,51996.0,58658.0,4134.0,2129.0,1702.0,2556.0,7.5,40.5659999996424,11.3,28.7,468.0,11.3,348.0,588.0,8.4,685.0,12.2,527.0,843.0,9.4,14.2,15.0,MEEKER
2013-02-01,7.7,,,,,,,,,,,,,,,,,,,,,,,,,,12639,,,,,,,,,,,,,,,,,,,,,,,,,,,,,,,MEEKER
2013-03-01,7.2,,,,,,,,,,,,,,,,,,,,,,,,,,12643,,,,,,,,,,,,,,,,,,,,,,,,,,,,,,,MEEKER
2013-04-01,6.2,,,,,,,,,23.423026025584477,,,,,,,,,,,,,,,,,12724,,,,,,,542.0,,,,,,,,,,,,,,,,,,,,,,,,MEEKER
2013-05-01,4.8,,,,,,,,,,,,,,,,,,,,,,,,,,12747,,,,,,,,,,,,,,,,,,,,,,,,,,,,,,,MEEKER
2013-06-01,5.2,,,,,,,,,,,,,,,,,,,,,,,,,,12942,,,,,,,,,,,,,,,,,,,,,,,,,,,,,,,MEEKER
2013-07-01,5.0,,,,,,,,,23.288250211327128,,,,,,,,,,,,,,,,,12904,,,,,,,546.0,,,,,,,,,,,,,,,,,,,,,,,,MEEKER
2013-08-01,4.5,,,,,,,,,,,,,,,,,,,,,,,,,,12895,,,,,,,,,,,,,,,,,,,,,,,,,,,,,,,MEEKER
2013-09-01,4.1,,,,,,,,,,,,,,,,,,,,,,,,,,12754,,,,,,,,,,,,,,,,,,,,,,,,,,,,,,,MEEKER
2013-10-01,3.9,,,,,,,,,23.695286195286197,,,,,,,,,,,,,,,,,12662,,,,,,,539.0,,,,,,,,,,,,,,,,,,,,,,,,MEEKER
2013-11-01,4.2,,,,,,,,,,,,,,,,,,,,,,,,,,12589,,,,,,,,,,,,,,,,,,,,,,,,,,,,,,,MEEKER
2013-12-01,5.4,,,,,,,,,,,,,,,,,,,,,,,,,,12679,,,,,,,,,,,,,,,,,,,,,,,,,,,,,,,MEEKER
2014-01-01,6.8,24.3881955522192,10.296175921443883,41.8,22005.0,86.0,769.0,41.0,368.0,23.048172757475086,39044.0,23.138,54354.0,903005.0,10.3,5616.0,81.80581160565359,24.21346077260056,124.0,10.0,203.0,26.026959474812237,70.0,1695.0,4.610226320201174,30.87598534473188,12701,,22740.0,273.2,126.46,18.0,91.1,543.0,42.0,51565.0,57143.0,4160.0,2268.0,1857.0,2679.0,8.2,40.7789999996312,11.8,29.5,501.0,12.0,389.0,613.0,9.3,736.0,13.1,580.0,892.0,10.3,14.7,15.9,MEEKER
2014-02-01,6.7,,,,,,,,,,,,,,,,,,,,,,,,,,12698,,,,,,,,,,,,,,,,,,,,,,,,,,,,,,,MEEKER
2014-03-01,6.6,,,,,,,,,,,,,,,,,,,,,,,,,,12717,,,,,,,,,,,,,,,,,,,,,,,,,,,,,,,MEEKER
2014-04-01,5.1,,,,,,,,,22.689075630252105,,,,,,,,,,,,,,,,,12650,,,,,,,547.0,,,,,,,,,,,,,,,,,,,,,,,,MEEKER
2014-05-01,3.9,,,,,,,,,,,,,,,,,,,,,,,,,,12662,,,,,,,,,,,,,,,,,,,,,,,,,,,,,,,MEEKER
2014-06-01,4.1,,,,,,,,,,,,,,,,,,,,,,,,,,12834,,,,,,,,,,,,,,,,,,,,,,,,,,,,,,,MEEKER
2014-07-01,4.0,,,,,,,,,22.63443101292205,,,,,,,,,,,,,,,,,12916,,,,,,,549.0,,,,,,,,,,,,,,,,,,,,,,,,MEEKER
2014-08-01,3.6,,,,,,,,,,,,,,,,,,,,,,,,,,12960,,,,,,,,,,,,,,,,,,,,,,,,,,,,,,,MEEKER
2014-09-01,3.2,,,,,,,,,,,,,,,,,,,,,,,,,,13005,,,,,,,,,,,,,,,,,,,,,,,,,,,,,,,MEEKER
2014-10-01,2.8,,,,,,,,,22.336328626444157,,,,,,,,,,,,,,,,,13037,,,,,,,547.0,,,,,,,,,,,,,,,,,,,,,,,,MEEKER
2014-11-01,3.8,,,,,,,,,,,,,,,,,,,,,,,,,,13012,,,,,,,,,,,,,,,,,,,,,,,,,,,,,,,MEEKER
2014-12-01,4.8,,,,,,,,,,,,,,,,,,,,,,,,,,13125,,,,,,,,,,,,,,,,,,,,,,,,,,,,,,,MEEKER
2015-01-01,5.8,25.215686274509807,11.044150110375275,42.0,21956.0,97.0,789.0,33.0,293.3,21.528662420382165,41017.0,23.059,58607.0,946470.0,10.1,5624.0,83.75790583274771,25.071691929537078,100.0,7.9,136.0,35.58797230064608,72.0,1534.0,3.5744680851063837,28.63886703383163,13426,,22738.0,221.0,125.1,18.9,91.6,537.0,51.0,54735.0,62479.0,4174.0,1788.0,1398.0,2178.0,6.2,36.5409999997355,9.6,31.2,388.0,9.3,289.0,487.0,6.9,592.0,10.5,458.0,726.0,8.1,11.7,12.9,MEEKER
2015-02-01,5.9,,,,,,,,,,,,,,,,,,,,,,,,,,13303,,,,,,,,,,,,,,,,,,,,,,,,,,,,,,,MEEKER
2015-03-01,5.8,,,,,,,,,,,,,,,,,,,,,,,,,,13471,,,,,,,,,,,,,,,,,,,,,,,,,,,,,,,MEEKER
2015-04-01,4.2,,,,,,,,,19.700214132762312,,,,,,,,,,,,,,,,,13307,,,,,,,536.0,,,,,,,,,,,,,,,,,,,,,,,,MEEKER
2015-05-01,3.5,,,,,,,,,,,,,,,,,,,,,,,,,,13262,,,,,,,,,,,,,,,,,,,,,,,,,,,,,,,MEEKER
2015-06-01,3.8,,,,,,,,,,,,,,,,,,,,,,,,,,13509,,,,,,,,,,,,,,,,,,,,,,,,,,,,,,,MEEKER
2015-07-01,3.7,,,,,,,,,19.957627118644066,,,,,,,,,,,,,,,,,13308,,,,,,,528.0,,,,,,,,,,,,,,,,,,,,,,,,MEEKER
2015-08-01,3.4,,,,,,,,,,,,,,,,,,,,,,,,,,13307,,,,,,,,,,,,,,,,,,,,,,,,,,,,,,,MEEKER
2015-09-01,2.9,,,,,,,,,,,,,,,,,,,,,,,,,,13108,,,,,,,,,,,,,,,,,,,,,,,,,,,,,,,MEEKER
2015-10-01,2.9,,,,,,,,,20.403870424905342,,,,,,,,,,,,,,,,,13330,,,,,,,528.0,,,,,,,,,,,,,,,,,,,,,,,,MEEKER
2015-11-01,3.3,,,,,,,,,,,,,,,,,,,,,,,,,,13287,,,,,,,,,,,,,,,,,,,,,,,,,,,,,,,MEEKER
2015-12-01,5.1,,,,,,,,,,,,,,,,,,,,,,,,,,13452,1.0,,,,,,,,,,,,,,,,,,,,,,,,,,,,,,MEEKER
2016-01-01,6.0,25.0732023721275,10.211269464238583,42.1,21874.0,88.0,805.0,49.0,383.0,19.923857868020306,41449.0,23.099,61374.0,957877.0,9.4,5525.0,83.04368867966033,27.944193680755024,,7.1,130.0,36.903790003569114,92.0,,3.5870516185476813,25.255044207662664,13480,,22737.0,280.8,129.44,18.9,92.0,519.0,50.0,58197.0,64551.0,4078.0,1604.0,1228.0,1980.0,5.4,,8.8,32.300000000000004,378.0,9.3,278.0,478.0,6.8,551.0,10.0,412.0,690.0,7.5,11.8,12.5,MEEKER
2016-02-01,6.0,,,,,,,,,,,,,,,,,,,,,,,,,,13339,,,,,,,,,,,,,,,,,,,,,,,,,,,,,,,MEEKER
2016-03-01,6.1,,,,,,,,,,,,,,,,,,,,,,,,,,13494,,,,,,,,,,,,,,,,,,,,,,,,,,,,,,,MEEKER
2016-04-01,4.4,,,,,,,,,18.603678929765888,,,,,,,,,,,,,,,,,13316,,,,,,,527.0,,,,,,,,,,,,,,,,,,,,,,,,MEEKER
2016-05-01,3.5,,,,,,,,,,,,,,,,,,,,,,,,,,13177,,,,,,,,,,,,,,,,,,,,,,,,,,,,,,,MEEKER
2016-06-01,4.2,,,,,,,,,,,,,,,,,,,,,,,,,,13377,,,,,,,,,,,,,,,,,,,,,,,,,,,,,,,MEEKER
2016-07-01,4.1,,,,,,,,,18.5261424454508,,,,,,,,,,,,,,,,,13303,,,,,,,527.0,,,,,,,,,,,,,,,,,,,,,,,,MEEKER
2016-08-01,4.1,,,,,,,,,,,,,,,,,,,,,,,,,,13265,,,,,,,,,,,,,,,,,,,,,,,,,,,,,,,MEEKER
2016-09-01,3.6,,,,,,,,,,,,,,,,,,,,,,,,,,13015,,,,,,,,,,,,,,,,,,,,,,,,,,,,,,,MEEKER
2016-10-01,3.3,,,,,,,,,18.68086849651782,,,,,,,,,,,,,,,,,13291,,,,,,,533.0,,,,,,,,,,,,,,,,,,,,,,,,MEEKER
2016-11-01,3.5,,,,,,,,,,,,,,,,,,,,,,,,,,13312,,,,,,,,,,,,,,,,,,,,,,,,,,,,,,,MEEKER
2016-12-01,5.1,,,,,,,,,,,,,,,,,,,,,,,,,,13367,,,,,,,,,,,,,,,,,,,,,,,,,,,,,,,MEEKER
2017-01-01,6.2,,,,,,,,,18.33333333333333,,23.131,,,,,,,,,144.0,,,,,,13394,,,,135.63,,,535.0,106.0,,,,,,,,,,,,,,,,,,,,,,,MEEKER
2017-02-01,6.1,,,,,,,,,,,,,,,,,,,,,,,,,,13232,,,,,,,,,,,,,,,,,,,,,,,,,,,,,,,MEEKER
2017-03-01,5.6,,,,,,,,,,,,,,,,,,,,,,,,,,13344,,,,,,,,,,,,,,,,,,,,,,,,,,,,,,,MEEKER
2017-04-01,4.2,,,,,,,,,18.16707218167072,,,,,,,,,,,,,,,,,13420,,,,,,,548.0,,,,,,,,,,,,,,,,,,,,,,,,MEEKER
2017-05-01,3.2,,,,,,,,,,,,,,,,,,,,,,,,,,13303,,,,,,,,,,,,,,,,,,,,,,,,,,,,,,,MEEKER
2017-06-01,3.7,,,,,,,,,,,,,,,,,,,,,,,,,,13449,,,,,,,,,,,,,,,,,,,,,,,,,,,,,,,MEEKER
2017-07-01,3.5,,,,,,,,,19.44219886822959,,,,,,,,,,,,,,,,,13352,,,,,,,558.0,,,,,,,,,,,,,,,,,,,,,,,,MEEKER
2017-08-01,3.6,,,,,,,,,,,,,,,,,,,,,,,,,,13267,,,,,,,,,,,,,,,,,,,,,,,,,,,,,,,MEEKER
2017-09-01,2.9,,,,,,,,,,,,,,,,,,,,,,,,,,13058,,,,,,,,,,,,,,,,,,,,,,,,,,,,,,,MEEKER
2017-10-01,2.4,,,,,,,,,20.224719101123593,,,,,,,,,,,,,,,,,13225,,,,,,,560.0,,,,,,,,,,,,,,,,,,,,,,,,MEEKER
2017-11-01,3.1,,,,,,,,,,,,,,,,,,,,,,,,,,13239,,,,,,,,,,,,,,,,,,,,,,,,,,,,,,,MEEKER
2017-12-01,4.3,,,,,,,,,,,,,,,,,,,,,,,,,,13330,,,,,,,,,,,,,,,,,,,,,,,,,,,,,,,MEEKER
2018-01-01,5.4,,,,,,,,,19.91983967935872,,,,,,,,,,,,,,,,,13429,,,,,,,568.0,,,,,,,,,,,,,,,,,,,,,,,,MEEKER
2018-02-01,5.3,,,,,,,,,,,,,,,,,,,,,,,,,,13466,,,,,,,,,,,,,,,,,,,,,,,,,,,,,,,MEEKER
2018-03-01,5.2,,,,,,,,,,,,,,,,,,,,,,,,,,13492,,,,,,,,,,,,,,,,,,,,,,,,,,,,,,,MEEKER
2018-04-01,4.4,,,,,,,,,18.69688385269122,,,,,,,,,,,,,,,,,13562,,,,,,,,,,,,,,,,,,,,,,,,,,,,,,,MEEKER
2018-05-01,2.6,,,,,,,,,,,,,,,,,,,,,,,,,,13519,,,,,,,,,,,,,,,,,,,,,,,,,,,,,,,MEEKER
2018-06-01,2.9,,,,,,,,,,,,,,,,,,,,,,,,,,13524,,,,,,,,,,,,,,,,,,,,,,,,,,,,,,,MEEKER
2018-07-01,2.8,,,,,,,,,,,,,,,,,,,,,,,,,,13488,,,,,,,,,,,,,,,,,,,,,,,,,,,,,,,MEEKER
2018-08-01,2.5,,,,,,,,,,,,,,,,,,,,,,,,,,13123,,,,,,,,,,,,,,,,,,,,,,,,,,,,,,,MEEKER
