DATE,MNNOBL5URN,PCPI27105,PI27105,2020RATIO027105,B14005DCYACS027105,DP04ACS027105,MNNOBL5POP,MNNOBL5LFN,MHIMN27105A052NCEN,HC01ESTVC1727105,PUA0T17MN27105A647NCEN,PEAAMN27105A647NCEN,DMPCRATE027105,FBITC027105,RACEDISPARITY027105,S1501ACSTOTAL027105,PE5T17MN27105A647NCEN,CBR27105MNA647NCEN,PPU18MN27105A156NCEN,CDC20N2U027105,PUAAMN27105A647NCEN,B01002001E027105,B080ACS027105,CDC20N2UAA027105,ATNHPIUS27105A,EQFXSUBPRIME027105,S1701ACS027105,HC01ESTVC1627105,B03002003E027105,B03002006E027105,B03002012E027105,ENU2710520510,BPPRIV027105,MHICILBMN27105A052NCEN,MHICIUBMN27105A052NCEN,B03002005E027105,PUA5T17RMN27105A647NCEN,HOWNRATEACS027105,NETMIGNACS027105,S1101SPHOUSE027105,PPAAMN27105A156NCEN,PECILBAAMN27105A647NCEN,PECIUBAAMN27105A647NCEN,PPCILBAAMN27105A156NCEN,PPCIUBAAMN27105A156NCEN,PP5T17MN27105A156NCEN,PECILB5T17MN27105A647NCEN,PECIUB5T17MN27105A647NCEN,PPCILB5T17MN27105A156NCEN,PEU18MN27105A647NCEN,B03002004E027105,PECILBU18MN27105A647NCEN,PECIUBU18MN27105A647NCEN,PPCILBU18MN27105A156NCEN,PPCIUB5T17MN27105A156NCEN,PPCIUBU18MN27105A156NCEN,county
1991-01-01,4.5,17642.0,357147.0,,,,20.244,9848.0,,,,,,,,,,,,,,,,,79.61,,,,,,,563.0,45.0,,,,,,,,,,,,,,,,,,,,,,,,NOBLES
1991-02-01,4.3,,,,,,,9716.0,,,,,,,,,,,,,,,,,,,,,,,,,,,,,,,,,,,,,,,,,,,,,,,,,NOBLES
1991-03-01,4.4,,,,,,,9725.0,,,,,,,,,,,,,,,,,,,,,,,,,,,,,,,,,,,,,,,,,,,,,,,,,NOBLES
1991-04-01,3.0,,,,,,,9835.0,,,,,,,,,,,,,,,,,,,,,,,,572.0,,,,,,,,,,,,,,,,,,,,,,,,,NOBLES
1991-05-01,2.4,,,,,,,9868.0,,,,,,,,,,,,,,,,,,,,,,,,,,,,,,,,,,,,,,,,,,,,,,,,,NOBLES
1991-06-01,3.5,,,,,,,10348.0,,,,,,,,,,,,,,,,,,,,,,,,,,,,,,,,,,,,,,,,,,,,,,,,,NOBLES
1991-07-01,3.0,,,,,,,9845.0,,,,,,,,,,,,,,,,,,,,,,,,578.0,,,,,,,,,,,,,,,,,,,,,,,,,NOBLES
1991-08-01,3.6,,,,,,,9789.0,,,,,,,,,,,,,,,,,,,,,,,,,,,,,,,,,,,,,,,,,,,,,,,,,NOBLES
1991-09-01,3.2,,,,,,,9800.0,,,,,,,,,,,,,,,,,,,,,,,,,,,,,,,,,,,,,,,,,,,,,,,,,NOBLES
1991-10-01,2.7,,,,,,,9853.0,,,,,,,,,,,,,,,,,,,,,,,,580.0,,,,,,,,,,,,,,,,,,,,,,,,,NOBLES
1991-11-01,3.2,,,,,,,9850.0,,,,,,,,,,,,,,,,,,,,,,,,,,,,,,,,,,,,,,,,,,,,,,,,,NOBLES
1991-12-01,4.0,,,,,,,9689.0,,,,,,,,,,,,,,,,,,,,,,,,,,,,,,,,,,,,,,,,,,,,,,,,,NOBLES
1992-01-01,5.4,17729.0,364323.0,,,,20.55,9756.0,,,,,,,,,,,,,,,,,83.89,,,,,,,579.0,51.0,,,,,,,,,,,,,,,,,,,,,,,,NOBLES
1992-02-01,5.3,,,,,,,9671.0,,,,,,,,,,,,,,,,,,,,,,,,,,,,,,,,,,,,,,,,,,,,,,,,,NOBLES
1992-03-01,4.9,,,,,,,9569.0,,,,,,,,,,,,,,,,,,,,,,,,,,,,,,,,,,,,,,,,,,,,,,,,,NOBLES
1992-04-01,3.6,,,,,,,9849.0,,,,,,,,,,,,,,,,,,,,,,,,577.0,,,,,,,,,,,,,,,,,,,,,,,,,NOBLES
1992-05-01,3.0,,,,,,,9985.0,,,,,,,,,,,,,,,,,,,,,,,,,,,,,,,,,,,,,,,,,,,,,,,,,NOBLES
1992-06-01,4.7,,,,,,,10110.0,,,,,,,,,,,,,,,,,,,,,,,,,,,,,,,,,,,,,,,,,,,,,,,,,NOBLES
1992-07-01,3.9,,,,,,,10288.0,,,,,,,,,,,,,,,,,,,,,,,,575.0,,,,,,,,,,,,,,,,,,,,,,,,,NOBLES
1992-08-01,3.6,,,,,,,10055.0,,,,,,,,,,,,,,,,,,,,,,,,,,,,,,,,,,,,,,,,,,,,,,,,,NOBLES
1992-09-01,2.9,,,,,,,10080.0,,,,,,,,,,,,,,,,,,,,,,,,,,,,,,,,,,,,,,,,,,,,,,,,,NOBLES
1992-10-01,2.8,,,,,,,10079.0,,,,,,,,,,,,,,,,,,,,,,,,583.0,,,,,,,,,,,,,,,,,,,,,,,,,NOBLES
1992-11-01,3.3,,,,,,,10182.0,,,,,,,,,,,,,,,,,,,,,,,,,,,,,,,,,,,,,,,,,,,,,,,,,NOBLES
1992-12-01,4.2,,,,,,,9956.0,,,,,,,,,,,,,,,,,,,,,,,,,,,,,,,,,,,,,,,,,,,,,,,,,NOBLES
1993-01-01,5.8,17052.0,354678.0,,,,20.8,10143.0,28766.0,,,2320.0,,,,,558.0,1269.0,14.6,,,,,,86.21,,,,,,,580.0,31.0,26338.0,31180.0,,,,,,11.4,1831.0,2809.0,9.0,13.8,13.3,420.0,696.0,10.0,810.0,,627.0,992.0,11.3,16.6,17.9,NOBLES
1993-02-01,5.5,,,,,,,10089.0,,,,,,,,,,,,,,,,,,,,,,,,,,,,,,,,,,,,,,,,,,,,,,,,,NOBLES
1993-03-01,5.5,,,,,,,10154.0,,,,,,,,,,,,,,,,,,,,,,,,,,,,,,,,,,,,,,,,,,,,,,,,,NOBLES
1993-04-01,4.2,,,,,,,10231.0,,,,,,,,,,,,,,,,,,,,,,,,580.0,,,,,,,,,,,,,,,,,,,,,,,,,NOBLES
1993-05-01,3.5,,,,,,,10156.0,,,,,,,,,,,,,,,,,,,,,,,,,,,,,,,,,,,,,,,,,,,,,,,,,NOBLES
1993-06-01,4.0,,,,,,,10418.0,,,,,,,,,,,,,,,,,,,,,,,,,,,,,,,,,,,,,,,,,,,,,,,,,NOBLES
1993-07-01,3.9,,,,,,,10914.0,,,,,,,,,,,,,,,,,,,,,,,,585.0,,,,,,,,,,,,,,,,,,,,,,,,,NOBLES
1993-08-01,3.4,,,,,,,10497.0,,,,,,,,,,,,,,,,,,,,,,,,,,,,,,,,,,,,,,,,,,,,,,,,,NOBLES
1993-09-01,3.0,,,,,,,10299.0,,,,,,,,,,,,,,,,,,,,,,,,,,,,,,,,,,,,,,,,,,,,,,,,,NOBLES
1993-10-01,2.7,,,,,,,10153.0,,,,,,,,,,,,,,,,,,,,,,,,584.0,,,,,,,,,,,,,,,,,,,,,,,,,NOBLES
1993-11-01,2.7,,,,,,,10163.0,,,,,,,,,,,,,,,,,,,,,,,,,,,,,,,,,,,,,,,,,,,,,,,,,NOBLES
1993-12-01,3.7,,,,,,,10065.0,,,,,,,,,,,,,,,,,,,,,,,,,,,,,,,,,,,,,,,,,,,,,,,,,NOBLES
1994-01-01,5.6,19914.0,418173.0,,,,20.999000000000002,9998.0,,,,,,,,,,,,,,,,,91.63,,,,,,,586.0,42.0,,,,,,,,,,,,,,,,,,,,,,,,NOBLES
1994-02-01,4.9,,,,,,,9914.0,,,,,,,,,,,,,,,,,,,,,,,,,,,,,,,,,,,,,,,,,,,,,,,,,NOBLES
1994-03-01,4.9,,,,,,,9901.0,,,,,,,,,,,,,,,,,,,,,,,,,,,,,,,,,,,,,,,,,,,,,,,,,NOBLES
1994-04-01,3.1,,,,,,,9852.0,,,,,,,,,,,,,,,,,,,,,,,,588.0,,,,,,,,,,,,,,,,,,,,,,,,,NOBLES
1994-05-01,2.3,,,,,,,10041.0,,,,,,,,,,,,,,,,,,,,,,,,,,,,,,,,,,,,,,,,,,,,,,,,,NOBLES
1994-06-01,3.0,,,,,,,10090.0,,,,,,,,,,,,,,,,,,,,,,,,,,,,,,,,,,,,,,,,,,,,,,,,,NOBLES
1994-07-01,3.2,,,,,,,10109.0,,,,,,,,,,,,,,,,,,,,,,,,585.0,,,,,,,,,,,,,,,,,,,,,,,,,NOBLES
1994-08-01,2.8,,,,,,,10245.0,,,,,,,,,,,,,,,,,,,,,,,,,,,,,,,,,,,,,,,,,,,,,,,,,NOBLES
1994-09-01,2.5,,,,,,,10288.0,,,,,,,,,,,,,,,,,,,,,,,,,,,,,,,,,,,,,,,,,,,,,,,,,NOBLES
1994-10-01,2.1,,,,,,,10146.0,,,,,,,,,,,,,,,,,,,,,,,,602.0,,,,,,,,,,,,,,,,,,,,,,,,,NOBLES
1994-11-01,2.1,,,,,,,10284.0,,,,,,,,,,,,,,,,,,,,,,,,,,,,,,,,,,,,,,,,,,,,,,,,,NOBLES
1994-12-01,3.4,,,,,,,9966.0,,,,,,,,,,,,,,,,,,,,,,,,,,,,,,,,,,,,,,,,,,,,,,,,,NOBLES
1995-01-01,4.7,18557.0,390944.0,,,,21.066999999999997,9910.0,29890.0,,,1906.0,,,,,430.0,1043.0,12.0,,,,,,92.17,,,,,,,597.0,21.0,26740.0,33023.0,,,,,,9.5,1511.0,2302.0,7.5,11.5,10.6,332.0,528.0,8.1,646.0,,502.0,789.0,9.4,13.0,14.7,NOBLES
1995-02-01,4.5,,,,,,,9876.0,,,,,,,,,,,,,,,,,,,,,,,,,,,,,,,,,,,,,,,,,,,,,,,,,NOBLES
1995-03-01,4.2,,,,,,,9941.0,,,,,,,,,,,,,,,,,,,,,,,,,,,,,,,,,,,,,,,,,,,,,,,,,NOBLES
1995-04-01,3.8,,,,,,,10295.0,,,,,,,,,,,,,,,,,,,,,,,,597.0,,,,,,,,,,,,,,,,,,,,,,,,,NOBLES
1995-05-01,2.7,,,,,,,10184.0,,,,,,,,,,,,,,,,,,,,,,,,,,,,,,,,,,,,,,,,,,,,,,,,,NOBLES
1995-06-01,3.5,,,,,,,10289.0,,,,,,,,,,,,,,,,,,,,,,,,,,,,,,,,,,,,,,,,,,,,,,,,,NOBLES
1995-07-01,3.3,,,,,,,10305.0,,,,,,,,,,,,,,,,,,,,,,,,586.0,,,,,,,,,,,,,,,,,,,,,,,,,NOBLES
1995-08-01,8.4,,,,,,,10419.0,,,,,,,,,,,,,,,,,,,,,,,,,,,,,,,,,,,,,,,,,,,,,,,,,NOBLES
1995-09-01,3.2,,,,,,,9969.0,,,,,,,,,,,,,,,,,,,,,,,,,,,,,,,,,,,,,,,,,,,,,,,,,NOBLES
1995-10-01,2.5,,,,,,,10086.0,,,,,,,,,,,,,,,,,,,,,,,,600.0,,,,,,,,,,,,,,,,,,,,,,,,,NOBLES
1995-11-01,2.9,,,,,,,10138.0,,,,,,,,,,,,,,,,,,,,,,,,,,,,,,,,,,,,,,,,,,,,,,,,,NOBLES
1995-12-01,4.0,,,,,,,10045.0,,,,,,,,,,,,,,,,,,,,,,,,,,,,,,,,,,,,,,,,,,,,,,,,,NOBLES
1996-01-01,4.9,21237.0,447405.0,,,,21.066999999999997,10120.0,,,,,,,,,,,,,,,,,94.36,,,,,,,601.0,37.0,,,,,,,,,,,,,,,,,,,,,,,,NOBLES
1996-02-01,4.3,,,,,,,10161.0,,,,,,,,,,,,,,,,,,,,,,,,,,,,,,,,,,,,,,,,,,,,,,,,,NOBLES
1996-03-01,4.4,,,,,,,10279.0,,,,,,,,,,,,,,,,,,,,,,,,,,,,,,,,,,,,,,,,,,,,,,,,,NOBLES
1996-04-01,3.6,,,,,,,10311.0,,,,,,,,,,,,,,,,,,,,,,,,604.0,,,,,,,,,,,,,,,,,,,,,,,,,NOBLES
1996-05-01,3.2,,,,,,,10333.0,,,,,,,,,,,,,,,,,,,,,,,,,,,,,,,,,,,,,,,,,,,,,,,,,NOBLES
1996-06-01,4.7,,,,,,,10530.0,,,,,,,,,,,,,,,,,,,,,,,,,,,,,,,,,,,,,,,,,,,,,,,,,NOBLES
1996-07-01,4.1,,,,,,,10543.0,,,,,,,,,,,,,,,,,,,,,,,,607.0,,,,,,,,,,,,,,,,,,,,,,,,,NOBLES
1996-08-01,2.8,,,,,,,10426.0,,,,,,,,,,,,,,,,,,,,,,,,,,,,,,,,,,,,,,,,,,,,,,,,,NOBLES
1996-09-01,2.7,,,,,,,10415.0,,,,,,,,,,,,,,,,,,,,,,,,,,,,,,,,,,,,,,,,,,,,,,,,,NOBLES
1996-10-01,2.4,,,,,,,10312.0,,,,,,,,,,,,,,,,,,,,,,,,617.0,,,,,,,,,,,,,,,,,,,,,,,,,NOBLES
1996-11-01,3.3,,,,,,,10244.0,,,,,,,,,,,,,,,,,,,,,,,,,,,,,,,,,,,,,,,,,,,,,,,,,NOBLES
1996-12-01,4.1,,,,,,,10098.0,,,,,,,,,,,,,,,,,,,,,,,,,,,,,,,,,,,,,,,,,,,,,,,,,NOBLES
1997-01-01,4.9,20663.0,431628.0,,,,20.889,10044.0,32516.0,,,2089.0,,,,,553.0,888.0,16.3,,,,,,91.88,,,,,,,608.0,22.0,29333.0,35681.0,,,,,,10.9,1612.0,2566.0,8.4,13.4,14.6,391.0,715.0,10.4,828.0,,614.0,1043.0,12.1,18.9,20.6,NOBLES
1997-02-01,4.1,,,,,,,10079.0,,,,,,,,,,,,,,,,,,,,,,,,,,,,,,,,,,,,,,,,,,,,,,,,,NOBLES
1997-03-01,4.2,,,,,,,10056.0,,,,,,,,,,,,,,,,,,,,,,,,,,,,,,,,,,,,,,,,,,,,,,,,,NOBLES
1997-04-01,3.6,,,,,,,10172.0,,,,,,,,,,,,,,,,,,,,,,,,616.0,,,,,,,,,,,,,,,,,,,,,,,,,NOBLES
1997-05-01,2.7,,,,,,,10187.0,,,,,,,,,,,,,,,,,,,,,,,,,,,,,,,,,,,,,,,,,,,,,,,,,NOBLES
1997-06-01,3.4,,,,,,,10136.0,,,,,,,,,,,,,,,,,,,,,,,,,,,,,,,,,,,,,,,,,,,,,,,,,NOBLES
1997-07-01,2.8,,,,,,,10227.0,,,,,,,,,,,,,,,,,,,,,,,,625.0,,,,,,,,,,,,,,,,,,,,,,,,,NOBLES
1997-08-01,2.7,,,,,,,10446.0,,,,,,,,,,,,,,,,,,,,,,,,,,,,,,,,,,,,,,,,,,,,,,,,,NOBLES
1997-09-01,4.3,,,,,,,10529.0,,,,,,,,,,,,,,,,,,,,,,,,,,,,,,,,,,,,,,,,,,,,,,,,,NOBLES
1997-10-01,4.8,,,,,,,10126.0,,,,,,,,,,,,,,,,,,,,,,,,623.0,,,,,,,,,,,,,,,,,,,,,,,,,NOBLES
1997-11-01,4.5,,,,,,,10097.0,,,,,,,,,,,,,,,,,,,,,,,,,,,,,,,,,,,,,,,,,,,,,,,,,NOBLES
1997-12-01,5.0,,,,,,,9963.0,,,,,,,,,,,,,,,,,,,,,,,,,,,,,,,,,,,,,,,,,,,,,,,,,NOBLES
1998-01-01,6.0,22451.0,463029.0,,,,20.624000000000002,9865.0,33374.0,,4987.0,2355.0,,,,,569.0,892.0,17.5,,19013.0,,,,95.5,,,,,,,615.0,18.0,30233.0,36497.0,,3783.0,,,,12.4,1814.0,2896.0,9.5,15.2,15.0,373.0,765.0,9.9,873.0,,618.0,1127.0,12.4,20.2,22.6,NOBLES
1998-02-01,5.4,,,,,,,9781.0,,,,,,,,,,,,,,,,,,,,,,,,,,,,,,,,,,,,,,,,,,,,,,,,,NOBLES
1998-03-01,6.0,,,,,,,9765.0,,,,,,,,,,,,,,,,,,,,,,,,,,,,,,,,,,,,,,,,,,,,,,,,,NOBLES
1998-04-01,4.2,,,,,,,9702.0,,,,,,,,,,,,,,,,,,,,,,,,612.0,,,,,,,,,,,,,,,,,,,,,,,,,NOBLES
1998-05-01,4.0,,,,,,,9825.0,,,,,,,,,,,,,,,,,,,,,,,,,,,,,,,,,,,,,,,,,,,,,,,,,NOBLES
1998-06-01,4.6,,,,,,,9755.0,,,,,,,,,,,,,,,,,,,,,,,,,,,,,,,,,,,,,,,,,,,,,,,,,NOBLES
1998-07-01,3.8,,,,,,,9855.0,,,,,,,,,,,,,,,,,,,,,,,,611.0,,,,,,,,,,,,,,,,,,,,,,,,,NOBLES
1998-08-01,3.6,,,,,,,9689.0,,,,,,,,,,,,,,,,,,,,,,,,,,,,,,,,,,,,,,,,,,,,,,,,,NOBLES
1998-09-01,3.6,,,,,,,9557.0,,,,,,,,,,,,,,,,,,,,,,,,,,,,,,,,,,,,,,,,,,,,,,,,,NOBLES
1998-10-01,3.4,,,,,,,9613.0,,,,,,,,,,,,,,,,,,,,,,,,604.0,,,,,,,,,,,,,,,,,,,,,,,,,NOBLES
1998-11-01,3.3,,,,,,,9492.0,,,,,,,,,,,,,,,,,,,,,,,,,,,,,,,,,,,,,,,,,,,,,,,,,NOBLES
1998-12-01,3.1,,,,,,,9424.0,,,,,,,,,,,,,,,,,,,,,,,,,,,,,,,,,,,,,,,,,,,,,,,,,NOBLES
1999-01-01,4.2,22685.0,468186.0,,,,20.639,9511.0,35034.0,,5518.0,2082.0,,,,,569.0,874.0,12.8,380.3,20746.0,,,340.0,95.17,24.52695465905034,,,,,,602.0,23.0,32788.0,37434.0,,4011.0,,,,10.0,1568.0,2596.0,7.6,12.5,14.2,356.0,782.0,8.9,706.0,,476.0,936.0,8.6,19.5,17.0,NOBLES
1999-02-01,4.1,,,,,,,9475.0,,,,,,,,,,,,,,,,,,,,,,,,,,,,,,,,,,,,,,,,,,,,,,,,,NOBLES
1999-03-01,3.7,,,,,,,9381.0,,,,,,,,,,,,,,,,,,,,,,,,,,,,,,,,,,,,,,,,,,,,,,,,,NOBLES
1999-04-01,2.8,,,,,,,9502.0,,,,,,,,,,,,,,,,,,24.722016308376574,,,,,,596.0,,,,,,,,,,,,,,,,,,,,,,,,,NOBLES
1999-05-01,2.4,,,,,,,9556.0,,,,,,,,,,,,,,,,,,,,,,,,,,,,,,,,,,,,,,,,,,,,,,,,,NOBLES
1999-06-01,3.2,,,,,,,9633.0,,,,,,,,,,,,,,,,,,,,,,,,,,,,,,,,,,,,,,,,,,,,,,,,,NOBLES
1999-07-01,3.7,,,,,,,10369.0,,,,,,,,,,,,,,,,,,25.216735770825487,,,,,,598.0,,,,,,,,,,,,,,,,,,,,,,,,,NOBLES
1999-08-01,2.9,,,,,,,10374.0,,,,,,,,,,,,,,,,,,,,,,,,,,,,,,,,,,,,,,,,,,,,,,,,,NOBLES
1999-09-01,3.0,,,,,,,10190.0,,,,,,,,,,,,,,,,,,,,,,,,,,,,,,,,,,,,,,,,,,,,,,,,,NOBLES
1999-10-01,2.5,,,,,,,9722.0,,,,,,,,,,,,,,,,,,24.577319587628864,,,,,,606.0,,,,,,,,,,,,,,,,,,,,,,,,,NOBLES
1999-11-01,2.5,,,,,,,9316.0,,,,,,,,,,,,,,,,,,,,,,,,,,,,,,,,,,,,,,,,,,,,,,,,,NOBLES
1999-12-01,2.6,,,,,,,9298.0,,,,,,,,,,,,,,,,,,,,,,,,,,,,,,,,,,,,,,,,,,,,,,,,,NOBLES
2000-01-01,4.0,24192.0,502966.0,,,,20.750999999999998,11017.0,36919.0,,5234.0,1973.0,,,,,468.0,834.0,13.8,264.7,20585.0,,,240.7,100.0,23.75575073191133,,,,,,603.0,18.0,34250.0,39797.0,,3796.0,,,,9.6,1522.0,2424.0,7.4,11.8,12.3,316.0,620.0,8.3,721.0,,526.0,915.0,10.0,16.3,17.5,NOBLES
2000-02-01,3.5,,,,,,,11051.0,,,,,,,,,,,,,,,,,,,,,,,,,,,,,,,,,,,,,,,,,,,,,,,,,NOBLES
2000-03-01,3.5,,,,,,,10996.0,,,,,,,,,,,,,,,,,,,,,,,,,,,,,,,,,,,,,,,,,,,,,,,,,NOBLES
2000-04-01,2.6,,,,,,,10986.0,,,,,,,,,,,,,,,,,,24.978973927670307,,,,,,617.0,,,,,,,,,,,,,,,,,,,,,,,,,NOBLES
2000-05-01,2.7,,,,,,,11009.0,,,,,,,,,,,,,,,,,,,,,,,,,,,,,,,,,,,,,,,,,,,,,,,,,NOBLES
2000-06-01,3.2,,,,,,,10965.0,,,,,,,,,,,,,,,,,,,,,,,,,,,,,,,,,,,,,,,,,,,,,,,,,NOBLES
2000-07-01,3.1,,,,,,,11209.0,,,,,,,,,,,,,,,,,,25.46801872074883,,,,,,621.0,,,,,,,,,,,,,,,,,,,,,,,,,NOBLES
2000-08-01,3.1,,,,,,,11213.0,,,,,,,,,,,,,,,,,,,,,,,,,,,,,,,,,,,,,,,,,,,,,,,,,NOBLES
2000-09-01,2.9,,,,,,,11377.0,,,,,,,,,,,,,,,,,,,,,,,,,,,,,,,,,,,,,,,,,,,,,,,,,NOBLES
2000-10-01,2.8,,,,,,,11288.0,,,,,,,,,,,,,,,,,,22.80517663518713,,,,,,621.0,,,,,,,,,,,,,,,,,,,,,,,,,NOBLES
2000-11-01,2.6,,,,,,,11216.0,,,,,,,,,,,,,,,,,,,,,,,,,,,,,,,,,,,,,,,,,,,,,,,,,NOBLES
2000-12-01,2.7,,,,,,,11082.0,,,,,,,,,,,,,,,,,,,,,,,,,,,,,,,,,,,,,,,,,,,,,,,,,NOBLES
2001-01-01,3.9,25585.0,533364.0,,,,20.721999999999998,11070.0,36451.0,,5221.0,2047.0,,,,,502.0,990.0,14.1,259.1,20426.0,,,234.3,105.8,22.88321167883211,,,,,,619.0,33.0,34026.0,39050.0,,3778.0,,,,10.0,1576.0,2519.0,7.7,12.3,13.3,330.0,674.0,8.7,735.0,,525.0,944.0,10.1,17.8,18.1,NOBLES
2001-02-01,3.6,,,,,,,11071.0,,,,,,,,,,,,,,,,,,,,,,,,,,,,,,,,,,,,,,,,,,,,,,,,,NOBLES
2001-03-01,3.9,,,,,,,11229.0,,,,,,,,,,,,,,,,,,,,,,,,,,,,,,,,,,,,,,,,,,,,,,,,,NOBLES
2001-04-01,4.0,,,,,,,11496.0,,,,,,,,,,,,,,,,,,22.715501294857567,,,,,,620.0,,,,,,,,,,,,,,,,,,,,,,,,,NOBLES
2001-05-01,3.1,,,,,,,11671.0,,,,,,,,,,,,,,,,,,,,,,,,,,,,,,,,,,,,,,,,,,,,,,,,,NOBLES
2001-06-01,3.5,,,,,,,11824.0,,,,,,,,,,,,,,,,,,,,,,,,,,,,,,,,,,,,,,,,,,,,,,,,,NOBLES
2001-07-01,3.1,,,,,,,11445.0,,,,,,,,,,,,,,,,,,23.02325581395349,,,,,,613.0,,,,,,,,,,,,,,,,,,,,,,,,,NOBLES
2001-08-01,3.0,,,,,,,11681.0,,,,,,,,,,,,,,,,,,,,,,,,,,,,,,,,,,,,,,,,,,,,,,,,,NOBLES
2001-09-01,3.1,,,,,,,11530.0,,,,,,,,,,,,,,,,,,,,,,,,,,,,,,,,,,,,,,,,,,,,,,,,,NOBLES
2001-10-01,2.8,,,,,,,11415.0,,,,,,,,,,,,,,,,,,23.621148725751237,,,,,,609.0,,,,,,,,,,,,,,,,,,,,,,,,,NOBLES
2001-11-01,2.8,,,,,,,11271.0,,,,,,,,,,,,,,,,,,,,,,,,,,,,,,,,,,,,,,,,,,,,,,,,,NOBLES
2001-12-01,3.4,,,,,,,11284.0,,,,,,,,,,,,,,,,,,,,,,,,,,,,,,,,,,,,,,,,,,,,,,,,,NOBLES
2002-01-01,4.2,26261.0,542686.0,,,,20.458,11284.0,36833.0,,5164.0,1947.0,,,,,455.0,967.0,11.9,320.9,20513.0,,,292.2,108.79,23.78752886836028,,,,,,598.0,17.0,34371.0,39471.0,,3722.0,,,,9.5,1478.0,2417.0,7.2,11.8,12.2,307.0,603.0,8.3,616.0,,442.0,791.0,8.6,16.2,15.3,NOBLES
2002-02-01,4.1,,,,,,,11219.0,,,,,,,,,,,,,,,,,,,,,,,,,,,,,,,,,,,,,,,,,,,,,,,,,NOBLES
2002-03-01,4.2,,,,,,,11310.0,,,,,,,,,,,,,,,,,,,,,,,,,,,,,,,,,,,,,,,,,,,,,,,,,NOBLES
2002-04-01,3.6,,,,,,,11333.0,,,,,,,,,,,,,,,,,,23.55919003115265,,,,,,601.0,,,,,,,,,,,,,,,,,,,,,,,,,NOBLES
2002-05-01,2.9,,,,,,,11238.0,,,,,,,,,,,,,,,,,,,,,,,,,,,,,,,,,,,,,,,,,,,,,,,,,NOBLES
2002-06-01,3.3,,,,,,,11295.0,,,,,,,,,,,,,,,,,,,,,,,,,,,,,,,,,,,,,,,,,,,,,,,,,NOBLES
2002-07-01,3.2,,,,,,,11322.0,,,,,,,,,,,,,,,,,,22.566718995290426,,,,,,602.0,,,,,,,,,,,,,,,,,,,,,,,,,NOBLES
2002-08-01,2.8,,,,,,,11156.0,,,,,,,,,,,,,,,,,,,,,,,,,,,,,,,,,,,,,,,,,,,,,,,,,NOBLES
2002-09-01,3.0,,,,,,,11328.0,,,,,,,,,,,,,,,,,,,,,,,,,,,,,,,,,,,,,,,,,,,,,,,,,NOBLES
2002-10-01,2.7,,,,,,,11412.0,,,,,,,,,,,,,,,,,,22.95833333333333,,,,,,597.0,,,,,,,,,,,,,,,,,,,,,,,,,NOBLES
2002-11-01,2.7,,,,,,,11259.0,,,,,,,,,,,,,,,,,,,,,,,,,,,,,,,,,,,,,,,,,,,,,,,,,NOBLES
2002-12-01,2.9,,,,,,,11255.0,,,,,,,,,,,,,,,,,,,,,,,,,,,,,,,,,,,,,,,,,,,,,,,,,NOBLES
2003-01-01,4.3,27916.0,576934.0,,,,20.377,11258.0,38315.0,,5133.0,1963.0,,,,,417.0,1003.0,12.8,261.9,20358.0,,,235.7,108.99,23.735408560311278,,,,,,593.0,34.0,35959.0,40825.0,,3679.0,,,,9.6,1491.0,2434.0,7.3,12.0,11.3,285.0,549.0,7.7,659.0,,477.0,841.0,9.3,14.9,16.4,NOBLES
2003-02-01,3.8,,,,,,,11030.0,,,,,,,,,,,,,,,,,,,,,,,,,,,,,,,,,,,,,,,,,,,,,,,,,NOBLES
2003-03-01,4.0,,,,,,,11269.0,,,,,,,,,,,,,,,,,,,,,,,,,,,,,,,,,,,,,,,,,,,,,,,,,NOBLES
2003-04-01,3.9,,,,,,,11424.0,,,,,,,,,,,,,,,,,,23.293703214442978,,,,,,592.0,,,,,,,,,,,,,,,,,,,,,,,,,NOBLES
2003-05-01,3.3,,,,,,,11348.0,,,,,,,,,,,,,,,,,,,,,,,,,,,,,,,,,,,,,,,,,,,,,,,,,NOBLES
2003-06-01,4.3,,,,,,,11342.0,,,,,,,,,,,,,,,,,,,,,,,,,,,,,,,,,,,,,,,,,,,,,,,,,NOBLES
2003-07-01,4.2,,,,,,,11304.0,,,,,,,,,,,,,,,,,,23.723591549295772,,,,,,601.0,,,,,,,,,,,,,,,,,,,,,,,,,NOBLES
2003-08-01,3.7,,,,,,,11267.0,,,,,,,,,,,,,,,,,,,,,,,,,,,,,,,,,,,,,,,,,,,,,,,,,NOBLES
2003-09-01,3.9,,,,,,,11273.0,,,,,,,,,,,,,,,,,,,,,,,,,,,,,,,,,,,,,,,,,,,,,,,,,NOBLES
2003-10-01,3.4,,,,,,,11301.0,,,,,,,,,,,,,,,,,,23.762798634812288,,,,,,602.0,,,,,,,,,,,,,,,,,,,,,,,,,NOBLES
2003-11-01,3.6,,,,,,,11253.0,,,,,,,,,,,,,,,,,,,,,,,,,,,,,,,,,,,,,,,,,,,,,,,,,NOBLES
2003-12-01,3.7,,,,,,,11264.0,,,,,,,,,,,,,,,,,,,,,,,,,,,,,,,,,,,,,,,,,,,,,,,,,NOBLES
2004-01-01,5.0,30959.0,638651.0,,,,20.247,11375.0,39896.0,,5189.0,1974.0,,,,,443.0,1130.0,13.1,288.5,20397.0,,,257.5,117.22,23.324851569126377,,,,,,600.0,36.0,37450.0,42502.0,,3629.0,,,,9.7,1482.0,2465.0,7.3,12.1,12.2,291.0,595.0,8.0,681.0,,485.0,877.0,9.4,16.4,16.9,NOBLES
2004-02-01,4.5,,,,,,,11260.0,,,,,,,,,,,,,,,,,,,,,,,,,,,,,,,,,,,,,,,,,,,,,,,,,NOBLES
2004-03-01,4.8,,,,,,,11263.0,,,,,,,,,,,,,,,,,,,,,,,,,,,,,,,,,,,,,,,,,,,,,,,,,NOBLES
2004-04-01,3.5,,,,,,,11246.0,,,,,,,,,,,,,,,,,,23.823781009409753,,,,,,606.0,,,,,,,,,,,,,,,,,,,,,,,,,NOBLES
2004-05-01,3.3,,,,,,,11249.0,,,,,,,,,,,,,,,,,,,,,,,,,,,,,,,,,,,,,,,,,,,,,,,,,NOBLES
2004-06-01,4.1,,,,,,,11276.0,,,,,,,,,,,,,,,,,,,,,,,,,,,,,,,,,,,,,,,,,,,,,,,,,NOBLES
2004-07-01,3.6,,,,,,,11285.0,,,,,,,,,,,,,,,,,,23.626135871916922,,,,,,605.0,,,,,,,,,,,,,,,,,,,,,,,,,NOBLES
2004-08-01,3.7,,,,,,,11163.0,,,,,,,,,,,,,,,,,,,,,,,,,,,,,,,,,,,,,,,,,,,,,,,,,NOBLES
2004-09-01,3.9,,,,,,,11095.0,,,,,,,,,,,,,,,,,,,,,,,,,,,,,,,,,,,,,,,,,,,,,,,,,NOBLES
2004-10-01,3.4,,,,,,,10992.0,,,,,,,,,,,,,,,,,,23.54865085854456,,,,,,605.0,,,,,,,,,,,,,,,,,,,,,,,,,NOBLES
2004-11-01,3.4,,,,,,,11031.0,,,,,,,,,,,,,,,,,,,,,,,,,,,,,,,,,,,,,,,,,,,,,,,,,NOBLES
2004-12-01,3.5,,,,,,,11024.0,,,,,,,,,,,,,,,,,,,,,,,,,,,,,,,,,,,,,,,,,,,,,,,,,NOBLES
2005-01-01,4.6,30927.0,640472.0,,,,20.238,11115.0,39354.0,,5094.0,2547.0,,64.0,,,531.0,990.0,16.2,260.5,20056.0,,,229.5,122.77,24.331103678929768,,,,,,596.0,35.0,36422.0,42287.0,,3583.0,,,,12.7,2069.0,3026.0,10.3,15.1,14.8,406.0,656.0,11.3,824.0,,642.0,1005.0,12.6,18.3,19.7,NOBLES
2005-02-01,4.2,,,,,,,10948.0,,,,,,,,,,,,,,,,,,,,,,,,,,,,,,,,,,,,,,,,,,,,,,,,,NOBLES
2005-03-01,4.2,,,,,,,11083.0,,,,,,,,,,,,,,,,,,,,,,,,,,,,,,,,,,,,,,,,,,,,,,,,,NOBLES
2005-04-01,3.1,,,,,,,11032.0,,,,,,,,,,,,,,,,,,22.81368821292776,,,,,,614.0,,,,,,,,,,,,,,,,,,,,,,,,,NOBLES
2005-05-01,2.9,,,,,,,11051.0,,,,,,,,,,,,,,,,,,,,,,,,,,,,,,,,,,,,,,,,,,,,,,,,,NOBLES
2005-06-01,3.1,,,,,,,11169.0,,,,,,,,,,,,,,,,,,,,,,,,,,,,,,,,,,,,,,,,,,,,,,,,,NOBLES
2005-07-01,2.7,,,,,,,11122.0,,,,,,,,,,,,,,,,,,23.174335162515828,,,,,,628.0,,,,,,,,,,,,,,,,,,,,,,,,,NOBLES
2005-08-01,2.8,,,,,,,11212.0,,,,,,,,,,,,,,,,,,,,,,,,,,,,,,,,,,,,,,,,,,,,,,,,,NOBLES
2005-09-01,2.9,,,,,,,11223.0,,,,,,,,,,,,,,,,,,,,,,,,,,,,,,,,,,,,,,,,,,,,,,,,,NOBLES
2005-10-01,2.6,,,,,,,11014.0,,,,,,,,,,,,,,,,,,24.210526315789476,,,,,,631.0,,,,,,,,,,,,,,,,,,,,,,,,,NOBLES
2005-11-01,2.9,,,,,,,11071.0,,,,,,,,,,,,,,,,,,,,,,,,,,,,,,,,,,,,,,,,,,,,,,,,,NOBLES
2005-12-01,3.4,,,,,,,11090.0,,,,,,,,,,,,,,,,,,,,,,,,,,,,,,,,,,,,,,,,,,,,,,,,,NOBLES
2006-01-01,3.9,30664.0,631927.0,,,,20.055999999999997,11195.0,40417.0,,5342.0,2352.0,,49.0,,,459.0,970.0,13.9,293.7,20138.0,,,259.7,131.35,24.04513888888889,,,,,,602.0,31.0,36925.0,43910.0,,3734.0,,,,11.7,1878.0,2825.0,9.3,14.0,12.3,353.0,565.0,9.5,740.0,,584.0,896.0,10.9,15.1,16.8,NOBLES
2006-02-01,3.9,,,,,,,11307.0,,,,,,,,,,,,,,,,,,,,,,,,,,,,,,,,,,,,,,,,,,,,,,,,,NOBLES
2006-03-01,3.8,,,,,,,11237.0,,,,,,,,,,,,,,,,,,,,,,,,,,,,,,,,,,,,,,,,,,,,,,,,,NOBLES
2006-04-01,3.0,,,,,,,11215.0,,,,,,,,,,,,,,,,,,23.703703703703702,,,,,,598.0,,,,,,,,,,,,,,,,,,,,,,,,,NOBLES
2006-05-01,2.5,,,,,,,11118.0,,,,,,,,,,,,,,,,,,,,,,,,,,,,,,,,,,,,,,,,,,,,,,,,,NOBLES
2006-06-01,3.0,,,,,,,11015.0,,,,,,,,,,,,,,,,,,,,,,,,,,,,,,,,,,,,,,,,,,,,,,,,,NOBLES
2006-07-01,2.9,,,,,,,11077.0,,,,,,,,,,,,,,,,,,24.336090552895087,,,,,,591.0,,,,,,,,,,,,,,,,,,,,,,,,,NOBLES
2006-08-01,2.7,,,,,,,11215.0,,,,,,,,,,,,,,,,,,,,,,,,,,,,,,,,,,,,,,,,,,,,,,,,,NOBLES
2006-09-01,3.0,,,,,,,11254.0,,,,,,,,,,,,,,,,,,,,,,,,,,,,,,,,,,,,,,,,,,,,,,,,,NOBLES
2006-10-01,2.6,,,,,,,11269.0,,,,,,,,,,,,,,,,,,24.234234234234233,,,,,,598.0,,,,,,,,,,,,,,,,,,,,,,,,,NOBLES
2006-11-01,2.8,,,,,,,11246.0,,,,,,,,,,,,,,,,,,,,,,,,,,,,,,,,,,,,,,,,,,,,,,,,,NOBLES
2006-12-01,3.2,,,,,,,11174.0,,,,,,,,,,,,,,,,,,,,,,,,,,,,,,,,,,,,,,,,,,,,,,,,,NOBLES
2007-01-01,4.3,32618.0,675936.0,,,,20.097,11043.0,42072.0,,5173.0,2981.0,,99.0,,,525.0,1151.0,19.5,328.7,19827.0,,,299.4,140.59,23.18640955004591,,,,,,589.0,29.0,38798.0,45346.0,,3643.0,,,,15.0,2466.0,3496.0,12.4,17.6,14.4,396.0,654.0,10.9,1007.0,,802.0,1212.0,15.5,18.0,23.4,NOBLES
2007-02-01,4.6,,,,,,,11094.0,,,,,,,,,,,,,,,,,,,,,,,,,,,,,,,,,,,,,,,,,,,,,,,,,NOBLES
2007-03-01,4.0,,,,,,,11297.0,,,,,,,,,,,,,,,,,,,,,,,,,,,,,,,,,,,,,,,,,,,,,,,,,NOBLES
2007-04-01,3.3,,,,,,,11200.0,,,,,,,,,,,,,,,,,,22.105263157894736,,,,,,592.0,,,,,,,,,,,,,,,,,,,,,,,,,NOBLES
2007-05-01,2.9,,,,,,,11275.0,,,,,,,,,,,,,,,,,,,,,,,,,,,,,,,,,,,,,,,,,,,,,,,,,NOBLES
2007-06-01,3.4,,,,,,,11291.0,,,,,,,,,,,,,,,,,,,,,,,,,,,,,,,,,,,,,,,,,,,,,,,,,NOBLES
2007-07-01,3.3,,,,,,,11116.0,,,,,,,,,,,,,,,,,,24.10920869967608,,,,,,595.0,,,,,,,,,,,,,,,,,,,,,,,,,NOBLES
2007-08-01,3.1,,,,,,,11052.0,,,,,,,,,,,,,,,,,,,,,,,,,,,,,,,,,,,,,,,,,,,,,,,,,NOBLES
2007-09-01,3.3,,,,,,,11070.0,,,,,,,,,,,,,,,,,,,,,,,,,,,,,,,,,,,,,,,,,,,,,,,,,NOBLES
2007-10-01,2.9,,,,,,,11044.0,,,,,,,,,,,,,,,,,,25.254394079555965,,,,,,602.0,,,,,,,,,,,,,,,,,,,,,,,,,NOBLES
2007-11-01,2.7,,,,,,,11064.0,,,,,,,,,,,,,,,,,,,,,,,,,,,,,,,,,,,,,,,,,,,,,,,,,NOBLES
2007-12-01,3.7,,,,,,,11059.0,,,,,,,,,,,,,,,,,,,,,,,,,,,,,,,,,,,,,,,,,,,,,,,,,NOBLES
2008-01-01,4.3,35268.0,745074.0,,,,20.417,11112.0,45499.0,,5328.0,2684.0,52.969999909400904,40.0,,,485.0,1352.0,15.3,275.0,20067.0,,,247.8,138.89,25.69130216189039,,,,,,596.0,18.0,42419.0,48578.0,,3679.0,,,,13.4,2225.0,3143.0,11.1,15.7,13.2,371.0,599.0,10.1,813.0,,643.0,983.0,12.1,16.3,18.4,NOBLES
2008-02-01,4.3,,,,,,,10977.0,,,,,,,,,,,,,,,,,,,,,,,,,,,,,,,,,,,,,,,,,,,,,,,,,NOBLES
2008-03-01,4.3,,,,,,,11067.0,,,,,,,,,,,,,,,,,,,,,,,,,,,,,,,,,,,,,,,,,,,,,,,,,NOBLES
2008-04-01,3.5,,,,,,,11177.0,,,,,,,,,,,,,,,,,,25.884161968221427,,,,,,595.0,,,,,,,,,,,,,,,,,,,,,,,,,NOBLES
2008-05-01,3.6,,,,,,,11170.0,,,,,,,,,,,,,,,,,,,,,,,,,,,,,,,,,,,,,,,,,,,,,,,,,NOBLES
2008-06-01,4.1,,,,,,,11253.0,,,,,,,,,,,,,,,,,,,,,,,,,,,,,,,,,,,,,,,,,,,,,,,,,NOBLES
2008-07-01,4.2,,,,,,,11012.0,,,,,,,,,,,,,,,,,,25.58139534883721,,,,,,598.0,,,,,,,,,,,,,,,,,,,,,,,,,NOBLES
2008-08-01,4.1,,,,,,,11103.0,,,,,,,,,,,,,,,,,,,,,,,,,,,,,,,,,,,,,,,,,,,,,,,,,NOBLES
2008-09-01,4.1,,,,,,,11046.0,,,,,,,,,,,,,,,,,,,,,,,,,,,,,,,,,,,,,,,,,,,,,,,,,NOBLES
2008-10-01,3.8,,,,,,,11293.0,,,,,,,,,,,,,,,,,,26.023084994753408,,,,,,596.0,,,,,,,,,,,,,,,,,,,,,,,,,NOBLES
2008-11-01,4.2,,,,,,,11213.0,,,,,,,,,,,,,,,,,,,,,,,,,,,,,,,,,,,,,,,,,,,,,,,,,NOBLES
2008-12-01,5.4,,,,,,,11308.0,,,,,,,,,,,,,,,,,,,,,,,,,,,,,,,,,,,,,,,,,,,,,,,,,NOBLES
2009-01-01,5.9,33751.0,719508.0,,6.938775510204081,,20.529,11558.0,44233.0,,5634.0,2442.0,51.13999998569489,98.0,48.12004116543871,26.8,637.0,1781.0,17.2,272.2,20242.0,38.7,14.792352628783856,230.9,135.88,25.28,,,15319.0,883.0,3499.0,590.0,19.0,40905.0,47561.0,17.0,3858.0,74.75708502024294,246.0,27.764227642276424,12.1,1936.0,2949.0,9.6,14.6,16.5,492.0,782.0,12.8,968.0,395.0,758.0,1178.0,13.5,20.3,20.9,NOBLES
2009-02-01,6.6,,,,,,,11531.0,,,,,,,,,,,,,,,,,,,,,,,,,,,,,,,,,,,,,,,,,,,,,,,,,NOBLES
2009-03-01,6.4,,,,,,,11675.0,,,,,,,,,,,,,,,,,,,,,,,,,,,,,,,,,,,,,,,,,,,,,,,,,NOBLES
2009-04-01,4.9,,,,,,,11687.0,,,,,,,,,,,,,,,,,,26.015831134564642,,,,,,601.0,,,,,,,,,,,,,,,,,,,,,,,,,NOBLES
2009-05-01,4.7,,,,,,,11712.0,,,,,,,,,,,,,,,,,,,,,,,,,,,,,,,,,,,,,,,,,,,,,,,,,NOBLES
2009-06-01,5.3,,,,,,,11960.0,,,,,,,,,,,,,,,,,,,,,,,,,,,,,,,,,,,,,,,,,,,,,,,,,NOBLES
2009-07-01,5.1,,,,,,,11577.0,,,,,,,,,,,,,,,,,,25.89890568004169,,,,,,600.0,,,,,,,,,,,,,,,,,,,,,,,,,NOBLES
2009-08-01,4.8,,,,,,,11672.0,,,,,,,,,,,,,,,,,,,,,,,,,,,,,,,,,,,,,,,,,,,,,,,,,NOBLES
2009-09-01,4.8,,,,,,,11561.0,,,,,,,,,,,,,,,,,,,,,,,,,,,,,,,,,,,,,,,,,,,,,,,,,NOBLES
2009-10-01,4.8,,,,,,,11445.0,,,,,,,,,,,,,,,,,,26.523297491039425,,,,,,604.0,,,,,,,,,,,,,,,,,,,,,,,,,NOBLES
2009-11-01,4.5,,,,,,,11479.0,,,,,,,,,,,,,,,,,,,,,,,,,,,,,,,,,,,,,,,,,,,,,,,,,NOBLES
2009-12-01,4.8,,,,,,,11514.0,,,,,,,,,,,,,,,,,,,,,,,,,,,,,,,,,,,,,,,,,,,,,,,,,NOBLES
2010-01-01,6.7,35784.0,765625.0,10.806190766020348,11.013215859030836,26.931905126243304,21.424,11353.0,44777.0,16.0,5384.0,2903.0,43.4499999284744,54.0,47.80642888361661,26.0,652.0,2021.0,18.7,240.8,21028.0,37.5,14.96281202241467,208.6,135.61,26.48261758691207,,78.5,14808.0,983.0,4266.0,586.0,17.0,40700.0,48854.0,88.0,3698.0,73.39631782945737,628.0,32.36831523924407,13.8,2353.0,3453.0,11.2,16.4,17.6,497.0,807.0,13.4,1005.0,615.0,780.0,1230.0,14.5,21.8,22.9,NOBLES
2010-02-01,6.2,,,,,,,11740.0,,,,,,,,,,,,,,,,,,,,,,,,,,,,,,,,,,,,,,,,,,,,,,,,,NOBLES
2010-03-01,6.2,,,,,,,11907.0,,,,,,,,,,,,,,,,,,,,,,,,,,,,,,,,,,,,,,,,,,,,,,,,,NOBLES
2010-04-01,5.2,,,,,,,11850.0,,,,,,,,,,,,,,,,,,25.985844287158745,,,,,,585.0,,,,,,,,,,,,,,,,,,,,,,,,,NOBLES
2010-05-01,5.2,,,,,,,11801.0,,,,,,,,,,,,,,,,,,,,,,,,,,,,,,,,,,,,,,,,,,,,,,,,,NOBLES
2010-06-01,5.7,,,,,,,11540.0,,,,,,,,,,,,,,,,,,,,,,,,,,,,,,,,,,,,,,,,,,,,,,,,,NOBLES
2010-07-01,5.7,,,,,,,11447.0,,,,,,,,,,,,,,,,,,25.89559877175025,,,,,,587.0,,,,,,,,,,,,,,,,,,,,,,,,,NOBLES
2010-08-01,5.7,,,,,,,11372.0,,,,,,,,,,,,,,,,,,,,,,,,,,,,,,,,,,,,,,,,,,,,,,,,,NOBLES
2010-09-01,5.3,,,,,,,11255.0,,,,,,,,,,,,,,,,,,,,,,,,,,,,,,,,,,,,,,,,,,,,,,,,,NOBLES
2010-10-01,5.2,,,,,,,11361.0,,,,,,,,,,,,,,,,,,25.56701030927835,,,,,,588.0,,,,,,,,,,,,,,,,,,,,,,,,,NOBLES
2010-11-01,4.9,,,,,,,11296.0,,,,,,,,,,,,,,,,,,,,,,,,,,,,,,,,,,,,,,,,,,,,,,,,,NOBLES
2010-12-01,5.3,,,,,,,11339.0,,,,,,,,,,,,,,,,,,,,,,,,,,,,,,,,,,,,,,,,,,,,,,,,,NOBLES
2011-01-01,6.2,39469.0,852027.0,11.713480128893664,8.320839580209897,26.76290240163516,21.61,11368.0,44945.0,15.6,5462.0,3056.0,48.613999999593894,48.0,49.306319114510316,25.0,692.0,2222.0,20.8,248.1,21043.0,37.4,15.060024009603842,218.7,133.56,25.416666666666664,,79.4,14578.0,996.0,4550.0,575.0,11.0,41252.0,48638.0,72.0,3706.0,71.74853407670864,302.0,34.197094621122886,14.5,2557.0,3555.0,12.1,16.9,18.7,541.0,843.0,14.6,1135.0,688.0,930.0,1340.0,17.0,22.8,24.6,NOBLES
2011-02-01,6.3,,,,,,,11559.0,,,,,,,,,,,,,,,,,,,,,,,,,,,,,,,,,,,,,,,,,,,,,,,,,NOBLES
2011-03-01,6.6,,,,,,,11798.0,,,,,,,,,,,,,,,,,,,,,,,,,,,,,,,,,,,,,,,,,,,,,,,,,NOBLES
2011-04-01,5.3,,,,,,,11684.0,,,,,,,,,,,,,,,,,,24.94834710743801,,,,,,582.0,,,,,,,,,,,,,,,,,,,,,,,,,NOBLES
2011-05-01,4.8,,,,,,,11767.0,,,,,,,,,,,,,,,,,,,,,,,,,,,,,,,,,,,,,,,,,,,,,,,,,NOBLES
2011-06-01,5.5,,,,,,,11643.0,,,,,,,,,,,,,,,,,,,,,,,,,,,,,,,,,,,,,,,,,,,,,,,,,NOBLES
2011-07-01,5.5,,,,,,,11672.0,,,,,,,,,,,,,,,,,,24.120346761856197,,,,,,585.0,,,,,,,,,,,,,,,,,,,,,,,,,NOBLES
2011-08-01,5.1,,,,,,,11479.0,,,,,,,,,,,,,,,,,,,,,,,,,,,,,,,,,,,,,,,,,,,,,,,,,NOBLES
2011-09-01,4.9,,,,,,,11169.0,,,,,,,,,,,,,,,,,,,,,,,,,,,,,,,,,,,,,,,,,,,,,,,,,NOBLES
2011-10-01,4.5,,,,,,,11156.0,,,,,,,,,,,,,,,,,,24.43991853360489,,,,,,588.0,,,,,,,,,,,,,,,,,,,,,,,,,NOBLES
2011-11-01,4.1,,,,,,,11227.0,,,,,,,,,,,,,,,,,,,,,,,,,,,,,,,,,,,,,,,,,,,,,,,,,NOBLES
2011-12-01,4.4,,,,,,,11292.0,,,,,,,,,,,,,,,,,,,,,,,,,,,,,,,,,,,,,,,,,,,,,,,,,NOBLES
2012-01-01,5.3,40267.0,874122.0,10.597569866342651,11.538461538461537,25.06443298969072,21.726,11222.0,47713.0,14.4,5504.0,2347.0,43.576999999582796,23.0,49.858794543862324,24.200000000000006,581.0,2338.0,16.1,276.4,21141.0,36.7,15.189216175736394,243.8,140.83,23.27011788826243,17.2,79.0,14252.0,1038.0,4808.0,578.0,17.0,44448.0,50978.0,64.0,3797.0,72.27921179445585,-213.0,35.27595522964106,11.1,1876.0,2818.0,8.9,13.3,15.3,442.0,720.0,11.6,887.0,743.0,693.0,1081.0,12.6,19.0,19.6,NOBLES
2012-02-01,5.4,,,,,,,11206.0,,,,,,,,,,,,,,,,,,,,,,,,,,,,,,,,,,,,,,,,,,,,,,,,,NOBLES
2012-03-01,4.8,,,,,,,11309.0,,,,,,,,,,,,,,,,,,,,,,,,,,,,,,,,,,,,,,,,,,,,,,,,,NOBLES
2012-04-01,3.9,,,,,,,11333.0,,,,,,,,,,,,,,,,,,23.535353535353533,,,,,,578.0,,,,,,,,,,,,,,,,,,,,,,,,,NOBLES
2012-05-01,4.0,,,,,,,11468.0,,,,,,,,,,,,,,,,,,,,,,,,,,,,,,,,,,,,,,,,,,,,,,,,,NOBLES
2012-06-01,4.7,,,,,,,11350.0,,,,,,,,,,,,,,,,,,,,,,,,,,,,,,,,,,,,,,,,,,,,,,,,,NOBLES
2012-07-01,4.6,,,,,,,11597.0,,,,,,,,,,,,,,,,,,23.70259481037924,,,,,,576.0,,,,,,,,,,,,,,,,,,,,,,,,,NOBLES
2012-08-01,4.4,,,,,,,11297.0,,,,,,,,,,,,,,,,,,,,,,,,,,,,,,,,,,,,,,,,,,,,,,,,,NOBLES
2012-09-01,4.0,,,,,,,11219.0,,,,,,,,,,,,,,,,,,,,,,,,,,,,,,,,,,,,,,,,,,,,,,,,,NOBLES
2012-10-01,4.0,,,,,,,11190.0,,,,,,,,,,,,,,,,,,23.272003978120342,,,,,,579.0,,,,,,,,,,,,,,,,,,,,,,,,,NOBLES
2012-11-01,3.3,,,,,,,11127.0,,,,,,,,,,,,,,,,,,,,,,,,,,,,,,,,,,,,,,,,,,,,,,,,,NOBLES
2012-12-01,3.7,,,,,,,11152.0,,,,,,,,,,,,,,,,,,,,,,,,,,,,,,,,,,,,,,,,,,,,,,,,,NOBLES
2013-01-01,5.3,41350.0,899353.0,12.22504409171076,12.052877138413685,26.475895849445727,21.795,11085.0,50936.0,14.5,5540.0,3016.0,44.5809999997728,43.0,51.468940917661364,24.6,703.0,2354.0,19.4,290.2,21237.0,36.9,17.437094155844154,245.0,145.54,21.734985700667306,16.0,78.7,14015.0,1126.0,5072.0,572.0,12.0,47752.0,54120.0,66.0,3804.0,71.35542597070119,-499.0,33.614411651973946,14.2,2486.0,3546.0,11.7,16.7,18.5,533.0,873.0,14.0,1073.0,755.0,863.0,1283.0,15.6,23.0,23.2,NOBLES
2013-02-01,4.9,,,,,,,11023.0,,,,,,,,,,,,,,,,,,,,,,,,,,,,,,,,,,,,,,,,,,,,,,,,,NOBLES
2013-03-01,4.5,,,,,,,10953.0,,,,,,,,,,,,,,,,,,,,,,,,,,,,,,,,,,,,,,,,,,,,,,,,,NOBLES
2013-04-01,4.0,,,,,,,11157.0,,,,,,,,,,,,,,,,,,21.35690396559962,,,,,,576.0,,,,,,,,,,,,,,,,,,,,,,,,,NOBLES
2013-05-01,3.7,,,,,,,11182.0,,,,,,,,,,,,,,,,,,,,,,,,,,,,,,,,,,,,,,,,,,,,,,,,,NOBLES
2013-06-01,4.3,,,,,,,11120.0,,,,,,,,,,,,,,,,,,,,,,,,,,,,,,,,,,,,,,,,,,,,,,,,,NOBLES
2013-07-01,4.3,,,,,,,11182.0,,,,,,,,,,,,,,,,,,21.83098591549296,,,,,,570.0,,,,,,,,,,,,,,,,,,,,,,,,,NOBLES
2013-08-01,3.7,,,,,,,11102.0,,,,,,,,,,,,,,,,,,,,,,,,,,,,,,,,,,,,,,,,,,,,,,,,,NOBLES
2013-09-01,3.5,,,,,,,11032.0,,,,,,,,,,,,,,,,,,,,,,,,,,,,,,,,,,,,,,,,,,,,,,,,,NOBLES
2013-10-01,3.6,,,,,,,10935.0,,,,,,,,,,,,,,,,,,21.466431095406357,,,,,,562.0,,,,,,,,,,,,,,,,,,,,,,,,,NOBLES
2013-11-01,3.1,,,,,,,10958.0,,,,,,,,,,,,,,,,,,,,,,,,,,,,,,,,,,,,,,,,,,,,,,,,,NOBLES
2013-12-01,3.6,,,,,,,11001.0,,,,,,,,,,,,,,,,,,,,,,,,,,,,,,,,,,,,,,,,,,,,,,,,,NOBLES
2014-01-01,4.7,42581.0,920696.0,12.238026738872906,15.615615615615615,25.70866141732284,21.701999999999998,11125.0,50684.0,14.4,5581.0,2769.0,43.18899999978021,47.0,52.660202820587386,24.5,634.0,2333.0,18.1,281.4,21222.0,36.8,17.37112871694619,242.0,148.9,21.100917431192666,16.2,79.0,13756.0,1164.0,5287.0,572.0,23.0,47710.0,53658.0,53.0,3840.0,71.0110025027152,-1040.0,32.37410071942446,13.0,2232.0,3306.0,10.5,15.5,16.5,476.0,792.0,12.4,1011.0,845.0,800.0,1222.0,14.3,20.6,21.9,NOBLES
2014-02-01,4.7,,,,,,,11103.0,,,,,,,,,,,,,,,,,,,,,,,,,,,,,,,,,,,,,,,,,,,,,,,,,NOBLES
2014-03-01,4.3,,,,,,,11141.0,,,,,,,,,,,,,,,,,,,,,,,,,,,,,,,,,,,,,,,,,,,,,,,,,NOBLES
2014-04-01,3.4,,,,,,,11077.0,,,,,,,,,,,,,,,,,,21.02966841186736,,,,,,571.0,,,,,,,,,,,,,,,,,,,,,,,,,NOBLES
2014-05-01,3.0,,,,,,,11055.0,,,,,,,,,,,,,,,,,,,,,,,,,,,,,,,,,,,,,,,,,,,,,,,,,NOBLES
2014-06-01,3.6,,,,,,,11189.0,,,,,,,,,,,,,,,,,,,,,,,,,,,,,,,,,,,,,,,,,,,,,,,,,NOBLES
2014-07-01,3.5,,,,,,,11279.0,,,,,,,,,,,,,,,,,,21.243977222952253,,,,,,567.0,,,,,,,,,,,,,,,,,,,,,,,,,NOBLES
2014-08-01,2.9,,,,,,,11183.0,,,,,,,,,,,,,,,,,,,,,,,,,,,,,,,,,,,,,,,,,,,,,,,,,NOBLES
2014-09-01,2.7,,,,,,,11273.0,,,,,,,,,,,,,,,,,,,,,,,,,,,,,,,,,,,,,,,,,,,,,,,,,NOBLES
2014-10-01,2.8,,,,,,,11476.0,,,,,,,,,,,,,,,,,,20.8955223880597,,,,,,563.0,,,,,,,,,,,,,,,,,,,,,,,,,NOBLES
2014-11-01,2.4,,,,,,,11412.0,,,,,,,,,,,,,,,,,,,,,,,,,,,,,,,,,,,,,,,,,,,,,,,,,NOBLES
2014-12-01,3.0,,,,,,,11474.0,,,,,,,,,,,,,,,,,,,,,,,,,,,,,,,,,,,,,,,,,,,,,,,,,NOBLES
2015-01-01,3.9,44322.0,962535.0,12.374038705315645,16.440422322775262,24.35897435897436,21.811,11556.0,50100.0,13.8,5721.0,2769.0,42.9849999998696,36.0,52.937535511429125,23.1,658.0,2018.0,17.2,254.9,21402.0,36.6,17.674040998579258,219.9,148.44,19.866071428571427,15.6,79.1,13565.0,1247.0,5494.0,563.0,13.0,45729.0,54471.0,49.0,3920.0,71.49644822881875,-735.0,33.8474025974026,12.9,2295.0,3243.0,10.7,15.1,16.8,508.0,808.0,13.0,986.0,853.0,791.0,1181.0,13.8,20.6,20.6,NOBLES
2015-02-01,4.0,,,,,,,11395.0,,,,,,,,,,,,,,,,,,,,,,,,,,,,,,,,,,,,,,,,,,,,,,,,,NOBLES
2015-03-01,3.7,,,,,,,11631.0,,,,,,,,,,,,,,,,,,,,,,,,,,,,,,,,,,,,,,,,,,,,,,,,,NOBLES
2015-04-01,3.0,,,,,,,11413.0,,,,,,,,,,,,,,,,,,19.147045757441138,,,,,,563.0,,,,,,,,,,,,,,,,,,,,,,,,,NOBLES
2015-05-01,3.0,,,,,,,11399.0,,,,,,,,,,,,,,,,,,,,,,,,,,,,,,,,,,,,,,,,,,,,,,,,,NOBLES
2015-06-01,3.4,,,,,,,11544.0,,,,,,,,,,,,,,,,,,,,,,,,,,,,,,,,,,,,,,,,,,,,,,,,,NOBLES
2015-07-01,3.1,,,,,,,11432.0,,,,,,,,,,,,,,,,,,18.902991840435178,,,,,,558.0,,,,,,,,,,,,,,,,,,,,,,,,,NOBLES
2015-08-01,2.7,,,,,,,11275.0,,,,,,,,,,,,,,,,,,,,,,,,,,,,,,,,,,,,,,,,,,,,,,,,,NOBLES
2015-09-01,2.7,,,,,,,11490.0,,,,,,,,,,,,,,,,,,,,,,,,,,,,,,,,,,,,,,,,,,,,,,,,,NOBLES
2015-10-01,2.6,,,,,,,11804.0,,,,,,,,,,,,,,,,,,20.09869896814715,,,,,,553.0,,,,,,,,,,,,,,,,,,,,,,,,,NOBLES
2015-11-01,2.5,,,,,,,11686.0,,,,,,,,,,,,,,,,,,,,,,,,,,,,,,,,,,,,,,,,,,,,,,,,,NOBLES
2015-12-01,3.7,,,,,,,11690.0,,,,,,,,,,,,,,,,,,,,,,,,,,,,,,,,,,,,,,,,,,,,,,,,,NOBLES
2016-01-01,4.9,42329.0,924805.0,11.755054250253687,15.584415584415586,22.69401620067939,22.016,11832.0,56069.0,13.5,5715.0,2500.0,,28.0,52.508457029335155,23.2,570.0,,15.3,338.2,21472.0,35.8,16.566764378853733,287.7,154.72,20.01799370220423,14.1,77.3,13306.0,1300.0,5661.0,548.0,14.0,52352.0,59786.0,85.0,3966.0,69.17261457550714,,31.322878970647373,11.6,2037.0,2963.0,9.4,13.8,14.4,434.0,706.0,11.0,875.0,907.0,693.0,1057.0,12.1,17.8,18.5,NOBLES
2016-02-01,4.7,,,,,,,11577.0,,,,,,,,,,,,,,,,,,,,,,,,,,,,,,,,,,,,,,,,,,,,,,,,,NOBLES
2016-03-01,4.1,,,,,,,11707.0,,,,,,,,,,,,,,,,,,,,,,,,,,,,,,,,,,,,,,,,,,,,,,,,,NOBLES
2016-04-01,3.2,,,,,,,11479.0,,,,,,,,,,,,,,,,,,19.1358024691358,,,,,,547.0,,,,,,,,,,,,,,,,,,,,,,,,,NOBLES
2016-05-01,3.0,,,,,,,11372.0,,,,,,,,,,,,,,,,,,,,,,,,,,,,,,,,,,,,,,,,,,,,,,,,,NOBLES
2016-06-01,4.1,,,,,,,11333.0,,,,,,,,,,,,,,,,,,,,,,,,,,,,,,,,,,,,,,,,,,,,,,,,,NOBLES
2016-07-01,4.3,,,,,,,11427.0,,,,,,,,,,,,,,,,,,19.973890339425584,,,,,,550.0,,,,,,,,,,,,,,,,,,,,,,,,,NOBLES
2016-08-01,3.7,,,,,,,11190.0,,,,,,,,,,,,,,,,,,,,,,,,,,,,,,,,,,,,,,,,,,,,,,,,,NOBLES
2016-09-01,3.3,,,,,,,11166.0,,,,,,,,,,,,,,,,,,,,,,,,,,,,,,,,,,,,,,,,,,,,,,,,,NOBLES
2016-10-01,3.4,,,,,,,11662.0,,,,,,,,,,,,,,,,,,19.895742832319726,,,,,,548.0,,,,,,,,,,,,,,,,,,,,,,,,,NOBLES
2016-11-01,2.9,,,,,,,11648.0,,,,,,,,,,,,,,,,,,,,,,,,,,,,,,,,,,,,,,,,,,,,,,,,,NOBLES
2016-12-01,3.6,,,,,,,11593.0,,,,,,,,,,,,,,,,,,,,,,,,,,,,,,,,,,,,,,,,,,,,,,,,,NOBLES
2017-01-01,4.9,,,,,,21.944000000000003,11757.0,,,,,,37.0,,,,,,,,,,,160.44,18.64993509303332,,,,,,547.0,45.0,,,,,,,,,,,,,,,,,,,,,,,,NOBLES
2017-02-01,4.0,,,,,,,11425.0,,,,,,,,,,,,,,,,,,,,,,,,,,,,,,,,,,,,,,,,,,,,,,,,,NOBLES
2017-03-01,4.2,,,,,,,11511.0,,,,,,,,,,,,,,,,,,,,,,,,,,,,,,,,,,,,,,,,,,,,,,,,,NOBLES
2017-04-01,2.9,,,,,,,11417.0,,,,,,,,,,,,,,,,,,18.22849807445443,,,,,,553.0,,,,,,,,,,,,,,,,,,,,,,,,,NOBLES
2017-05-01,2.7,,,,,,,11344.0,,,,,,,,,,,,,,,,,,,,,,,,,,,,,,,,,,,,,,,,,,,,,,,,,NOBLES
2017-06-01,3.1,,,,,,,11283.0,,,,,,,,,,,,,,,,,,,,,,,,,,,,,,,,,,,,,,,,,,,,,,,,,NOBLES
2017-07-01,3.0,,,,,,,11192.0,,,,,,,,,,,,,,,,,,17.747589833479406,,,,,,559.0,,,,,,,,,,,,,,,,,,,,,,,,,NOBLES
2017-08-01,3.4,,,,,,,11140.0,,,,,,,,,,,,,,,,,,,,,,,,,,,,,,,,,,,,,,,,,,,,,,,,,NOBLES
2017-09-01,2.9,,,,,,,11102.0,,,,,,,,,,,,,,,,,,,,,,,,,,,,,,,,,,,,,,,,,,,,,,,,,NOBLES
2017-10-01,2.2,,,,,,,11389.0,,,,,,,,,,,,,,,,,,18.41988459831336,,,,,,565.0,,,,,,,,,,,,,,,,,,,,,,,,,NOBLES
2017-11-01,2.2,,,,,,,11284.0,,,,,,,,,,,,,,,,,,,,,,,,,,,,,,,,,,,,,,,,,,,,,,,,,NOBLES
2017-12-01,2.8,,,,,,,11286.0,,,,,,,,,,,,,,,,,,,,,,,,,,,,,,,,,,,,,,,,,,,,,,,,,NOBLES
2018-01-01,4.0,,,,,,,11400.0,,,,,,,,,,,,,,,,,,18.488529014844804,,,,,,572.0,,,,,,,,,,,,,,,,,,,,,,,,,NOBLES
2018-02-01,3.6,,,,,,,11370.0,,,,,,,,,,,,,,,,,,,,,,,,,,,,,,,,,,,,,,,,,,,,,,,,,NOBLES
2018-03-01,3.3,,,,,,,11396.0,,,,,,,,,,,,,,,,,,,,,,,,,,,,,,,,,,,,,,,,,,,,,,,,,NOBLES
2018-04-01,2.7,,,,,,,11411.0,,,,,,,,,,,,,,,,,,18.38170624450308,,,,,,,,,,,,,,,,,,,,,,,,,,,,,,,NOBLES
2018-05-01,2.2,,,,,,,11501.0,,,,,,,,,,,,,,,,,,,,,,,,,,,,,,,,,,,,,,,,,,,,,,,,,NOBLES
2018-06-01,2.8,,,,,,,11342.0,,,,,,,,,,,,,,,,,,,,,,,,,,,,,,,,,,,,,,,,,,,,,,,,,NOBLES
2018-07-01,2.7,,,,,,,11350.0,,,,,,,,,,,,,,,,,,,,,,,,,,,,,,,,,,,,,,,,,,,,,,,,,NOBLES
2018-08-01,2.3,,,,,,,10892.0,,,,,,,,,,,,,,,,,,,,,,,,,,,,,,,,,,,,,,,,,,,,,,,,,NOBLES
