DATE,MNOLMS9URN,S1701ACS027109,NETMIGNACS027109,PUAAMN27109A647NCEN,USPTOISSUED027109,PUA5T17RMN27109A647NCEN,MHICILBMN27109A052NCEN,2020RATIO027109,EQFXSUBPRIME027109,MHIMN27109A052NCEN,PI27109,MNOLMS9POP,PCPI27109,MNOLMS9LFN,ENU2710920510,ATNHPIUS27109A,BPPRIV027109,PPAAMN27109A156NCEN,PEAAMN27109A647NCEN,RACEDISPARITY027109,FBITC027109,HC01ESTVC1627109,HC01ESTVC1727109,CBR27109MNA647NCEN,CDC20N2U027109,DMPCRATE027109,B080ACS027109,S1101SPHOUSE027109,S1501ACSTOTAL027109,PP5T17MN27109A156NCEN,B03002005E027109,PUA0T17MN27109A647NCEN,MHICIUBMN27109A052NCEN,B01002001E027109,B03002003E027109,B03002012E027109,MWACL27109,PECILBAAMN27109A647NCEN,PECIUBAAMN27109A647NCEN,PPCILBAAMN27109A156NCEN,B03002006E027109,DP04ACS027109,PPCIUBAAMN27109A156NCEN,B14005DCYACS027109,B03002004E027109,HOWNRATEACS027109,CDC20N2UAA027109,PEU18MN27109A647NCEN,PPU18MN27109A156NCEN,PECILBU18MN27109A647NCEN,PECIUBU18MN27109A647NCEN,PPCILBU18MN27109A156NCEN,PE5T17MN27109A647NCEN,PECILB5T17MN27109A647NCEN,PECIUB5T17MN27109A647NCEN,PPCILB5T17MN27109A156NCEN,PPCIUBU18MN27109A156NCEN,PPCIUB5T17MN27109A156NCEN,county
1991-01-01,3.2,,,,2.0,,,,,,2350430.0,109.555,21454.0,62541,2395.0,69.59,836.0,,,,,,,,,,,,,,,,,,,,,,,,,,,,,,,,,,,,,,,,,,OLMSTED
1991-02-01,3.3,,,,5.0,,,,,,,,,62669,,,,,,,,,,,,,,,,,,,,,,,,,,,,,,,,,,,,,,,,,,,,,OLMSTED
1991-03-01,3.3,,,,3.0,,,,,,,,,63318,,,,,,,,,,,,,,,,,,,,,,,,,,,,,,,,,,,,,,,,,,,,,OLMSTED
1991-04-01,2.9,,,,4.0,,,,,,,,,63187,2405.0,,,,,,,,,,,,,,,,,,,,,,,,,,,,,,,,,,,,,,,,,,,,OLMSTED
1991-05-01,2.8,,,,,,,,,,,,,63372,,,,,,,,,,,,,,,,,,,,,,,,,,,,,,,,,,,,,,,,,,,,,OLMSTED
1991-06-01,3.1,,,,2.0,,,,,,,,,64418,,,,,,,,,,,,,,,,,,,,,,,,,,,,,,,,,,,,,,,,,,,,,OLMSTED
1991-07-01,2.7,,,,1.0,,,,,,,,,65802,2407.0,,,,,,,,,,,,,,,,,,,,,,,,,,,,,,,,,,,,,,,,,,,,OLMSTED
1991-08-01,2.7,,,,1.0,,,,,,,,,65275,,,,,,,,,,,,,,,,,,,,,,,,,,,,,,,,,,,,,,,,,,,,,OLMSTED
1991-09-01,2.6,,,,4.0,,,,,,,,,64408,,,,,,,,,,,,,,,,,,,,,,,,,,,,,,,,,,,,,,,,,,,,,OLMSTED
1991-10-01,2.2,,,,9.0,,,,,,,,,63613,2434.0,,,,,,,,,,,,,,,,,,,,,,,,,,,,,,,,,,,,,,,,,,,,OLMSTED
1991-11-01,2.4,,,,3.0,,,,,,,,,64000,,,,,,,,,,,,,,,,,,,,,,,,,,,,,,,,,,,,,,,,,,,,,OLMSTED
1991-12-01,2.9,,,,7.0,,,,,,,,,63499,,,,,,,,,,,,,,,,,,,,,,,,,,,,,,,,,,,,,,,,,,,,,OLMSTED
1992-01-01,3.5,,,,4.0,,,,,,2522636.0,111.171,22691.0,63117,2453.0,70.92,779.0,,,,,,,,,,,,,,,,,,,,,,,,,,,,,,,,,,,,,,,,,,OLMSTED
1992-02-01,3.4,,,,3.0,,,,,,,,,63043,,,,,,,,,,,,,,,,,,,,,,,,,,,,,,,,,,,,,,,,,,,,,OLMSTED
1992-03-01,3.4,,,,5.0,,,,,,,,,63449,,,,,,,,,,,,,,,,,,,,,,,,,,,,,,,,,,,,,,,,,,,,,OLMSTED
1992-04-01,2.9,,,,6.0,,,,,,,,,63714,2472.0,,,,,,,,,,,,,,,,,,,,,,,,,,,,,,,,,,,,,,,,,,,,OLMSTED
1992-05-01,2.6,,,,2.0,,,,,,,,,63788,,,,,,,,,,,,,,,,,,,,,,,,,,,,,,,,,,,,,,,,,,,,,OLMSTED
1992-06-01,3.2,,,,2.0,,,,,,,,,65196,,,,,,,,,,,,,,,,,,,,,,,,,,,,,,,,,,,,,,,,,,,,,OLMSTED
1992-07-01,2.6,,,,5.0,,,,,,,,,65909,2495.0,,,,,,,,,,,,,,,,,,,,,,,,,,,,,,,,,,,,,,,,,,,,OLMSTED
1992-08-01,2.7,,,,10.0,,,,,,,,,65577,,,,,,,,,,,,,,,,,,,,,,,,,,,,,,,,,,,,,,,,,,,,,OLMSTED
1992-09-01,2.9,,,,4.0,,,,,,,,,64496,,,,,,,,,,,,,,,,,,,,,,,,,,,,,,,,,,,,,,,,,,,,,OLMSTED
1992-10-01,2.5,,,,7.0,,,,,,,,,64464,2519.0,,,,,,,,,,,,,,,,,,,,,,,,,,,,,,,,,,,,,,,,,,,,OLMSTED
1992-11-01,2.5,,,,5.0,,,,,,,,,64560,,,,,,,,,,,,,,,,,,,,,,,,,,,,,,,,,,,,,,,,,,,,,OLMSTED
1992-12-01,2.8,,,,7.0,,,,,,,,,64844,,,,,,,,,,,,,,,,,,,,,,,,,,,,,,,,,,,,,,,,,,,,,OLMSTED
1993-01-01,3.6,,,,4.0,,40312.0,,,42608.0,2565269.0,113.81,22540.0,64231,2529.0,72.41,609.0,7.3,8290.0,,,,,5260.0,,,,,,7.9,,,44891.0,,,,,6560.0,10020.0,5.8,,,8.8,,,,,2954.0,9.1,2300.0,3608.0,7.1,1820.0,1375.0,2264.0,6.0,11.1,9.9,OLMSTED
1993-02-01,3.6,,,,3.0,,,,,,,,,64462,,,,,,,,,,,,,,,,,,,,,,,,,,,,,,,,,,,,,,,,,,,,,OLMSTED
1993-03-01,3.5,,,,8.0,,,,,,,,,64646,,,,,,,,,,,,,,,,,,,,,,,,,,,,,,,,,,,,,,,,,,,,,OLMSTED
1993-04-01,3.3,,,,2.0,,,,,,,,,65372,2542.0,,,,,,,,,,,,,,,,,,,,,,,,,,,,,,,,,,,,,,,,,,,,OLMSTED
1993-05-01,2.9,,,,1.0,,,,,,,,,65292,,,,,,,,,,,,,,,,,,,,,,,,,,,,,,,,,,,,,,,,,,,,,OLMSTED
1993-06-01,3.2,,,,4.0,,,,,,,,,66547,,,,,,,,,,,,,,,,,,,,,,,,,,,,,,,,,,,,,,,,,,,,,OLMSTED
1993-07-01,2.6,,,,3.0,,,,,,,,,67182,2548.0,,,,,,,,,,,,,,,,,,,,,,,,,,,,,,,,,,,,,,,,,,,,OLMSTED
1993-08-01,2.4,,,,5.0,,,,,,,,,66654,,,,,,,,,,,,,,,,,,,,,,,,,,,,,,,,,,,,,,,,,,,,,OLMSTED
1993-09-01,2.5,,,,3.0,,,,,,,,,65337,,,,,,,,,,,,,,,,,,,,,,,,,,,,,,,,,,,,,,,,,,,,,OLMSTED
1993-10-01,3.3,,,,3.0,,,,,,,,,65207,2611.0,,,,,,,,,,,,,,,,,,,,,,,,,,,,,,,,,,,,,,,,,,,,OLMSTED
1993-11-01,3.4,,,,7.0,,,,,,,,,65334,,,,,,,,,,,,,,,,,,,,,,,,,,,,,,,,,,,,,,,,,,,,,OLMSTED
1993-12-01,3.5,,,,1.0,,,,,,,,,64767,,,,,,,,,,,,,,,,,,,,,,,,,,,,,,,,,,,,,,,,,,,,,OLMSTED
1994-01-01,4.6,,,,2.0,,,,,,2649267.0,114.535,23131.0,64722,2669.0,73.31,450.0,,,,,,,,,,,,,,,,,,,,,,,,,,,,,,,,,,,,,,,,,,OLMSTED
1994-02-01,4.4,,,,2.0,,,,,,,,,64556,,,,,,,,,,,,,,,,,,,,,,,,,,,,,,,,,,,,,,,,,,,,,OLMSTED
1994-03-01,4.4,,,,3.0,,,,,,,,,64818,,,,,,,,,,,,,,,,,,,,,,,,,,,,,,,,,,,,,,,,,,,,,OLMSTED
1994-04-01,3.8,,,,6.0,,,,,,,,,64220,2639.0,,,,,,,,,,,,,,,,,,,,,,,,,,,,,,,,,,,,,,,,,,,,OLMSTED
1994-05-01,3.2,,,,10.0,,,,,,,,,63839,,,,,,,,,,,,,,,,,,,,,,,,,,,,,,,,,,,,,,,,,,,,,OLMSTED
1994-06-01,3.5,,,,7.0,,,,,,,,,64941,,,,,,,,,,,,,,,,,,,,,,,,,,,,,,,,,,,,,,,,,,,,,OLMSTED
1994-07-01,3.1,,,,1.0,,,,,,,,,65660,2611.0,,,,,,,,,,,,,,,,,,,,,,,,,,,,,,,,,,,,,,,,,,,,OLMSTED
1994-08-01,3.0,,,,7.0,,,,,,,,,65451,,,,,,,,,,,,,,,,,,,,,,,,,,,,,,,,,,,,,,,,,,,,,OLMSTED
1994-09-01,3.2,,,,,,,,,,,,,64516,,,,,,,,,,,,,,,,,,,,,,,,,,,,,,,,,,,,,,,,,,,,,OLMSTED
1994-10-01,3.0,,,,4.0,,,,,,,,,64260,2668.0,,,,,,,,,,,,,,,,,,,,,,,,,,,,,,,,,,,,,,,,,,,,OLMSTED
1994-11-01,2.8,,,,3.0,,,,,,,,,63679,,,,,,,,,,,,,,,,,,,,,,,,,,,,,,,,,,,,,,,,,,,,,OLMSTED
1994-12-01,3.0,,,,5.0,,,,,,,,,63819,,,,,,,,,,,,,,,,,,,,,,,,,,,,,,,,,,,,,,,,,,,,,OLMSTED
1995-01-01,3.9,,,,1.0,,42066.0,,,45170.0,2772710.0,114.41,24235.0,63770,2656.0,74.08,409.0,6.6,7471.0,,,,,5885.0,,,,,,7.4,,,48258.0,,,,,5926.0,9016.0,5.2,,,8.0,,,,,2648.0,8.3,2063.0,3234.0,6.5,1674.0,1294.0,2054.0,5.7,10.1,9.0,OLMSTED
1995-02-01,3.6,,,,3.0,,,,,,,,,63386,,,,,,,,,,,,,,,,,,,,,,,,,,,,,,,,,,,,,,,,,,,,,OLMSTED
1995-03-01,3.5,,,,4.0,,,,,,,,,63685,,,,,,,,,,,,,,,,,,,,,,,,,,,,,,,,,,,,,,,,,,,,,OLMSTED
1995-04-01,3.3,,,,3.0,,,,,,,,,63511,2656.0,,,,,,,,,,,,,,,,,,,,,,,,,,,,,,,,,,,,,,,,,,,,OLMSTED
1995-05-01,2.8,,,,7.0,,,,,,,,,63561,,,,,,,,,,,,,,,,,,,,,,,,,,,,,,,,,,,,,,,,,,,,,OLMSTED
1995-06-01,3.0,,,,,,,,,,,,,64577,,,,,,,,,,,,,,,,,,,,,,,,,,,,,,,,,,,,,,,,,,,,,OLMSTED
1995-07-01,2.6,,,,7.0,,,,,,,,,66057,2609.0,,,,,,,,,,,,,,,,,,,,,,,,,,,,,,,,,,,,,,,,,,,,OLMSTED
1995-08-01,2.4,,,,13.0,,,,,,,,,65600,,,,,,,,,,,,,,,,,,,,,,,,,,,,,,,,,,,,,,,,,,,,,OLMSTED
1995-09-01,2.7,,,,5.0,,,,,,,,,64994,,,,,,,,,,,,,,,,,,,,,,,,,,,,,,,,,,,,,,,,,,,,,OLMSTED
1995-10-01,2.4,,,,3.0,,,,,,,,,64641,2693.0,,,,,,,,,,,,,,,,,,,,,,,,,,,,,,,,,,,,,,,,,,,,OLMSTED
1995-11-01,2.4,,,,3.0,,,,,,,,,64491,,,,,,,,,,,,,,,,,,,,,,,,,,,,,,,,,,,,,,,,,,,,,OLMSTED
1995-12-01,2.7,,,,6.0,,,,,,,,,64223,,,,,,,,,,,,,,,,,,,,,,,,,,,,,,,,,,,,,,,,,,,,,OLMSTED
1996-01-01,3.7,,,,1.0,,,,,,2989736.0,115.404,25907.0,64580,2740.0,76.62,546.0,,,,,,,,,,,,,,,,,,,,,,,,,,,,,,,,,,,,,,,,,,OLMSTED
1996-02-01,3.5,,,,3.0,,,,,,,,,64414,,,,,,,,,,,,,,,,,,,,,,,,,,,,,,,,,,,,,,,,,,,,,OLMSTED
1996-03-01,3.8,,,,3.0,,,,,,,,,64947,,,,,,,,,,,,,,,,,,,,,,,,,,,,,,,,,,,,,,,,,,,,,OLMSTED
1996-04-01,3.5,,,,7.0,,,,,,,,,64900,2769.0,,,,,,,,,,,,,,,,,,,,,,,,,,,,,,,,,,,,,,,,,,,,OLMSTED
1996-05-01,3.0,,,,5.0,,,,,,,,,64672,,,,,,,,,,,,,,,,,,,,,,,,,,,,,,,,,,,,,,,,,,,,,OLMSTED
1996-06-01,3.4,,,,11.0,,,,,,,,,66113,,,,,,,,,,,,,,,,,,,,,,,,,,,,,,,,,,,,,,,,,,,,,OLMSTED
1996-07-01,3.0,,,,1.0,,,,,,,,,67175,2774.0,,,,,,,,,,,,,,,,,,,,,,,,,,,,,,,,,,,,,,,,,,,,OLMSTED
1996-08-01,2.6,,,,1.0,,,,,,,,,66909,,,,,,,,,,,,,,,,,,,,,,,,,,,,,,,,,,,,,,,,,,,,,OLMSTED
1996-09-01,2.7,,,,1.0,,,,,,,,,65525,,,,,,,,,,,,,,,,,,,,,,,,,,,,,,,,,,,,,,,,,,,,,OLMSTED
1996-10-01,2.3,,,,4.0,,,,,,,,,65515,2793.0,,,,,,,,,,,,,,,,,,,,,,,,,,,,,,,,,,,,,,,,,,,,OLMSTED
1996-11-01,2.4,,,,2.0,,,,,,,,,65751,,,,,,,,,,,,,,,,,,,,,,,,,,,,,,,,,,,,,,,,,,,,,OLMSTED
1996-12-01,2.3,,,,5.0,,,,,,,,,65414,,,,,,,,,,,,,,,,,,,,,,,,,,,,,,,,,,,,,,,,,,,,,OLMSTED
1997-01-01,3.1,,,,3.0,,45900.0,,,49000.0,3145969.0,117.279,26825.0,66468,2822.0,79.63,715.0,7.0,8144.0,,,,,4632.0,,,,,,9.0,,,52083.0,,,,,6296.0,9993.0,5.4,,,8.6,,,,,3262.0,10.1,2429.0,4095.0,7.5,2056.0,1460.0,2652.0,6.4,12.6,11.7,OLMSTED
1997-02-01,2.8,,,,6.0,,,,,,,,,66005,,,,,,,,,,,,,,,,,,,,,,,,,,,,,,,,,,,,,,,,,,,,,OLMSTED
1997-03-01,2.8,,,,7.0,,,,,,,,,66708,,,,,,,,,,,,,,,,,,,,,,,,,,,,,,,,,,,,,,,,,,,,,OLMSTED
1997-04-01,2.3,,,,2.0,,,,,,,,,66854,2838.0,,,,,,,,,,,,,,,,,,,,,,,,,,,,,,,,,,,,,,,,,,,,OLMSTED
1997-05-01,2.0,,,,5.0,,,,,,,,,66823,,,,,,,,,,,,,,,,,,,,,,,,,,,,,,,,,,,,,,,,,,,,,OLMSTED
1997-06-01,2.4,,,,7.0,,,,,,,,,68483,,,,,,,,,,,,,,,,,,,,,,,,,,,,,,,,,,,,,,,,,,,,,OLMSTED
1997-07-01,2.0,,,,3.0,,,,,,,,,69842,2948.0,,,,,,,,,,,,,,,,,,,,,,,,,,,,,,,,,,,,,,,,,,,,OLMSTED
1997-08-01,1.9,,,,,,,,,,,,,69372,,,,,,,,,,,,,,,,,,,,,,,,,,,,,,,,,,,,,,,,,,,,,OLMSTED
1997-09-01,2.0,,,,2.0,,,,,,,,,68090,,,,,,,,,,,,,,,,,,,,,,,,,,,,,,,,,,,,,,,,,,,,,OLMSTED
1997-10-01,1.7,,,,12.0,,,,,,,,,68738,2930.0,,,,,,,,,,,,,,,,,,,,,,,,,,,,,,,,,,,,,,,,,,,,OLMSTED
1997-11-01,1.5,,,,7.0,,,,,,,,,69076,,,,,,,,,,,,,,,,,,,,,,,,,,,,,,,,,,,,,,,,,,,,,OLMSTED
1997-12-01,1.6,,,,7.0,,,,,,,,,68616,,,,,,,,,,,,,,,,,,,,,,,,,,,,,,,,,,,,,,,,,,,,,OLMSTED
1998-01-01,2.3,,,118923.0,4.0,23426.0,47610.0,,,50682.0,3503407.0,120.04,29185.0,69818,2925.0,83.29,812.0,6.9,8179.0,,,,,3957.0,,,,,,8.4,,32768.0,53738.0,,,,,6345.0,10014.0,5.3,,,8.4,,,,,3177.0,9.7,2296.0,4058.0,7.0,1967.0,1309.0,2625.0,5.6,12.4,11.2,OLMSTED
1998-02-01,2.0,,,,11.0,,,,,,,,,69813,,,,,,,,,,,,,,,,,,,,,,,,,,,,,,,,,,,,,,,,,,,,,OLMSTED
1998-03-01,2.1,,,,6.0,,,,,,,,,70329,,,,,,,,,,,,,,,,,,,,,,,,,,,,,,,,,,,,,,,,,,,,,OLMSTED
1998-04-01,1.6,,,,10.0,,,,,,,,,70639,2920.0,,,,,,,,,,,,,,,,,,,,,,,,,,,,,,,,,,,,,,,,,,,,OLMSTED
1998-05-01,1.5,,,,6.0,,,,,,,,,70645,,,,,,,,,,,,,,,,,,,,,,,,,,,,,,,,,,,,,,,,,,,,,OLMSTED
1998-06-01,1.9,,,,5.0,,,,,,,,,72027,,,,,,,,,,,,,,,,,,,,,,,,,,,,,,,,,,,,,,,,,,,,,OLMSTED
1998-07-01,1.5,,,,3.0,,,,,,,,,73076,2911.0,,,,,,,,,,,,,,,,,,,,,,,,,,,,,,,,,,,,,,,,,,,,OLMSTED
1998-08-01,1.5,,,,12.0,,,,,,,,,72808,,,,,,,,,,,,,,,,,,,,,,,,,,,,,,,,,,,,,,,,,,,,,OLMSTED
1998-09-01,1.5,,,,3.0,,,,,,,,,71769,,,,,,,,,,,,,,,,,,,,,,,,,,,,,,,,,,,,,,,,,,,,,OLMSTED
1998-10-01,1.4,,,,4.0,,,,,,,,,71250,2902.0,,,,,,,,,,,,,,,,,,,,,,,,,,,,,,,,,,,,,,,,,,,,OLMSTED
1998-11-01,1.4,,,,4.0,,,,,,,,,71457,,,,,,,,,,,,,,,,,,,,,,,,,,,,,,,,,,,,,,,,,,,,,OLMSTED
1998-12-01,1.4,,,,9.0,,,,,,,,,71140,,,,,,,,,,,,,,,,,,,,,,,,,,,,,,,,,,,,,,,,,,,,,OLMSTED
1999-01-01,2.1,,,123410.0,6.0,24120.0,47925.0,,23.158337422022854,51147.0,3763035.0,122.585,30697.0,72291,2884.0,90.25,1004.0,6.1,7470.0,,,,,3803.0,291.4,,,,,7.3,,33418.0,54585.0,,,,,5638.0,9302.0,4.6,,,7.5,,,,322.0,2490.0,7.5,1698.0,3282.0,5.1,1771.0,1120.0,2422.0,4.6,9.8,10.0,OLMSTED
1999-02-01,2.0,,,,2.0,,,,,,,,,71613,,,,,,,,,,,,,,,,,,,,,,,,,,,,,,,,,,,,,,,,,,,,,OLMSTED
1999-03-01,2.1,,,,9.0,,,,,,,,,72394,,,,,,,,,,,,,,,,,,,,,,,,,,,,,,,,,,,,,,,,,,,,,OLMSTED
1999-04-01,1.8,,,,4.0,,,,23.45382660265462,,,,,72645,2919.0,,,,,,,,,,,,,,,,,,,,,,,,,,,,,,,,,,,,,,,,,,,,OLMSTED
1999-05-01,1.7,,,,6.0,,,,,,,,,72713,,,,,,,,,,,,,,,,,,,,,,,,,,,,,,,,,,,,,,,,,,,,,OLMSTED
1999-06-01,2.3,,,,5.0,,,,,,,,,74356,,,,,,,,,,,,,,,,,,,,,,,,,,,,,,,,,,,,,,,,,,,,,OLMSTED
1999-07-01,2.1,,,,3.0,,,,22.403685092127304,,,,,77078,2957.0,,,,,,,,,,,,,,,,,,,,,,,,,,,,,,,,,,,,,,,,,,,,OLMSTED
1999-08-01,1.9,,,,4.0,,,,,,,,,76400,,,,,,,,,,,,,,,,,,,,,,,,,,,,,,,,,,,,,,,,,,,,,OLMSTED
1999-09-01,2.1,,,,8.0,,,,,,,,,75292,,,,,,,,,,,,,,,,,,,,,,,,,,,,,,,,,,,,,,,,,,,,,OLMSTED
1999-10-01,1.7,,,,6.0,,,,22.86713785964161,,,,,74994,2956.0,,,,,,,,,,,,,,,,,,,,,,,,,,,,,,,,,,,,,,,,,,,,OLMSTED
1999-11-01,1.9,,,,15.0,,,,,,,,,75264,,,,,,,,,,,,,,,,,,,,,,,,,,,,,,,,,,,,,,,,,,,,,OLMSTED
1999-12-01,2.1,,,,2.0,,,,,,,,,74673,,,,,,,,,,,,,,,,,,,,,,,,,,,,,,,,,,,,,,,,,,,,,OLMSTED
2000-01-01,3.2,,,125384.0,19.0,23549.0,49857.0,,23.136764603736893,53749.0,4017595.0,124.97,32159.0,71968,2972.0,100.0,987.0,5.4,6818.0,,,,,3709.0,229.6,,,,,5.4,,32980.0,57944.0,,,,,5290.0,8346.0,4.2,,,6.7,,,,250.9,2075.0,6.3,1544.0,2605.0,4.7,1264.0,867.0,1661.0,3.7,7.9,7.1,OLMSTED
2000-02-01,3.1,,,,9.0,,,,,,,,,72183,,,,,,,,,,,,,,,,,,,,,,,,,,,,,,,,,,,,,,,,,,,,,OLMSTED
2000-03-01,3.4,,,,13.0,,,,,,,,,72583,,,,,,,,,,,,,,,,,,,,,,,,,,,,,,,,,,,,,,,,,,,,,OLMSTED
2000-04-01,2.8,,,,10.0,,,,23.550797818622502,,,,,71936,3015.0,,,,,,,,,,,,,,,,,,,,,,,,,,,,,,,,,,,,,,,,,,,,OLMSTED
2000-05-01,2.7,,,,5.0,,,,,,,,,72270,,,,,,,,,,,,,,,,,,,,,,,,,,,,,,,,,,,,,,,,,,,,,OLMSTED
2000-06-01,2.7,,,,6.0,,,,,,,,,73147,,,,,,,,,,,,,,,,,,,,,,,,,,,,,,,,,,,,,,,,,,,,,OLMSTED
2000-07-01,2.5,,,,7.0,,,,23.15200497357787,,,,,73743,3035.0,,,,,,,,,,,,,,,,,,,,,,,,,,,,,,,,,,,,,,,,,,,,OLMSTED
2000-08-01,2.4,,,,10.0,,,,,,,,,73401,,,,,,,,,,,,,,,,,,,,,,,,,,,,,,,,,,,,,,,,,,,,,OLMSTED
2000-09-01,2.6,,,,6.0,,,,,,,,,72995,,,,,,,,,,,,,,,,,,,,,,,,,,,,,,,,,,,,,,,,,,,,,OLMSTED
2000-10-01,2.4,,,,1.0,,,,22.028779534553202,,,,,72961,3095.0,,,,,,,,,,,,,,,,,,,,,,,,,,,,,,,,,,,,,,,,,,,,OLMSTED
2000-11-01,2.3,,,,6.0,,,,,,,,,73188,,,,,,,,,,,,,,,,,,,,,,,,,,,,,,,,,,,,,,,,,,,,,OLMSTED
2000-12-01,2.2,,,,7.0,,,,,,,,,72697,,,,,,,,,,,,,,,,,,,,,,,,,,,,,,,,,,,,,,,,,,,,,OLMSTED
2001-01-01,3.0,,,127740.0,8.0,23914.0,49936.0,,22.967640094711925,53488.0,4311683.0,126.84,34021.0,72801,3072.0,106.72,1181.0,5.7,7265.0,,,,,4452.0,241.3,,,,,5.7,,33085.0,57293.0,,,,,5619.0,8912.0,4.4,,,7.0,,,,260.3,2087.0,6.3,1506.0,2668.0,4.6,1358.0,900.0,1816.0,3.8,8.1,7.6,OLMSTED
2001-02-01,2.9,,,,6.0,,,,,,,,,72536,,,,,,,,,,,,,,,,,,,,,,,,,,,,,,,,,,,,,,,,,,,,,OLMSTED
2001-03-01,3.2,,,,13.0,,,,,,,,,73088,,,,,,,,,,,,,,,,,,,,,,,,,,,,,,,,,,,,,,,,,,,,,OLMSTED
2001-04-01,2.9,,,,13.0,,,,22.40804702175362,,,,,73636,3107.0,,,,,,,,,,,,,,,,,,,,,,,,,,,,,,,,,,,,,,,,,,,,OLMSTED
2001-05-01,2.5,,,,12.0,,,,,,,,,73323,,,,,,,,,,,,,,,,,,,,,,,,,,,,,,,,,,,,,,,,,,,,,OLMSTED
2001-06-01,2.9,,,,14.0,,,,,,,,,74817,,,,,,,,,,,,,,,,,,,,,,,,,,,,,,,,,,,,,,,,,,,,,OLMSTED
2001-07-01,2.8,,,,13.0,,,,22.635716040284944,,,,,75989,3100.0,,,,,,,,,,,,,,,,,,,,,,,,,,,,,,,,,,,,,,,,,,,,OLMSTED
2001-08-01,2.7,,,,11.0,,,,,,,,,75527,,,,,,,,,,,,,,,,,,,,,,,,,,,,,,,,,,,,,,,,,,,,,OLMSTED
2001-09-01,2.7,,,,9.0,,,,,,,,,74352,,,,,,,,,,,,,,,,,,,,,,,,,,,,,,,,,,,,,,,,,,,,,OLMSTED
2001-10-01,2.6,,,,16.0,,,,22.65969509890387,,,,,74836,3093.0,,,,,,,,,,,,,,,,,,,,,,,,,,,,,,,,,,,,,,,,,,,,OLMSTED
2001-11-01,2.9,,,,8.0,,,,,,,,,74490,,,,,,,,,,,,,,,,,,,,,,,,,,,,,,,,,,,,,,,,,,,,,OLMSTED
2001-12-01,3.0,,,,11.0,,,,,,,,,74217,,,,,,,,,,,,,,,,,,,,,,,,,,,,,,,,,,,,,,,,,,,,,OLMSTED
2002-01-01,4.3,,,130443.0,16.0,24146.0,51342.0,,22.96253379683275,55025.0,4501576.0,129.306,34860.0,74880,3112.0,110.95,1296.0,5.9,7750.0,,,,,5253.0,261.5,,,,,6.2,,33409.0,58972.0,,,,,5918.0,9582.0,4.5,,,7.3,,,,280.2,2268.0,6.8,1646.0,2890.0,4.9,1496.0,1021.0,1971.0,4.2,8.7,8.2,OLMSTED
2002-02-01,4.3,,,,12.0,,,,,,,,,74573,,,,,,,,,,,,,,,,,,,,,,,,,,,,,,,,,,,,,,,,,,,,,OLMSTED
2002-03-01,4.5,,,,35.0,,,,,,,,,75213,,,,,,,,,,,,,,,,,,,,,,,,,,,,,,,,,,,,,,,,,,,,,OLMSTED
2002-04-01,4.3,,,,30.0,,,,22.42221650809977,,,,,75219,3154.0,,,,,,,,,,,,,,,,,,,,,,,,,,,,,,,,,,,,,,,,,,,,OLMSTED
2002-05-01,3.6,,,,34.0,,,,,,,,,74958,,,,,,,,,,,,,,,,,,,,,,,,,,,,,,,,,,,,,,,,,,,,,OLMSTED
2002-06-01,3.9,,,,18.0,,,,,,,,,76428,,,,,,,,,,,,,,,,,,,,,,,,,,,,,,,,,,,,,,,,,,,,,OLMSTED
2002-07-01,3.8,,,,14.0,,,,22.60708111914975,,,,,77510,3151.0,,,,,,,,,,,,,,,,,,,,,,,,,,,,,,,,,,,,,,,,,,,,OLMSTED
2002-08-01,3.6,,,,31.0,,,,,,,,,77342,,,,,,,,,,,,,,,,,,,,,,,,,,,,,,,,,,,,,,,,,,,,,OLMSTED
2002-09-01,3.6,,,,21.0,,,,,,,,,75946,,,,,,,,,,,,,,,,,,,,,,,,,,,,,,,,,,,,,,,,,,,,,OLMSTED
2002-10-01,3.4,,,,29.0,,,,23.4617596319724,,,,,76345,3147.0,,,,,,,,,,,,,,,,,,,,,,,,,,,,,,,,,,,,,,,,,,,,OLMSTED
2002-11-01,3.4,,,,14.0,,,,,,,,,76265,,,,,,,,,,,,,,,,,,,,,,,,,,,,,,,,,,,,,,,,,,,,,OLMSTED
2002-12-01,3.5,,,,7.0,,,,,,,,,76182,,,,,,,,,,,,,,,,,,,,,,,,,,,,,,,,,,,,,,,,,,,,,OLMSTED
2003-01-01,4.7,,,132271.0,15.0,24073.0,53334.0,,23.183144246353322,56808.0,4875180.0,131.416,37160.0,76105,3199.0,113.0,1338.0,6.8,8994.0,,,,,6159.0,243.0,,,,,7.2,,33737.0,60508.0,,,,,6906.0,11082.0,5.2,,,8.4,,,,257.7,2839.0,8.4,2081.0,3596.0,6.2,1722.0,1194.0,2250.0,5.0,10.7,9.3,OLMSTED
2003-02-01,4.4,,,,14.0,,,,,,,,,75495,,,,,,,,,,,,,,,,,,,,,,,,,,,,,,,,,,,,,,,,,,,,,OLMSTED
2003-03-01,4.5,,,,29.0,,,,,,,,,75954,,,,,,,,,,,,,,,,,,,,,,,,,,,,,,,,,,,,,,,,,,,,,OLMSTED
2003-04-01,4.3,,,,41.0,,,,22.724925777720408,,,,,76136,3229.0,,,,,,,,,,,,,,,,,,,,,,,,,,,,,,,,,,,,,,,,,,,,OLMSTED
2003-05-01,4.0,,,,22.0,,,,,,,,,76129,,,,,,,,,,,,,,,,,,,,,,,,,,,,,,,,,,,,,,,,,,,,,OLMSTED
2003-06-01,4.7,,,,26.0,,,,,,,,,77513,,,,,,,,,,,,,,,,,,,,,,,,,,,,,,,,,,,,,,,,,,,,,OLMSTED
2003-07-01,4.4,,,,29.0,,,,22.77957912136817,,,,,78365,3223.0,,,,,,,,,,,,,,,,,,,,,,,,,,,,,,,,,,,,,,,,,,,,OLMSTED
2003-08-01,4.3,,,,18.0,,,,,,,,,78209,,,,,,,,,,,,,,,,,,,,,,,,,,,,,,,,,,,,,,,,,,,,,OLMSTED
2003-09-01,4.6,,,,63.0,,,,,,,,,76962,,,,,,,,,,,,,,,,,,,,,,,,,,,,,,,,,,,,,,,,,,,,,OLMSTED
2003-10-01,4.1,,,,27.0,,,,23.048162230671736,,,,,76433,3210.0,,,,,,,,,,,,,,,,,,,,,,,,,,,,,,,,,,,,,,,,,,,,OLMSTED
2003-11-01,4.0,,,,17.0,,,,,,,,,76169,,,,,,,,,,,,,,,,,,,,,,,,,,,,,,,,,,,,,,,,,,,,,OLMSTED
2003-12-01,4.0,,,,36.0,,,,,,,,,75835,,,,,,,,,,,,,,,,,,,,,,,,,,,,,,,,,,,,,,,,,,,,,OLMSTED
2004-01-01,5.0,,,134249.0,45.0,23703.0,54546.0,,22.84119027980458,58044.0,5027825.0,133.429,37748.0,77462,3125.0,117.25,1251.0,6.8,9162.0,,392.0,,,6635.0,248.2,,,,,8.3,,33850.0,61766.0,,,,,6969.0,11355.0,5.2,,,8.5,,,,259.1,3062.0,9.0,2207.0,3918.0,6.5,1957.0,1306.0,2608.0,5.5,11.6,11.0,OLMSTED
2004-02-01,4.7,,,,22.0,,,,,,,,,76941,,,,,,,,,,,,,,,,,,,,,,,,,,,,,,,,,,,,,,,,,,,,,OLMSTED
2004-03-01,4.8,,,,31.0,,,,,,,,,77550,,,,,,,,,,,,,,,,,,,,,,,,,,,,,,,,,,,,,,,,,,,,,OLMSTED
2004-04-01,4.0,,,,30.0,,,,22.37024004021616,,,,,77214,3171.0,,,,,,,,,,,,,,,,,,,,,,,,,,,,,,,,,,,,,,,,,,,,OLMSTED
2004-05-01,3.8,,,,10.0,,,,,,,,,77187,,,,,,,,,,,,,,,,,,,,,,,,,,,,,,,,,,,,,,,,,,,,,OLMSTED
2004-06-01,4.3,,,,34.0,,,,,,,,,78596,,,,,,,,,,,,,,,,,,,,,,,,,,,,,,,,,,,,,,,,,,,,,OLMSTED
2004-07-01,4.0,,,,22.0,,,,21.878579610538374,,,,,79629,3215.0,,,,,,,,,,,,,,,,,,,,,,,,,,,,,,,,,,,,,,,,,,,,OLMSTED
2004-08-01,3.8,,,,30.0,,,,,,,,,79232,,,,,,,,,,,,,,,,,,,,,,,,,,,,,,,,,,,,,,,,,,,,,OLMSTED
2004-09-01,3.9,,,,23.0,,,,,,,,,77990,,,,,,,,,,,,,,,,,,,,,,,,,,,,,,,,,,,,,,,,,,,,,OLMSTED
2004-10-01,3.4,,,,31.0,,,,22.021369114175677,,,,,77874,3255.0,,,,,,,,,,,,,,,,,,,,,,,,,,,,,,,,,,,,,,,,,,,,OLMSTED
2004-11-01,3.3,,,,47.0,,,,,,,,,77378,,,,,,,,,,,,,,,,,,,,,,,,,,,,,,,,,,,,,,,,,,,,,OLMSTED
2004-12-01,3.4,,,,19.0,,,,,,,,,76995,,,,,,,,,,,,,,,,,,,,,,,,,,,,,,,,,,,,,,,,,,,,,OLMSTED
2005-01-01,4.3,,,131698.0,63.0,23405.0,54987.0,,21.66457286432161,58034.0,5103087.0,135.203,37814.0,77674,3241.0,122.67,891.0,6.6,8685.0,,432.0,,,6899.0,245.8,,,,,8.1,,33244.0,61082.0,,,,,7258.0,10111.0,5.5,,,7.7,,,,249.4,2950.0,8.9,2348.0,3551.0,7.1,1893.0,1454.0,2332.0,6.2,10.7,10.0,OLMSTED
2005-02-01,4.2,,,,47.0,,,,,,,,,77232,,,,,,,,,,,,,,,,,,,,,,,,,,,,,,,,,,,,,,,,,,,,,OLMSTED
2005-03-01,4.2,,,,12.0,,,,,,,,,77399,,,,,,,,,,,,,,,,,,,,,,,,,,,,,,,,,,,,,,,,,,,,,OLMSTED
2005-04-01,3.6,,,,45.0,,,,21.09482650632594,,,,,77399,3369.0,,,,,,,,,,,,,,,,,,,,,,,,,,,,,,,,,,,,,,,,,,,,OLMSTED
2005-05-01,3.3,,,,27.0,,,,,,,,,78060,,,,,,,,,,,,,,,,,,,,,,,,,,,,,,,,,,,,,,,,,,,,,OLMSTED
2005-06-01,3.4,,,,28.0,,,,,,,,,79486,,,,,,,,,,,,,,,,,,,,,,,,,,,,,,,,,,,,,,,,,,,,,OLMSTED
2005-07-01,3.1,,,,31.0,,,,21.274345093646946,,,,,80016,3471.0,,,,,,,,,,,,,,,,,,,,,,,,,,,,,,,,,,,,,,,,,,,,OLMSTED
2005-08-01,2.9,,,,35.0,,,,,,,,,79764,,,,,,,,,,,,,,,,,,,,,,,,,,,,,,,,,,,,,,,,,,,,,OLMSTED
2005-09-01,3.2,,,,30.0,,,,,,,,,78332,,,,,,,,,,,,,,,,,,,,,,,,,,,,,,,,,,,,,,,,,,,,,OLMSTED
2005-10-01,2.9,,,,40.0,,,,22.022725845941366,,,,,78193,3538.0,,,,,,,,,,,,,,,,,,,,,,,,,,,,,,,,,,,,,,,,,,,,OLMSTED
2005-11-01,3.1,,,,25.0,,,,,,,,,78059,,,,,,,,,,,,,,,,,,,,,,,,,,,,,,,,,,,,,,,,,,,,,OLMSTED
2005-12-01,3.3,,,,44.0,,,,,,,,,77868,,,,,,,,,,,,,,,,,,,,,,,,,,,,,,,,,,,,,,,,,,,,,OLMSTED
2006-01-01,4.2,,,135245.0,63.0,24142.0,59064.0,,21.56800406943473,61068.0,5431260.0,137.58,39560.0,78018,3502.0,124.02,679.0,7.2,9699.0,,498.0,,,7431.0,239.6,,,,,7.9,,34633.0,63072.0,,,,,8148.0,11250.0,6.0,,,8.3,,,,239.1,3146.0,9.1,2554.0,3737.0,7.4,1912.0,1512.0,2312.0,6.3,10.8,9.6,OLMSTED
2006-02-01,4.1,,,,61.0,,,,,,,,,77520,,,,,,,,,,,,,,,,,,,,,,,,,,,,,,,,,,,,,,,,,,,,,OLMSTED
2006-03-01,3.9,,,,31.0,,,,,,,,,77710,,,,,,,,,,,,,,,,,,,,,,,,,,,,,,,,,,,,,,,,,,,,,OLMSTED
2006-04-01,3.4,,,,55.0,,,,21.463507590675217,,,,,77651,3475.0,,,,,,,,,,,,,,,,,,,,,,,,,,,,,,,,,,,,,,,,,,,,OLMSTED
2006-05-01,3.0,,,,32.0,,,,,,,,,77557,,,,,,,,,,,,,,,,,,,,,,,,,,,,,,,,,,,,,,,,,,,,,OLMSTED
2006-06-01,3.2,,,,58.0,,,,,,,,,79177,,,,,,,,,,,,,,,,,,,,,,,,,,,,,,,,,,,,,,,,,,,,,OLMSTED
2006-07-01,3.2,,,,42.0,,,,21.490675403225808,,,,,80506,3459.0,,,,,,,,,,,,,,,,,,,,,,,,,,,,,,,,,,,,,,,,,,,,OLMSTED
2006-08-01,3.1,,,,40.0,,,,,,,,,80026,,,,,,,,,,,,,,,,,,,,,,,,,,,,,,,,,,,,,,,,,,,,,OLMSTED
2006-09-01,3.3,,,,45.0,,,,,,,,,78778,,,,,,,,,,,,,,,,,,,,,,,,,,,,,,,,,,,,,,,,,,,,,OLMSTED
2006-10-01,3.0,,,,37.0,,,,21.829096947247415,,,,,78768,3507.0,,,,,,,,,,,,,,,,,,,,,,,,,,,,,,,,,,,,,,,,,,,,OLMSTED
2006-11-01,3.2,,,,45.0,,,,,,,,,78855,,,,,,,,,,,,,,,,,,,,,,,,,,,,,,,,,,,,,,,,,,,,,OLMSTED
2006-12-01,3.5,,,,27.0,,,,,,,,,78247,,,,,,,,,,,,,,,,,,,,,,,,,,,,,,,,,,,,,,,,,,,,,OLMSTED
2007-01-01,4.3,,,137499.0,51.0,24528.0,57874.0,,21.677235667141193,60683.0,5786205.0,139.797,41517.0,79159,3337.0,124.21,535.0,8.4,11609.0,,467.0,,,7656.0,246.8,,,,,9.0,,35282.0,63491.0,,,,,9829.0,13389.0,7.1,,,9.7,,,,242.8,3558.0,10.1,2831.0,4285.0,8.0,2206.0,1772.0,2640.0,7.2,12.1,10.8,OLMSTED
2007-02-01,4.1,,,,32.0,,,,,,,,,78796,,,,,,,,,,,,,,,,,,,,,,,,,,,,,,,,,,,,,,,,,,,,,OLMSTED
2007-03-01,4.2,,,,37.0,,,,,,,,,79070,,,,,,,,,,,,,,,,,,,,,,,,,,,,,,,,,,,,,,,,,,,,,OLMSTED
2007-04-01,3.8,,,,44.0,,,,21.294026577215842,,,,,79603,3389.0,,,,,,,,,,,,,,,,,,,,,,,,,,,,,,,,,,,,,,,,,,,,OLMSTED
2007-05-01,3.5,,,,32.0,,,,,,,,,79499,,,,,,,,,,,,,,,,,,,,,,,,,,,,,,,,,,,,,,,,,,,,,OLMSTED
2007-06-01,3.8,,,,43.0,,,,,,,,,80966,,,,,,,,,,,,,,,,,,,,,,,,,,,,,,,,,,,,,,,,,,,,,OLMSTED
2007-07-01,3.6,,,,35.0,,,,21.567629469398145,,,,,81833,3427.0,,,,,,,,,,,,,,,,,,,,,,,,,,,,,,,,,,,,,,,,,,,,OLMSTED
2007-08-01,3.6,,,,53.0,,,,,,,,,81243,,,,,,,,,,,,,,,,,,,,,,,,,,,,,,,,,,,,,,,,,,,,,OLMSTED
2007-09-01,3.8,,,,35.0,,,,,,,,,80507,,,,,,,,,,,,,,,,,,,,,,,,,,,,,,,,,,,,,,,,,,,,,OLMSTED
2007-10-01,3.4,,,,99.0,,,,22.289463625939607,,,,,79785,3475.0,,,,,,,,,,,,,,,,,,,,,,,,,,,,,,,,,,,,,,,,,,,,OLMSTED
2007-11-01,3.3,,,,45.0,,,,,,,,,79611,,,,,,,,,,,,,,,,,,,,,,,,,,,,,,,,,,,,,,,,,,,,,OLMSTED
2007-12-01,3.9,,,,35.0,,,,,,,,,79341,,,,,,,,,,,,,,,,,,,,,,,,,,,,,,,,,,,,,,,,,,,,,OLMSTED
2008-01-01,4.5,,,139150.0,57.0,24521.0,63817.0,,22.59879612666841,66993.0,6053096.0,142.082,42770.0,79071,3338.0,123.4,380.0,7.6,10517.0,,408.0,,,8397.0,237.2,53.54999995231629,,,,8.0,,35588.0,70170.0,,,,,8912.0,12122.0,6.4,,,8.7,,,,228.1,3316.0,9.3,2655.0,3977.0,7.5,1951.0,1507.0,2395.0,6.1,11.2,9.8,OLMSTED
2008-02-01,4.3,,,,54.0,,,,,,,,,78631,,,,,,,,,,,,,,,,,,,,,,,,,,,,,,,,,,,,,,,,,,,,,OLMSTED
2008-03-01,4.5,,,,47.0,,,,,,,,,79068,,,,,,,,,,,,,,,,,,,,,,,,,,,,,,,,,,,,,,,,,,,,,OLMSTED
2008-04-01,4.1,,,,52.0,,,,22.054921729901828,,,,,79084,3366.0,,,,,,,,,,,,,,,,,,,,,,,,,,,,,,,,,,,,,,,,,,,,OLMSTED
2008-05-01,4.2,,,,62.0,,,,,,,,,79246,,,,,,,,,,,,,,,,,,,,,,,,,,,,,,,,,,,,,,,,,,,,,OLMSTED
2008-06-01,4.5,,,,61.0,,,,,,,,,80709,,,,,,,,,,,,,,,,,,,,,,,,,,,,,,,,,,,,,,,,,,,,,OLMSTED
2008-07-01,4.4,,,,44.0,,,,21.830526178352265,,,,,81978,3422.0,,,,,,,,,,,,,,,,,,,,,,,,,,,,,,,,,,,,,,,,,,,,OLMSTED
2008-08-01,4.4,,,,35.0,,,,,,,,,81628,,,,,,,,,,,,,,,,,,,,,,,,,,,,,,,,,,,,,,,,,,,,,OLMSTED
2008-09-01,4.5,,,,29.0,,,,,,,,,80461,,,,,,,,,,,,,,,,,,,,,,,,,,,,,,,,,,,,,,,,,,,,,OLMSTED
2008-10-01,4.4,,,,22.0,,,,22.483286817680284,,,,,79969,3425.0,,,,,,,,,,,,,,,,,,,,,,,,,,,,,,,,,,,,,,,,,,,,OLMSTED
2008-11-01,4.5,,,,12.0,,,,,,,,,79976,,,,,,,,,,,,,,,,,,,,,,,,,,,,,,,,,,,,,,,,,,,,,OLMSTED
2008-12-01,5.1,,,,1.0,,,,,,,,,79793,,,,,,,,,,,,,,,,,,,,,,,,,,,,,,,,,,,,,,,,,,,,,OLMSTED
2009-01-01,6.2,,-510.0,141550.0,52.0,24182.0,62144.0,,21.665794979079493,64050.0,6039136.0,144.19899999999998,42078.0,81015,3276.0,120.67,346.0,7.6,10813.0,33.598009567555536,405.0,,,10547.0,259.9,40.0899999141693,16.537574022074562,24.20434591747147,50.1,9.4,259.0,35419.0,65956.0,35.7,120733.0,4175.0,32.38,8776.0,12849.0,6.2,6975.0,,9.1,3.222600795002839,5026.0,82.28962101005365,248.8,3485.0,9.8,2716.0,4254.0,7.7,2282.0,1745.0,2819.0,7.2,12.0,11.7,OLMSTED
2009-02-01,6.4,,,,32.0,,,,,,,,,81155,,,,,,,,,,,,,,,,,,,,,,,,,,,,,,,,,,,,,,,,,,,,,OLMSTED
2009-03-01,6.7,,,,39.0,,,,,,,,,81545,,,,,,,,,,,,,,,,,,,,,,,,,,,,,,,,,,,,,,,,,,,,,OLMSTED
2009-04-01,5.9,,,,26.0,,,,21.380296334806346,,,,,81491,3324.0,,,,,,,,,,,,,,,,,,,,,,,,,,,,,,,,,,,,,,,,,,,,OLMSTED
2009-05-01,6.0,,,,18.0,,,,,,,,,81386,,,,,,,,,,,,,,,,,,,,,,,,,,,,,,,,,,,,,,,,,,,,,OLMSTED
2009-06-01,6.5,,,,14.0,,,,,,,,,82435,,,,,,,,,,,,,,,,,,,,,,,,,,,,,,,,,,,,,,,,,,,,,OLMSTED
2009-07-01,6.0,,,,13.0,,,,21.619205720853017,,,,,82946,3309.0,,,,,,,,,,,,,,,,,,,,,,,,,,,,,,,,,,,,,,,,,,,,OLMSTED
2009-08-01,5.9,,,,8.0,,,,,,,,,82683,,,,,,,,,,,,,,,,,,,,,,,,,,,,,,,,,,,,,,,,,,,,,OLMSTED
2009-09-01,5.9,,,,12.0,,,,,,,,,81410,,,,,,,,,,,,,,,,,,,,,,,,,,,,,,,,,,,,,,,,,,,,,OLMSTED
2009-10-01,5.8,,,,4.0,,,,22.475401346452614,,,,,81188,3325.0,,,,,,,,,,,,,,,,,,,,,,,,,,,,,,,,,,,,,,,,,,,,OLMSTED
2009-11-01,5.7,,,,10.0,,,,,,,,,80991,,,,,,,,,,,,,,,,,,,,,,,,,,,,,,,,,,,,,,,,,,,,,OLMSTED
2009-12-01,6.1,,,,5.0,,,,,,,,,80294,,,,,,,,,,,,,,,,,,,,,,,,,,,,,,,,,,,,,,,,,,,,,OLMSTED
2010-01-01,6.7,,-738.0,142234.0,6.0,25285.0,58617.0,11.307656341320865,21.953266201910658,61362.0,6529268.0,144.507,45177.0,80950,3216.0,114.98,259.0,8.5,12151.0,33.840077782377165,304.0,94.3,39.1,12633.0,238.0,47.579999923706104,16.69954096536375,24.72047705249707,49.7,10.0,263.0,36089.0,64107.0,36.0,119097.0,5624.0,23.86,10146.0,14156.0,7.1,7452.0,26.933492201039858,9.9,2.8388928317955995,6366.0,81.62180919126419,223.7,4000.0,11.1,3143.0,4857.0,8.7,2532.0,1944.0,3120.0,7.7,13.5,12.3,OLMSTED
2010-02-01,6.7,,,,12.0,,,,,,,,,80448,,,,,,,,,,,,,,,,,,,,,,,,,,,,,,,,,,,,,,,,,,,,,OLMSTED
2010-03-01,6.9,,,,19.0,,,,,,,,,80996,,,,,,,,,,,,,,,,,,,,,,,,,,,,,,,,,,,,,,,,,,,,,OLMSTED
2010-04-01,6.0,,,,29.0,,,,21.581251609580217,,,,,80595,3224.0,,,,,,,,,,,,,,,,,,,,,,,,,,,,,,,,,,,,,,,,,,,,OLMSTED
2010-05-01,5.7,,,,20.0,,,,,,,,,80813,,,,,,,,,,,,,,,,,,,,,,,,,,,,,,,,,,,,,,,,,,,,,OLMSTED
2010-06-01,5.9,,,,29.0,,,,,,,,,82343,,,,,,,,,,,,,,,,,,,,,,,,,,,,,,,,,,,,,,,,,,,,,OLMSTED
2010-07-01,5.8,,,,16.0,,,,22.022672271048275,,,,,82834,3231.0,,,,,,,,,,,,,,,,,,,,,,,,,,,,,,,,,,,,,,,,,,,,OLMSTED
2010-08-01,5.7,,,,25.0,,,,,,,,,82690,,,,,,,,,,,,,,,,,,,,,,,,,,,,,,,,,,,,,,,,,,,,,OLMSTED
2010-09-01,5.6,,,,19.0,,,,,,,,,81475,,,,,,,,,,,,,,,,,,,,,,,,,,,,,,,,,,,,,,,,,,,,,OLMSTED
2010-10-01,5.4,,,,27.0,,,,22.136871508379887,,,,,80591,3258.0,,,,,,,,,,,,,,,,,,,,,,,,,,,,,,,,,,,,,,,,,,,,OLMSTED
2010-11-01,5.3,,,,38.0,,,,,,,,,80481,,,,,,,,,,,,,,,,,,,,,,,,,,,,,,,,,,,,,,,,,,,,,OLMSTED
2010-12-01,5.6,,,,38.0,,,,,,,,,80138,,,,,,,,,,,,,,,,,,,,,,,,,,,,,,,,,,,,,,,,,,,,,OLMSTED
2011-01-01,6.2,,-1710.0,143465.0,32.0,25466.0,63349.0,11.769892726629731,21.908797672506484,66997.0,6617929.0,145.819,45349.0,80305,3210.0,112.2,253.0,8.0,11429.0,32.44752904089344,448.0,94.1,40.4,13163.0,257.0,44.135999999940395,17.023029472241262,24.542164118632165,51.1,10.5,198.0,36136.0,70645.0,36.2,119926.0,5862.0,25.91,9328.0,13530.0,6.5,7436.0,27.35987935801228,9.5,2.2373964840912395,6552.0,80.55934564417616,239.0,3910.0,10.8,2994.0,4826.0,8.3,2678.0,2018.0,3338.0,7.9,13.3,13.1,OLMSTED
2011-02-01,6.1,,,,31.0,,,,,,,,,80031,,,,,,,,,,,,,,,,,,,,,,,,,,,,,,,,,,,,,,,,,,,,,OLMSTED
2011-03-01,5.9,,,,6.0,,,,,,,,,80222,,,,,,,,,,,,,,,,,,,,,,,,,,,,,,,,,,,,,,,,,,,,,OLMSTED
2011-04-01,5.5,,,,25.0,,,,21.586739212957106,,,,,80451,3248.0,,,,,,,,,,,,,,,,,,,,,,,,,,,,,,,,,,,,,,,,,,,,OLMSTED
2011-05-01,5.3,,,,20.0,,,,,,,,,80699,,,,,,,,,,,,,,,,,,,,,,,,,,,,,,,,,,,,,,,,,,,,,OLMSTED
2011-06-01,5.6,,,,16.0,,,,,,,,,82352,,,,,,,,,,,,,,,,,,,,,,,,,,,,,,,,,,,,,,,,,,,,,OLMSTED
2011-07-01,5.6,,,,15.0,,,,21.342316003559173,,,,,83159,3256.0,,,,,,,,,,,,,,,,,,,,,,,,,,,,,,,,,,,,,,,,,,,,OLMSTED
2011-08-01,5.0,,,,20.0,,,,,,,,,82870,,,,,,,,,,,,,,,,,,,,,,,,,,,,,,,,,,,,,,,,,,,,,OLMSTED
2011-09-01,4.7,,,,11.0,,,,,,,,,81934,,,,,,,,,,,,,,,,,,,,,,,,,,,,,,,,,,,,,,,,,,,,,OLMSTED
2011-10-01,4.5,,,,15.0,,,,21.800797821819792,,,,,81559,3286.0,,,,,,,,,,,,,,,,,,,,,,,,,,,,,,,,,,,,,,,,,,,,OLMSTED
2011-11-01,4.2,,,,21.0,,,,,,,,,81232,,,,,,,,,,,,,,,,,,,,,,,,,,,,,,,,,,,,,,,,,,,,,OLMSTED
2011-12-01,4.5,,,,37.0,,,,,,,,,80943,,,,,,,,,,,,,,,,,,,,,,,,,,,,,,,,,,,,,,,,,,,,,OLMSTED
2012-01-01,5.0,8.5,-768.0,144814.0,40.0,25656.0,60877.0,12.007487271638215,21.28885231373045,64385.0,7001746.0,146.931,47610.0,81178,3273.0,111.95,370.0,9.8,14125.0,30.901909569613853,386.0,94.0,40.4,13694.0,243.0,41.6089999997057,17.326760219314913,25.442139737991265,51.5,10.6,156.0,36372.0,67893.0,36.3,120545.0,6071.0,24.1,12432.0,15818.0,8.6,7728.0,27.549742341826512,11.0,2.3788150807899457,6794.0,79.11501049017737,222.7,4157.0,11.4,3386.0,4928.0,9.3,2710.0,2173.0,3247.0,8.5,13.5,12.7,OLMSTED
2012-02-01,5.2,,,,32.0,,,,,,,,,81177,,,,,,,,,,,,,,,,,,,,,,,,,,,,,,,,,,,,,,,,,,,,,OLMSTED
2012-03-01,5.1,,,,20.0,,,,,,,,,81553,,,,,,,,,,,,,,,,,,,,,,,,,,,,,,,,,,,,,,,,,,,,,OLMSTED
2012-04-01,4.3,,,,22.0,,,,20.889675217995702,,,,,81359,3292.0,,,,,,,,,,,,,,,,,,,,,,,,,,,,,,,,,,,,,,,,,,,,OLMSTED
2012-05-01,4.3,,,,11.0,,,,,,,,,81646,,,,,,,,,,,,,,,,,,,,,,,,,,,,,,,,,,,,,,,,,,,,,OLMSTED
2012-06-01,4.7,,,,25.0,,,,,,,,,83544,,,,,,,,,,,,,,,,,,,,,,,,,,,,,,,,,,,,,,,,,,,,,OLMSTED
2012-07-01,4.6,,,,18.0,,,,20.972568578553613,,,,,84366,3306.0,,,,,,,,,,,,,,,,,,,,,,,,,,,,,,,,,,,,,,,,,,,,OLMSTED
2012-08-01,4.4,,,,35.0,,,,,,,,,84000,,,,,,,,,,,,,,,,,,,,,,,,,,,,,,,,,,,,,,,,,,,,,OLMSTED
2012-09-01,4.0,,,,33.0,,,,,,,,,82717,,,,,,,,,,,,,,,,,,,,,,,,,,,,,,,,,,,,,,,,,,,,,OLMSTED
2012-10-01,3.9,,,,21.0,,,,21.180295073768445,,,,,82964,3327.0,,,,,,,,,,,,,,,,,,,,,,,,,,,,,,,,,,,,,,,,,,,,OLMSTED
2012-11-01,3.6,,,,40.0,,,,,,,,,83151,,,,,,,,,,,,,,,,,,,,,,,,,,,,,,,,,,,,,,,,,,,,,OLMSTED
2012-12-01,4.0,,,,41.0,,,,,,,,,82838,,,,,,,,,,,,,,,,,,,,,,,,,,,,,,,,,,,,,,,,,,,,,OLMSTED
2013-01-01,4.9,8.0,-621.0,146761.0,42.0,25962.0,63509.0,12.179213617837448,20.574839980305267,65829.0,7081180.0,148.918,47514.0,83625,3245.0,114.29,490.0,8.3,12153.0,32.753237201019324,356.0,94.3,40.1,13377.0,251.6,31.779999999795102,17.463326669548305,26.072807501378932,51.2,9.7,159.0,36674.0,68149.0,36.4,121144.0,6350.0,24.43,10113.0,14193.0,6.9,7867.0,26.82380546075085,9.7,3.2159930465015214,7087.0,78.57946406735842,224.7,3782.0,10.3,2944.0,4620.0,8.0,2510.0,1867.0,3153.0,7.2,12.6,12.2,OLMSTED
2013-02-01,4.8,,,,64.0,,,,,,,,,83003,,,,,,,,,,,,,,,,,,,,,,,,,,,,,,,,,,,,,,,,,,,,,OLMSTED
2013-03-01,4.4,,,,89.0,,,,,,,,,83179,,,,,,,,,,,,,,,,,,,,,,,,,,,,,,,,,,,,,,,,,,,,,OLMSTED
2013-04-01,4.1,,,,44.0,,,,19.94263745652041,,,,,83084,3278.0,,,,,,,,,,,,,,,,,,,,,,,,,,,,,,,,,,,,,,,,,,,,OLMSTED
2013-05-01,3.9,,,,43.0,,,,,,,,,83055,,,,,,,,,,,,,,,,,,,,,,,,,,,,,,,,,,,,,,,,,,,,,OLMSTED
2013-06-01,4.3,,,,41.0,,,,,,,,,84547,,,,,,,,,,,,,,,,,,,,,,,,,,,,,,,,,,,,,,,,,,,,,OLMSTED
2013-07-01,4.1,,,,48.0,,,,19.99767738938567,,,,,85272,3299.0,,,,,,,,,,,,,,,,,,,,,,,,,,,,,,,,,,,,,,,,,,,,OLMSTED
2013-08-01,3.9,,,,55.0,,,,,,,,,84605,,,,,,,,,,,,,,,,,,,,,,,,,,,,,,,,,,,,,,,,,,,,,OLMSTED
2013-09-01,3.6,,,,42.0,,,,,,,,,82919,,,,,,,,,,,,,,,,,,,,,,,,,,,,,,,,,,,,,,,,,,,,,OLMSTED
2013-10-01,3.4,,,,53.0,,,,20.03680699332873,,,,,82548,3245.0,,,,,,,,,,,,,,,,,,,,,,,,,,,,,,,,,,,,,,,,,,,,OLMSTED
2013-11-01,3.2,,,,36.0,,,,,,,,,82517,,,,,,,,,,,,,,,,,,,,,,,,,,,,,,,,,,,,,,,,,,,,,OLMSTED
2013-12-01,3.5,,,,32.0,,,,,,,,,82142,,,,,,,,,,,,,,,,,,,,,,,,,,,,,,,,,,,,,,,,,,,,,OLMSTED
2014-01-01,4.4,8.7,-714.0,147913.0,42.0,26018.0,64999.0,12.570272214893873,19.467811158798284,69430.0,7356278.0,150.058,49020.0,82696,3249.0,117.56,505.0,9.8,14462.0,31.011357592338314,285.0,94.0,40.2,13058.0,244.4,29.511999999871502,17.264968698164694,27.446432516015022,51.6,12.1,108.0,36613.0,73861.0,36.6,121524.0,6501.0,25.58,12700.0,16224.0,8.6,8235.0,26.34638761164843,11.0,3.3091436865021766,7477.0,77.2302369832209,216.0,4718.0,12.9,3951.0,5485.0,10.8,3137.0,2572.0,3702.0,9.9,15.0,14.3,OLMSTED
2014-02-01,4.5,,,,11.0,,,,,,,,,82419,,,,,,,,,,,,,,,,,,,,,,,,,,,,,,,,,,,,,,,,,,,,,OLMSTED
2014-03-01,4.4,,,,27.0,,,,,,,,,82812,,,,,,,,,,,,,,,,,,,,,,,,,,,,,,,,,,,,,,,,,,,,,OLMSTED
2014-04-01,3.6,,,,28.0,,,,18.866318656377672,,,,,82724,3255.0,,,,,,,,,,,,,,,,,,,,,,,,,,,,,,,,,,,,,,,,,,,,OLMSTED
2014-05-01,3.3,,,,51.0,,,,,,,,,82831,,,,,,,,,,,,,,,,,,,,,,,,,,,,,,,,,,,,,,,,,,,,,OLMSTED
2014-06-01,3.5,,,,36.0,,,,,,,,,84117,,,,,,,,,,,,,,,,,,,,,,,,,,,,,,,,,,,,,,,,,,,,,OLMSTED
2014-07-01,3.4,,,,16.0,,,,18.699186991869922,,,,,84812,3276.0,,,,,,,,,,,,,,,,,,,,,,,,,,,,,,,,,,,,,,,,,,,,OLMSTED
2014-08-01,3.2,,,,29.0,,,,,,,,,84493,,,,,,,,,,,,,,,,,,,,,,,,,,,,,,,,,,,,,,,,,,,,,OLMSTED
2014-09-01,2.8,,,,21.0,,,,,,,,,82813,,,,,,,,,,,,,,,,,,,,,,,,,,,,,,,,,,,,,,,,,,,,,OLMSTED
2014-10-01,2.6,,,,37.0,,,,19.317244791380354,,,,,82648,3302.0,,,,,,,,,,,,,,,,,,,,,,,,,,,,,,,,,,,,,,,,,,,,OLMSTED
2014-11-01,2.6,,,,29.0,,,,,,,,,82237,,,,,,,,,,,,,,,,,,,,,,,,,,,,,,,,,,,,,,,,,,,,,OLMSTED
2014-12-01,3.0,,,,67.0,,,,,,,,,82036,,,,,,,,,,,,,,,,,,,,,,,,,,,,,,,,,,,,,,,,,,,,,OLMSTED
2015-01-01,3.8,9.0,-85.0,149178.0,38.0,26156.0,67209.0,12.868050140946439,18.654112434228747,70063.0,7718062.0,151.334,51028.0,82378,3198.0,121.54,541.0,8.9,13255.0,29.853363501734208,312.0,94.1,41.3,12432.0,257.9,27.6879999998491,17.360432176032678,27.23140948417479,52.8,10.6,128.0,36919.0,72917.0,36.7,121949.0,6820.0,25.51,11335.0,15175.0,7.6,8703.0,24.572593256373768,10.2,3.3888888888888893,7583.0,77.26343938562809,223.6,4105.0,11.1,3375.0,4835.0,9.1,2781.0,2231.0,3331.0,8.5,13.1,12.7,OLMSTED
2015-02-01,3.7,,,,34.0,,,,,,,,,82336,,,,,,,,,,,,,,,,,,,,,,,,,,,,,,,,,,,,,,,,,,,,,OLMSTED
2015-03-01,3.6,,,,39.0,,,,,,,,,82578,,,,,,,,,,,,,,,,,,,,,,,,,,,,,,,,,,,,,,,,,,,,,OLMSTED
2015-04-01,2.9,,,,47.0,,,,18.17477447562123,,,,,83012,3205.0,,,,,,,,,,,,,,,,,,,,,,,,,,,,,,,,,,,,,,,,,,,,OLMSTED
2015-05-01,3.0,,,,31.0,,,,,,,,,83786,,,,,,,,,,,,,,,,,,,,,,,,,,,,,,,,,,,,,,,,,,,,,OLMSTED
2015-06-01,3.1,,,,59.0,,,,,,,,,84784,,,,,,,,,,,,,,,,,,,,,,,,,,,,,,,,,,,,,,,,,,,,,OLMSTED
2015-07-01,2.9,,,,13.0,,,,18.31921607706361,,,,,85788,3144.0,,,,,,,,,,,,,,,,,,,,,,,,,,,,,,,,,,,,,,,,,,,,OLMSTED
2015-08-01,2.6,,,,21.0,,,,,,,,,85669,,,,,,,,,,,,,,,,,,,,,,,,,,,,,,,,,,,,,,,,,,,,,OLMSTED
2015-09-01,2.4,,,,47.0,,,,,,,,,84411,,,,,,,,,,,,,,,,,,,,,,,,,,,,,,,,,,,,,,,,,,,,,OLMSTED
2015-10-01,2.3,,,,8.0,,,,18.657290407647512,,,,,83946,3156.0,,,,,,,,,,,,,,,,,,,,,,,,,,,,,,,,,,,,,,,,,,,,OLMSTED
2015-11-01,2.2,,,,22.0,,,,,,,,,84255,,,,,,,,,,,,,,,,,,,,,,,,,,,,,,,,,,,,,,,,,,,,,OLMSTED
2015-12-01,2.6,,,,9.0,,,,,,,,,83893,,,,,,,,,,,,,,,,,,,,,,,,,,,,,,,,,,,,,,,,,,,,,OLMSTED
2016-01-01,3.3,9.2,,150927.0,14.0,26466.0,69162.0,12.98371030118364,17.974766508274623,72511.0,8048710.0,153.183,52571.0,84479,3134.0,129.49,590.0,8.6,13027.0,29.591214362352318,303.0,94.3,42.0,,274.7,,17.5067252156025,27.826460942960054,53.90000000000001,9.4,216.0,37275.0,75860.0,36.8,122628.0,6957.0,35.35,11369.0,14685.0,7.5,8928.0,24.071731785497704,9.7,4.950213371266003,7867.0,77.17038525781176,232.6,3684.0,9.9,2995.0,4373.0,8.1,2475.0,1977.0,2973.0,7.5,11.7,11.3,OLMSTED
2016-02-01,3.4,,,,8.0,,,,,,,,,84763,,,,,,,,,,,,,,,,,,,,,,,,,,,,,,,,,,,,,,,,,,,,,OLMSTED
2016-03-01,3.4,,,,15.0,,,,,,,,,85359,,,,,,,,,,,,,,,,,,,,,,,,,,,,,,,,,,,,,,,,,,,,,OLMSTED
2016-04-01,2.8,,,,13.0,,,,17.93386171084996,,,,,84718,3158.0,,,,,,,,,,,,,,,,,,,,,,,,,,,,,,,,,,,,,,,,,,,,OLMSTED
2016-05-01,2.5,,,,6.0,,,,,,,,,85097,,,,,,,,,,,,,,,,,,,,,,,,,,,,,,,,,,,,,,,,,,,,,OLMSTED
2016-06-01,3.1,,,,5.0,,,,,,,,,86481,,,,,,,,,,,,,,,,,,,,,,,,,,,,,,,,,,,,,,,,,,,,,OLMSTED
2016-07-01,3.0,,,,13.0,,,,17.985379488282096,,,,,87285,3178.0,,,,,,,,,,,,,,,,,,,,,,,,,,,,,,,,,,,,,,,,,,,,OLMSTED
2016-08-01,3.1,,,,6.0,,,,,,,,,86946,,,,,,,,,,,,,,,,,,,,,,,,,,,,,,,,,,,,,,,,,,,,,OLMSTED
2016-09-01,2.9,,,,4.0,,,,,,,,,85565,,,,,,,,,,,,,,,,,,,,,,,,,,,,,,,,,,,,,,,,,,,,,OLMSTED
2016-10-01,2.8,,,,6.0,,,,18.27569515409025,,,,,85478,3201.0,,,,,,,,,,,,,,,,,,,,,,,,,,,,,,,,,,,,,,,,,,,,OLMSTED
2016-11-01,2.5,,,,4.0,,,,,,,,,85171,,,,,,,,,,,,,,,,,,,,,,,,,,,,,,,,,,,,,,,,,,,,,OLMSTED
2016-12-01,3.0,,,,2.0,,,,,,,,,85082,,,,,,,,,,,,,,,,,,,,,,,,,,,,,,,,,,,,,,,,,,,,,OLMSTED
2017-01-01,3.6,,,,2.0,,,,17.80386665948624,,,154.93,,84979,3225.0,140.48,1225.0,,,,357.0,,,,,,,,,,,,,,,,,,,,,,,,,,,,,,,,,,,,,,OLMSTED
2017-02-01,3.4,,,,7.0,,,,,,,,,85320,,,,,,,,,,,,,,,,,,,,,,,,,,,,,,,,,,,,,,,,,,,,,OLMSTED
2017-03-01,3.1,,,,7.0,,,,,,,,,85495,,,,,,,,,,,,,,,,,,,,,,,,,,,,,,,,,,,,,,,,,,,,,OLMSTED
2017-04-01,2.7,,,,1.0,,,,17.509664948453608,,,,,85622,3300.0,,,,,,,,,,,,,,,,,,,,,,,,,,,,,,,,,,,,,,,,,,,,OLMSTED
2017-05-01,2.6,,,,4.0,,,,,,,,,86126,,,,,,,,,,,,,,,,,,,,,,,,,,,,,,,,,,,,,,,,,,,,,OLMSTED
2017-06-01,2.8,,,,1.0,,,,,,,,,87722,,,,,,,,,,,,,,,,,,,,,,,,,,,,,,,,,,,,,,,,,,,,,OLMSTED
2017-07-01,2.6,,,,,,,,17.289820618111087,,,,,88535,3337.0,,,,,,,,,,,,,,,,,,,,,,,,,,,,,,,,,,,,,,,,,,,,OLMSTED
2017-08-01,2.6,,,,5.0,,,,,,,,,88216,,,,,,,,,,,,,,,,,,,,,,,,,,,,,,,,,,,,,,,,,,,,,OLMSTED
2017-09-01,2.3,,,,2.0,,,,,,,,,86690,,,,,,,,,,,,,,,,,,,,,,,,,,,,,,,,,,,,,,,,,,,,,OLMSTED
2017-10-01,2.0,,,,7.0,,,,17.74464624559501,,,,,86083,3377.0,,,,,,,,,,,,,,,,,,,,,,,,,,,,,,,,,,,,,,,,,,,,OLMSTED
2017-11-01,2.2,,,,,,,,,,,,,86113,,,,,,,,,,,,,,,,,,,,,,,,,,,,,,,,,,,,,,,,,,,,,OLMSTED
2017-12-01,2.6,,,,,,,,,,,,,86141,,,,,,,,,,,,,,,,,,,,,,,,,,,,,,,,,,,,,,,,,,,,,OLMSTED
2018-01-01,3.1,,,,,,,,16.97731620661383,,,,,86308,3423.0,,,,,,,,,,,,,,,,,,,,,,,,,,,,,,,,,,,,,,,,,,,,OLMSTED
2018-02-01,3.1,,,,,,,,,,,,,86658,,,,,,,,,,,,,,,,,,,,,,,,,,,,,,,,,,,,,,,,,,,,,OLMSTED
2018-03-01,3.0,,,,,,,,,,,,,86719,,,,,,,,,,,,,,,,,,,,,,,,,,,,,,,,,,,,,,,,,,,,,OLMSTED
2018-04-01,2.5,,,,,,,,16.374685207489325,,,,,85868,,,,,,,,,,,,,,,,,,,,,,,,,,,,,,,,,,,,,,,,,,,,,OLMSTED
2018-05-01,2.0,,,,,,,,,,,,,85991,,,,,,,,,,,,,,,,,,,,,,,,,,,,,,,,,,,,,,,,,,,,,OLMSTED
2018-06-01,2.4,,,,,,,,,,,,,87863,,,,,,,,,,,,,,,,,,,,,,,,,,,,,,,,,,,,,,,,,,,,,OLMSTED
2018-07-01,2.2,,,,,,,,,,,,,88226,,,,,,,,,,,,,,,,,,,,,,,,,,,,,,,,,,,,,,,,,,,,,OLMSTED
2018-08-01,2.1,,,,,,,,,,,,,86762,,,,,,,,,,,,,,,,,,,,,,,,,,,,,,,,,,,,,,,,,,,,,OLMSTED
