DATE,MNPIPE7URN,MNPIPE7POP,S1101SPHOUSE027117,RACEDISPARITY027117,CBR27117MNA647NCEN,PI27117,2020RATIO027117,B14005DCYACS027117,DP04ACS027117,MNPIPE7LFN,CDC20N2U027117,USPTOISSUED027117,PCPI27117,PUAAMN27117A647NCEN,B01002001E027117,B080ACS027117,CDC20N2UAA027117,ATNHPIUS27117A,EQFXSUBPRIME027117,MHIMN27117A052NCEN,HC01ESTVC1727117,S1701ACS027117,HC01ESTVC1627117,B03002003E027117,B03002006E027117,B03002012E027117,ENU2711720510,BPPRIV027117,MHICILBMN27117A052NCEN,MHICIUBMN27117A052NCEN,B03002005E027117,PUA0T17MN27117A647NCEN,PUA5T17RMN27117A647NCEN,HOWNRATEACS027117,NETMIGNACS027117,PEAAMN27117A647NCEN,PPAAMN27117A156NCEN,PECILBAAMN27117A647NCEN,PECIUBAAMN27117A647NCEN,PPCILBAAMN27117A156NCEN,DMPCRATE027117,PPCIUBAAMN27117A156NCEN,FBITC027117,S1501ACSTOTAL027117,PE5T17MN27117A647NCEN,PP5T17MN27117A156NCEN,PECILB5T17MN27117A647NCEN,PECIUB5T17MN27117A647NCEN,PPCILB5T17MN27117A156NCEN,PEU18MN27117A647NCEN,PPU18MN27117A156NCEN,B03002004E027117,PECILBU18MN27117A647NCEN,PECIUBU18MN27117A647NCEN,PPCILBU18MN27117A156NCEN,PPCIUB5T17MN27117A156NCEN,PPCIUBU18MN27117A156NCEN,county
1991-01-01,6.9,10.440999999999999,,,,164232.0,,,,4847,,,15730.0,,,,,,,,,,,,,,281.0,13.0,,,,,,,,,,,,,,,,,,,,,,,,,,,,,,PIPESTONE
1991-02-01,7.0,,,,,,,,,4805,,,,,,,,,,,,,,,,,,,,,,,,,,,,,,,,,,,,,,,,,,,,,,,,PIPESTONE
1991-03-01,6.3,,,,,,,,,4800,,,,,,,,,,,,,,,,,,,,,,,,,,,,,,,,,,,,,,,,,,,,,,,,PIPESTONE
1991-04-01,4.8,,,,,,,,,4893,,,,,,,,,,,,,,,,,280.0,,,,,,,,,,,,,,,,,,,,,,,,,,,,,,,PIPESTONE
1991-05-01,3.6,,,,,,,,,4930,,,,,,,,,,,,,,,,,,,,,,,,,,,,,,,,,,,,,,,,,,,,,,,,PIPESTONE
1991-06-01,3.9,,,,,,,,,5048,,,,,,,,,,,,,,,,,,,,,,,,,,,,,,,,,,,,,,,,,,,,,,,,PIPESTONE
1991-07-01,3.8,,,,,,,,,4741,,,,,,,,,,,,,,,,,276.0,,,,,,,,,,,,,,,,,,,,,,,,,,,,,,,PIPESTONE
1991-08-01,3.2,,,,,,,,,4650,,,,,,,,,,,,,,,,,,,,,,,,,,,,,,,,,,,,,,,,,,,,,,,,PIPESTONE
1991-09-01,2.8,,,,,,,,,4758,,,,,,,,,,,,,,,,,,,,,,,,,,,,,,,,,,,,,,,,,,,,,,,,PIPESTONE
1991-10-01,2.6,,,,,,,,,4795,,,,,,,,,,,,,,,,,277.0,,,,,,,,,,,,,,,,,,,,,,,,,,,,,,,PIPESTONE
1991-11-01,8.6,,,,,,,,,5040,,,,,,,,,,,,,,,,,,,,,,,,,,,,,,,,,,,,,,,,,,,,,,,,PIPESTONE
1991-12-01,4.4,,,,,,,,,4678,,,,,,,,,,,,,,,,,,,,,,,,,,,,,,,,,,,,,,,,,,,,,,,,PIPESTONE
1992-01-01,5.5,10.5,,,,168877.0,,,,4641,,,16084.0,,,,,74.18,,,,,,,,,281.0,19.0,,,,,,,,,,,,,,,,,,,,,,,,,,,,,,PIPESTONE
1992-02-01,5.2,,,,,,,,,4571,,,,,,,,,,,,,,,,,,,,,,,,,,,,,,,,,,,,,,,,,,,,,,,,PIPESTONE
1992-03-01,5.2,,,,,,,,,4645,,,,,,,,,,,,,,,,,,,,,,,,,,,,,,,,,,,,,,,,,,,,,,,,PIPESTONE
1992-04-01,3.6,,,,,,,,,4870,,,,,,,,,,,,,,,,,290.0,,,,,,,,,,,,,,,,,,,,,,,,,,,,,,,PIPESTONE
1992-05-01,3.0,,,,,,,,,4915,,,,,,,,,,,,,,,,,,,,,,,,,,,,,,,,,,,,,,,,,,,,,,,,PIPESTONE
1992-06-01,4.6,,,,,,,,,4959,,,,,,,,,,,,,,,,,,,,,,,,,,,,,,,,,,,,,,,,,,,,,,,,PIPESTONE
1992-07-01,3.1,,,,,,,,,4854,,,,,,,,,,,,,,,,,291.0,,,,,,,,,,,,,,,,,,,,,,,,,,,,,,,PIPESTONE
1992-08-01,3.8,,,,,,,,,4820,,,,,,,,,,,,,,,,,,,,,,,,,,,,,,,,,,,,,,,,,,,,,,,,PIPESTONE
1992-09-01,3.4,,,,,,,,,4924,,,,,,,,,,,,,,,,,,,,,,,,,,,,,,,,,,,,,,,,,,,,,,,,PIPESTONE
1992-10-01,9.2,,,,,,,,,5221,,,,,,,,,,,,,,,,,292.0,,,,,,,,,,,,,,,,,,,,,,,,,,,,,,,PIPESTONE
1992-11-01,4.4,,,,,,,,,4935,,,,,,,,,,,,,,,,,,,,,,,,,,,,,,,,,,,,,,,,,,,,,,,,PIPESTONE
1992-12-01,5.6,,,,,,,,,4905,,,,,,,,,,,,,,,,,,,,,,,,,,,,,,,,,,,,,,,,,,,,,,,,PIPESTONE
1993-01-01,8.0,10.415999999999999,,,539.0,160009.0,,,,4955,,,15362.0,,,,,80.48,,26353.0,,,,,,,291.0,26.0,23955.0,28738.0,,,,,,1214.0,11.8,954.0,1474.0,9.2,,14.3,,,305.0,13.7,227.0,383.0,10.2,438.0,14.7,,337.0,539.0,11.3,17.1,18.1,PIPESTONE
1993-02-01,7.5,,,,,,,,,4820,,,,,,,,,,,,,,,,,,,,,,,,,,,,,,,,,,,,,,,,,,,,,,,,PIPESTONE
1993-03-01,7.1,,,,,,,,,4980,,,,,,,,,,,,,,,,,,,,,,,,,,,,,,,,,,,,,,,,,,,,,,,,PIPESTONE
1993-04-01,6.2,,,,,,,,,5000,,,,,,,,,,,,,,,,,291.0,,,,,,,,,,,,,,,,,,,,,,,,,,,,,,,PIPESTONE
1993-05-01,4.7,,,,,,,,,5027,,,,,,,,,,,,,,,,,,,,,,,,,,,,,,,,,,,,,,,,,,,,,,,,PIPESTONE
1993-06-01,5.8,,,,,,,,,5141,,,,,,,,,,,,,,,,,,,,,,,,,,,,,,,,,,,,,,,,,,,,,,,,PIPESTONE
1993-07-01,4.7,,,,,,,,,4904,,,,,,,,,,,,,,,,,298.0,,,,,,,,,,,,,,,,,,,,,,,,,,,,,,,PIPESTONE
1993-08-01,4.4,,,,,,,,,4871,,,,,,,,,,,,,,,,,,,,,,,,,,,,,,,,,,,,,,,,,,,,,,,,PIPESTONE
1993-09-01,4.1,,,,,,,,,5082,,,,,,,,,,,,,,,,,,,,,,,,,,,,,,,,,,,,,,,,,,,,,,,,PIPESTONE
1993-10-01,3.7,,,,,,,,,5049,,,,,,,,,,,,,,,,,303.0,,,,,,,,,,,,,,,,,,,,,,,,,,,,,,,PIPESTONE
1993-11-01,3.5,,,,,,,,,5020,,,,,,,,,,,,,,,,,,,,,,,,,,,,,,,,,,,,,,,,,,,,,,,,PIPESTONE
1993-12-01,5.0,,,,,,,,,5020,,,,,,,,,,,,,,,,,,,,,,,,,,,,,,,,,,,,,,,,,,,,,,,,PIPESTONE
1994-01-01,6.8,10.373,,,,201541.0,,,,5070,,,19429.0,,,,,81.25,,,,,,,,,304.0,26.0,,,,,,,,,,,,,,,,,,,,,,,,,,,,,,PIPESTONE
1994-02-01,5.9,,,,,,,,,4968,,,,,,,,,,,,,,,,,,,,,,,,,,,,,,,,,,,,,,,,,,,,,,,,PIPESTONE
1994-03-01,5.2,,,,,,,,,5022,,,,,,,,,,,,,,,,,,,,,,,,,,,,,,,,,,,,,,,,,,,,,,,,PIPESTONE
1994-04-01,3.9,,,,,,,,,4931,,,,,,,,,,,,,,,,,300.0,,,,,,,,,,,,,,,,,,,,,,,,,,,,,,,PIPESTONE
1994-05-01,2.8,,,,,,,,,5028,,,,,,,,,,,,,,,,,,,,,,,,,,,,,,,,,,,,,,,,,,,,,,,,PIPESTONE
1994-06-01,2.9,,,,,,,,,5099,,,,,,,,,,,,,,,,,,,,,,,,,,,,,,,,,,,,,,,,,,,,,,,,PIPESTONE
1994-07-01,2.3,,,,,,,,,4803,,,,,,,,,,,,,,,,,295.0,,,,,,,,,,,,,,,,,,,,,,,,,,,,,,,PIPESTONE
1994-08-01,2.6,,,,,,,,,4884,,,,,,,,,,,,,,,,,,,,,,,,,,,,,,,,,,,,,,,,,,,,,,,,PIPESTONE
1994-09-01,2.7,,,,,,,,,5141,,,,,,,,,,,,,,,,,,,,,,,,,,,,,,,,,,,,,,,,,,,,,,,,PIPESTONE
1994-10-01,2.5,,,,,,,,,5062,,,,,,,,,,,,,,,,,308.0,,,,,,,,,,,,,,,,,,,,,,,,,,,,,,,PIPESTONE
1994-11-01,2.6,,,,,,,,,5063,,,,,,,,,,,,,,,,,,,,,,,,,,,,,,,,,,,,,,,,,,,,,,,,PIPESTONE
1994-12-01,4.1,,,,,,,,,4887,,,,,,,,,,,,,,,,,,,,,,,,,,,,,,,,,,,,,,,,,,,,,,,,PIPESTONE
1995-01-01,5.5,10.321,,,457.0,181545.0,,,,4874,,,17590.0,,,,,74.13,,28114.0,,,,,,,303.0,19.0,24970.0,31241.0,,,,,,1051.0,10.4,827.0,1276.0,8.2,,12.7,,,259.0,11.9,196.0,322.0,9.1,381.0,13.3,,293.0,469.0,10.2,14.8,16.3,PIPESTONE
1995-02-01,5.1,,,,,,,,,4853,,,,,,,,,,,,,,,,,,,,,,,,,,,,,,,,,,,,,,,,,,,,,,,,PIPESTONE
1995-03-01,4.5,,,,,,,,,4993,,,,,,,,,,,,,,,,,,,,,,,,,,,,,,,,,,,,,,,,,,,,,,,,PIPESTONE
1995-04-01,4.2,,,,,,,,,5170,,,,,,,,,,,,,,,,,313.0,,,,,,,,,,,,,,,,,,,,,,,,,,,,,,,PIPESTONE
1995-05-01,3.1,,,,,,,,,5130,,,,,,,,,,,,,,,,,,,,,,,,,,,,,,,,,,,,,,,,,,,,,,,,PIPESTONE
1995-06-01,2.8,,,,,,,,,5303,,,,,,,,,,,,,,,,,,,,,,,,,,,,,,,,,,,,,,,,,,,,,,,,PIPESTONE
1995-07-01,2.7,,,,,,,,,4847,,,,,,,,,,,,,,,,,306.0,,,,,,,,,,,,,,,,,,,,,,,,,,,,,,,PIPESTONE
1995-08-01,2.4,,,,,,,,,4991,,,,,,,,,,,,,,,,,,,,,,,,,,,,,,,,,,,,,,,,,,,,,,,,PIPESTONE
1995-09-01,2.7,,,,,,,,,5070,,,,,,,,,,,,,,,,,,,,,,,,,,,,,,,,,,,,,,,,,,,,,,,,PIPESTONE
1995-10-01,2.4,,,,,,,,,5116,,,,,,,,,,,,,,,,,313.0,,,,,,,,,,,,,,,,,,,,,,,,,,,,,,,PIPESTONE
1995-11-01,2.3,,,,,,,,,5122,,,,,,,,,,,,,,,,,,,,,,,,,,,,,,,,,,,,,,,,,,,,,,,,PIPESTONE
1995-12-01,3.6,,,,,,,,,5037,,,,,,,,,,,,,,,,,,,,,,,,,,,,,,,,,,,,,,,,,,,,,,,,PIPESTONE
1996-01-01,5.6,10.165,,,,217211.0,,,,5139,,,21369.0,,,,,84.6,,,,,,,,,315.0,12.0,,,,,,,,,,,,,,,,,,,,,,,,,,,,,,PIPESTONE
1996-02-01,5.2,,,,,,,,,5170,,,,,,,,,,,,,,,,,,,,,,,,,,,,,,,,,,,,,,,,,,,,,,,,PIPESTONE
1996-03-01,5.2,,,,,,,,,5333,,,,,,,,,,,,,,,,,,,,,,,,,,,,,,,,,,,,,,,,,,,,,,,,PIPESTONE
1996-04-01,4.0,,,,,,,,,5331,,,,,,,,,,,,,,,,,320.0,,,,,,,,,,,,,,,,,,,,,,,,,,,,,,,PIPESTONE
1996-05-01,3.0,,,,,,,,,5317,,,,,,,,,,,,,,,,,,,,,,,,,,,,,,,,,,,,,,,,,,,,,,,,PIPESTONE
1996-06-01,3.3,,,,,,,,,5174,,,,,,,,,,,,,,,,,,,,,,,,,,,,,,,,,,,,,,,,,,,,,,,,PIPESTONE
1996-07-01,3.1,,,,,,,,,5184,,,,,,,,,,,,,,,,,322.0,,,,,,,,,,,,,,,,,,,,,,,,,,,,,,,PIPESTONE
1996-08-01,2.7,,,,,,,,,5246,,,,,,,,,,,,,,,,,,,,,,,,,,,,,,,,,,,,,,,,,,,,,,,,PIPESTONE
1996-09-01,2.9,,,,,,,,,5354,,,,,,,,,,,,,,,,,,,,,,,,,,,,,,,,,,,,,,,,,,,,,,,,PIPESTONE
1996-10-01,2.3,,,,,,,,,5245,,,,,,,,,,,,,,,,,320.0,,,,,,,,,,,,,,,,,,,,,,,,,,,,,,,PIPESTONE
1996-11-01,2.6,,,,,,,,,5224,,,,,,,,,,,,,,,,,,,,,,,,,,,,,,,,,,,,,,,,,,,,,,,,PIPESTONE
1996-12-01,3.6,,,,,,,,,5132,,,,,,,,,,,,,,,,,,,,,,,,,,,,,,,,,,,,,,,,,,,,,,,,PIPESTONE
1997-01-01,5.5,10.14,,,329.0,211228.0,,,,5158,,,20831.0,,,,,97.87,,31021.0,,,,,,,319.0,13.0,27880.0,34144.0,,,,,,1080.0,10.9,826.0,1335.0,8.3,,13.4,,,310.0,14.6,216.0,404.0,10.2,425.0,14.9,,311.0,539.0,10.9,19.1,18.9,PIPESTONE
1997-02-01,6.3,,,,,,,,,5189,,,,,,,,,,,,,,,,,,,,,,,,,,,,,,,,,,,,,,,,,,,,,,,,PIPESTONE
1997-03-01,5.0,,,,,,,,,5144,,,,,,,,,,,,,,,,,,,,,,,,,,,,,,,,,,,,,,,,,,,,,,,,PIPESTONE
1997-04-01,3.4,,,,,,,,,5166,,,,,,,,,,,,,,,,,319.0,,,,,,,,,,,,,,,,,,,,,,,,,,,,,,,PIPESTONE
1997-05-01,2.2,,,,,,,,,5220,,,,,,,,,,,,,,,,,,,,,,,,,,,,,,,,,,,,,,,,,,,,,,,,PIPESTONE
1997-06-01,2.9,,,,,,,,,5209,,,,,,,,,,,,,,,,,,,,,,,,,,,,,,,,,,,,,,,,,,,,,,,,PIPESTONE
1997-07-01,2.6,,,,,,,,,5098,,,,,,,,,,,,,,,,,328.0,,,,,,,,,,,,,,,,,,,,,,,,,,,,,,,PIPESTONE
1997-08-01,2.4,,,,,,,,,5289,,,,,,,,,,,,,,,,,,,,,,,,,,,,,,,,,,,,,,,,,,,,,,,,PIPESTONE
1997-09-01,2.6,,,,,,,,,5276,,,,,,,,,,,,,,,,,,,,,,,,,,,,,,,,,,,,,,,,,,,,,,,,PIPESTONE
1997-10-01,2.2,,,,,,,,,5146,,,,,,,,,,,,,,,,,325.0,,,,,,,,,,,,,,,,,,,,,,,,,,,,,,,PIPESTONE
1997-11-01,2.2,,,,,,,,,5058,,,,,,,,,,,,,,,,,,,,,,,,,,,,,,,,,,,,,,,,,,,,,,,,PIPESTONE
1997-12-01,3.0,,,,,,,,,5058,,,,,,,,,,,,,,,,,,,,,,,,,,,,,,,,,,,,,,,,,,,,,,,,PIPESTONE
1998-01-01,4.5,10.093,,,342.0,224745.0,,,,4942,,,22267.0,9908.0,,,,93.73,,32098.0,,,,,,,324.0,28.0,28982.0,35198.0,,2799.0,2118.0,,,1198.0,12.1,919.0,1478.0,9.3,,14.9,,,311.0,14.7,204.0,418.0,9.6,432.0,15.4,,306.0,557.0,10.9,19.8,19.9,PIPESTONE
1998-02-01,3.8,,,,,,,,,5034,,,,,,,,,,,,,,,,,,,,,,,,,,,,,,,,,,,,,,,,,,,,,,,,PIPESTONE
1998-03-01,4.2,,,,,,,,,5067,,,,,,,,,,,,,,,,,,,,,,,,,,,,,,,,,,,,,,,,,,,,,,,,PIPESTONE
1998-04-01,2.6,,,,,,,,,5163,,,,,,,,,,,,,,,,,330.0,,,,,,,,,,,,,,,,,,,,,,,,,,,,,,,PIPESTONE
1998-05-01,1.7,,,,,,,,,5257,,,,,,,,,,,,,,,,,,,,,,,,,,,,,,,,,,,,,,,,,,,,,,,,PIPESTONE
1998-06-01,2.2,,,,,,,,,5387,,,,,,,,,,,,,,,,,,,,,,,,,,,,,,,,,,,,,,,,,,,,,,,,PIPESTONE
1998-07-01,1.9,,,,,,,,,5104,,,,,,,,,,,,,,,,,335.0,,,,,,,,,,,,,,,,,,,,,,,,,,,,,,,PIPESTONE
1998-08-01,2.1,,,,,,,,,5071,,,,,,,,,,,,,,,,,,,,,,,,,,,,,,,,,,,,,,,,,,,,,,,,PIPESTONE
1998-09-01,3.1,,,,,,,,,5144,,,,,,,,,,,,,,,,,,,,,,,,,,,,,,,,,,,,,,,,,,,,,,,,PIPESTONE
1998-10-01,1.7,,,,,,,,,5032,,,,,,,,,,,,,,,,,330.0,,,,,,,,,,,,,,,,,,,,,,,,,,,,,,,PIPESTONE
1998-11-01,2.1,,,,,,,,,5035,,,,,,,,,,,,,,,,,,,,,,,,,,,,,,,,,,,,,,,,,,,,,,,,PIPESTONE
1998-12-01,2.7,,,,,,,,,5052,,,,,,,,,,,,,,,,,,,,,,,,,,,,,,,,,,,,,,,,,,,,,,,,PIPESTONE
1999-01-01,4.5,10.046,,,299.0,216096.0,,,,4969,383.8,,21511.0,9771.0,,,350.3,100.11,19.892761394101875,32939.0,,,,,,,331.0,4.0,30815.0,35210.0,,2558.0,1956.0,,,837.0,8.6,627.0,1046.0,6.4,,10.7,,,204.0,10.4,128.0,280.0,6.5,276.0,10.8,,186.0,365.0,7.3,14.3,14.3,PIPESTONE
1999-02-01,4.3,,,,,,,,,4917,,,,,,,,,,,,,,,,,,,,,,,,,,,,,,,,,,,,,,,,,,,,,,,,PIPESTONE
1999-03-01,4.4,,,,,,,,,4876,,,,,,,,,,,,,,,,,,,,,,,,,,,,,,,,,,,,,,,,,,,,,,,,PIPESTONE
1999-04-01,3.3,,,,,,,,,4952,,,,,,,,,20.509977827051,,,,,,,,331.0,,,,,,,,,,,,,,,,,,,,,,,,,,,,,,,PIPESTONE
1999-05-01,2.2,,,,,,,,,5015,,,,,,,,,,,,,,,,,,,,,,,,,,,,,,,,,,,,,,,,,,,,,,,,PIPESTONE
1999-06-01,2.3,,,,,,,,,5160,,,,,,,,,,,,,,,,,,,,,,,,,,,,,,,,,,,,,,,,,,,,,,,,PIPESTONE
1999-07-01,2.3,,,,,,,,,5094,,,,,,,,,20.38295243977764,,,,,,,,331.0,,,,,,,,,,,,,,,,,,,,,,,,,,,,,,,PIPESTONE
1999-08-01,2.1,,,,,,,,,5220,,,,,,,,,,,,,,,,,,,,,,,,,,,,,,,,,,,,,,,,,,,,,,,,PIPESTONE
1999-09-01,1.9,,,,,,,,,5145,,,,,,,,,,,,,,,,,,,,,,,,,,,,,,,,,,,,,,,,,,,,,,,,PIPESTONE
1999-10-01,1.8,,,,,,,,,4752,,,,,,,,,21.241379310344826,,,,,,,,330.0,,,,,,,,,,,,,,,,,,,,,,,,,,,,,,,PIPESTONE
1999-11-01,2.3,,,,,,,,,4750,,,,,,,,,,,,,,,,,,,,,,,,,,,,,,,,,,,,,,,,,,,,,,,,PIPESTONE
1999-12-01,2.9,,,,,,,,,4863,,,,,,,,,,,,,,,,,,,,,,,,,,,,,,,,,,,,,,,,,,,,,,,,PIPESTONE
2000-01-01,4.5,9.828,,,323.0,244073.0,,,,5202,379.0,,24759.0,9712.0,,,319.6,100.0,20.905172413793107,34324.0,,,,,,,323.0,31.0,31814.0,37031.0,,2436.0,1843.0,,,814.0,8.4,629.0,999.0,6.5,,10.3,,,169.0,9.2,115.0,223.0,6.3,267.0,11.0,,197.0,337.0,8.1,12.1,13.8,PIPESTONE
2000-02-01,4.4,,,,,,,,,5292,,,,,,,,,,,,,,,,,,,,,,,,,,,,,,,,,,,,,,,,,,,,,,,,PIPESTONE
2000-03-01,4.5,,,,,,,,,5342,,,,,,,,,,,,,,,,,,,,,,,,,,,,,,,,,,,,,,,,,,,,,,,,PIPESTONE
2000-04-01,2.9,,,,,,,,,5406,,,,,,,,,20.96896290688872,,,,,,,,326.0,,,,,,,,,,,,,,,,,,,,,,,,,,,,,,,PIPESTONE
2000-05-01,2.4,,,,,,,,,5459,,,,,,,,,,,,,,,,,,,,,,,,,,,,,,,,,,,,,,,,,,,,,,,,PIPESTONE
2000-06-01,2.7,,,,,,,,,5484,,,,,,,,,,,,,,,,,,,,,,,,,,,,,,,,,,,,,,,,,,,,,,,,PIPESTONE
2000-07-01,2.6,,,,,,,,,5413,,,,,,,,,21.75697865353038,,,,,,,,325.0,,,,,,,,,,,,,,,,,,,,,,,,,,,,,,,PIPESTONE
2000-08-01,6.1,,,,,,,,,5628,,,,,,,,,,,,,,,,,,,,,,,,,,,,,,,,,,,,,,,,,,,,,,,,PIPESTONE
2000-09-01,2.6,,,,,,,,,5491,,,,,,,,,,,,,,,,,,,,,,,,,,,,,,,,,,,,,,,,,,,,,,,,PIPESTONE
2000-10-01,2.3,,,,,,,,,5556,,,,,,,,,19.72843450479233,,,,,,,,324.0,,,,,,,,,,,,,,,,,,,,,,,,,,,,,,,PIPESTONE
2000-11-01,3.1,,,,,,,,,5474,,,,,,,,,,,,,,,,,,,,,,,,,,,,,,,,,,,,,,,,,,,,,,,,PIPESTONE
2000-12-01,3.4,,,,,,,,,5308,,1.0,,,,,,,,,,,,,,,,,,,,,,,,,,,,,,,,,,,,,,,,,,,,,,PIPESTONE
2001-01-01,4.5,9.789,,,373.0,261313.0,,,,5387,403.7,,26518.0,9580.0,,,318.2,104.69,20.26143790849673,34504.0,,,,,,,324.0,14.0,31953.0,37258.0,,2352.0,1791.0,,,848.0,8.9,653.0,1043.0,6.8,,10.9,,,177.0,9.9,116.0,238.0,6.5,264.0,11.2,,188.0,339.0,8.0,13.3,14.4,PIPESTONE
2001-02-01,4.5,,,,,,,,,5337,,,,,,,,,,,,,,,,,,,,,,,,,,,,,,,,,,,,,,,,,,,,,,,,PIPESTONE
2001-03-01,4.7,,,,,,,,,5443,,,,,,,,,,,,,,,,,,,,,,,,,,,,,,,,,,,,,,,,,,,,,,,,PIPESTONE
2001-04-01,3.9,,,,,,,,,5613,,,,,,,,,21.083890126206388,,,,,,,,325.0,,,,,,,,,,,,,,,,,,,,,,,,,,,,,,,PIPESTONE
2001-05-01,3.0,,,,,,,,,5719,,,,,,,,,,,,,,,,,,,,,,,,,,,,,,,,,,,,,,,,,,,,,,,,PIPESTONE
2001-06-01,3.1,,,,,,,,,5794,,,,,,,,,,,,,,,,,,,,,,,,,,,,,,,,,,,,,,,,,,,,,,,,PIPESTONE
2001-07-01,3.0,,,,,,,,,5561,,,,,,,,,19.548286604361373,,,,,,,,322.0,,,,,,,,,,,,,,,,,,,,,,,,,,,,,,,PIPESTONE
2001-08-01,2.7,,,,,,,,,5743,,,,,,,,,,,,,,,,,,,,,,,,,,,,,,,,,,,,,,,,,,,,,,,,PIPESTONE
2001-09-01,2.7,,,,,,,,,5702,,,,,,,,,,,,,,,,,,,,,,,,,,,,,,,,,,,,,,,,,,,,,,,,PIPESTONE
2001-10-01,2.5,,,,,,,,,5641,,,,,,,,,21.390845070422536,,,,,,,,318.0,,,,,,,,,,,,,,,,,,,,,,,,,,,,,,,PIPESTONE
2001-11-01,2.6,,,,,,,,,5437,,,,,,,,,,,,,,,,,,,,,,,,,,,,,,,,,,,,,,,,,,,,,,,,PIPESTONE
2001-12-01,3.4,,,,,,,,,5445,,,,,,,,,,,,,,,,,,,,,,,,,,,,,,,,,,,,,,,,,,,,,,,,PIPESTONE
2002-01-01,4.6,9.627,,,426.0,248865.0,,,,5371,538.5,,25585.0,9546.0,,,431.2,104.41,21.494542401343413,35633.0,,,,,,,315.0,15.0,33144.0,38308.0,,2285.0,1743.0,,,835.0,8.7,635.0,1035.0,6.7,,10.8,,,172.0,9.9,116.0,228.0,6.7,236.0,10.3,,169.0,302.0,7.4,13.1,13.2,PIPESTONE
2002-02-01,4.4,,,,,,,,,5371,,,,,,,,,,,,,,,,,,,,,,,,,,,,,,,,,,,,,,,,,,,,,,,,PIPESTONE
2002-03-01,4.6,,,,,,,,,5474,,,,,,,,,,,,,,,,,,,,,,,,,,,,,,,,,,,,,,,,,,,,,,,,PIPESTONE
2002-04-01,3.9,,,,,,,,,5575,,,,,,,,,21.476510067114095,,,,,,,,323.0,,,,,,,,,,,,,,,,,,,,,,,,,,,,,,,PIPESTONE
2002-05-01,2.6,,,,,,,,,5488,,,,,,,,,,,,,,,,,,,,,,,,,,,,,,,,,,,,,,,,,,,,,,,,PIPESTONE
2002-06-01,3.0,,,,,,,,,5647,,,,,,,,,,,,,,,,,,,,,,,,,,,,,,,,,,,,,,,,,,,,,,,,PIPESTONE
2002-07-01,2.8,,,,,,,,,5484,,,,,,,,,20.926243567753,,,,,,,,323.0,,,,,,,,,,,,,,,,,,,,,,,,,,,,,,,PIPESTONE
2002-08-01,2.5,,,,,,,,,5544,,,,,,,,,,,,,,,,,,,,,,,,,,,,,,,,,,,,,,,,,,,,,,,,PIPESTONE
2002-09-01,2.4,,,,,,,,,5652,,,,,,,,,,,,,,,,,,,,,,,,,,,,,,,,,,,,,,,,,,,,,,,,PIPESTONE
2002-10-01,2.2,,,,,,,,,5491,,,,,,,,,20.088105726872246,,,,,,,,325.0,,,,,,,,,,,,,,,,,,,,,,,,,,,,,,,PIPESTONE
2002-11-01,2.5,,,,,,,,,5342,,,,,,,,,,,,,,,,,,,,,,,,,,,,,,,,,,,,,,,,,,,,,,,,PIPESTONE
2002-12-01,3.0,,,,,,,,,5349,,,,,,,,,,,,,,,,,,,,,,,,,,,,,,,,,,,,,,,,,,,,,,,,PIPESTONE
2003-01-01,4.9,9.527000000000001,,,432.0,262833.0,,,,5398,341.7,,27203.0,9438.0,,,277.9,107.68,20.089285714285715,36893.0,,,,,,,322.0,19.0,34585.0,39356.0,,2198.0,1658.0,,,831.0,8.8,632.0,1029.0,6.7,,10.9,,,156.0,9.4,107.0,205.0,6.4,250.0,11.4,,182.0,319.0,8.3,12.4,14.5,PIPESTONE
2003-02-01,4.8,,,,,,,,,5342,,,,,,,,,,,,,,,,,,,,,,,,,,,,,,,,,,,,,,,,,,,,,,,,PIPESTONE
2003-03-01,4.7,,,,,,,,,5458,,,,,,,,,,,,,,,,,,,,,,,,,,,,,,,,,,,,,,,,,,,,,,,,PIPESTONE
2003-04-01,3.8,,,,,,,,,5559,,,,,,,,,19.90867579908676,,,,,,,,323.0,,,,,,,,,,,,,,,,,,,,,,,,,,,,,,,PIPESTONE
2003-05-01,3.1,,,,,,,,,5562,,,,,,,,,,,,,,,,,,,,,,,,,,,,,,,,,,,,,,,,,,,,,,,,PIPESTONE
2003-06-01,3.7,,,,,,,,,5621,,,,,,,,,,,,,,,,,,,,,,,,,,,,,,,,,,,,,,,,,,,,,,,,PIPESTONE
2003-07-01,3.4,,,,,,,,,5460,,,,,,,,,21.22905027932961,,,,,,,,326.0,,,,,,,,,,,,,,,,,,,,,,,,,,,,,,,PIPESTONE
2003-08-01,3.2,,,,,,,,,5453,,,,,,,,,,,,,,,,,,,,,,,,,,,,,,,,,,,,,,,,,,,,,,,,PIPESTONE
2003-09-01,3.5,,,,,,,,,5462,,,,,,,,,,,,,,,,,,,,,,,,,,,,,,,,,,,,,,,,,,,,,,,,PIPESTONE
2003-10-01,3.2,,,,,,,,,5517,,,,,,,,,21.402550091074684,,,,,,,,321.0,,,,,,,,,,,,,,,,,,,,,,,,,,,,,,,PIPESTONE
2003-11-01,3.6,,,,,,,,,5492,,,,,,,,,,,,,,,,,,,,,,,,,,,,,,,,,,,,,,,,,,,,,,,,PIPESTONE
2003-12-01,4.5,,,,,,,,,5416,,,,,,,,,,,,,,,,,,,,,,,,,,,,,,,,,,,,,,,,,,,,,,,,PIPESTONE
2004-01-01,6.0,9.426,,,439.0,294288.0,,,,5218,332.4,,30661.0,9282.0,,,296.6,110.68,21.654275092936807,38576.0,,,,,,,309.0,16.0,36151.0,41164.0,,2124.0,1570.0,,,796.0,8.6,598.0,995.0,6.4,,10.7,,,151.0,9.6,99.0,203.0,6.3,242.0,11.4,,171.0,312.0,8.1,12.9,14.7,PIPESTONE
2004-02-01,5.9,,,,,,,,,5154,,,,,,,,,,,,,,,,,,,,,,,,,,,,,,,,,,,,,,,,,,,,,,,,PIPESTONE
2004-03-01,6.1,,,,,,,,,5139,,,,,,,,,,,,,,,,,,,,,,,,,,,,,,,,,,,,,,,,,,,,,,,,PIPESTONE
2004-04-01,3.8,,,,,,,,,5234,,,,,,,,,21.25834127740705,,,,,,,,316.0,,,,,,,,,,,,,,,,,,,,,,,,,,,,,,,PIPESTONE
2004-05-01,3.8,,,,,,,,,5250,,,,,,,,,,,,,,,,,,,,,,,,,,,,,,,,,,,,,,,,,,,,,,,,PIPESTONE
2004-06-01,4.1,,,,,,,,,5382,,,,,,,,,,,,,,,,,,,,,,,,,,,,,,,,,,,,,,,,,,,,,,,,PIPESTONE
2004-07-01,3.9,,,,,,,,,5216,,,,,,,,,20.14690451206716,,,,,,,,317.0,,,,,,,,,,,,,,,,,,,,,,,,,,,,,,,PIPESTONE
2004-08-01,3.8,,,,,,,,,5157,,,,,,,,,,,,,,,,,,,,,,,,,,,,,,,,,,,,,,,,,,,,,,,,PIPESTONE
2004-09-01,3.6,,,,,,,,,5126,,,,,,,,,,,,,,,,,,,,,,,,,,,,,,,,,,,,,,,,,,,,,,,,PIPESTONE
2004-10-01,3.2,,,,,,,,,5030,,,,,,,,,20.82931533269045,,,,,,,,315.0,,,,,,,,,,,,,,,,,,,,,,,,,,,,,,,PIPESTONE
2004-11-01,3.2,,,,,,,,,5014,,,,,,,,,,,,,,,,,,,,,,,,,,,,,,,,,,,,,,,,,,,,,,,,PIPESTONE
2004-12-01,3.7,,,,,,,,,4958,,,,,,,,,,,,,,,,,,,,,,,,,,,,,,,,,,,,,,,,,,,,,,,,PIPESTONE
2005-01-01,5.1,9.247,,,459.0,303374.0,,,,4967,314.0,1.0,32093.0,9171.0,,,253.9,112.97,19.306466729147143,37440.0,,,,,,,307.0,21.0,34088.0,40791.0,,2087.0,1551.0,,,980.0,10.7,798.0,1162.0,8.7,,12.7,,,160.0,10.3,121.0,199.0,7.8,260.0,12.4,,201.0,318.0,9.6,12.8,15.2,PIPESTONE
2005-02-01,5.1,,,,,,,,,4965,,,,,,,,,,,,,,,,,,,,,,,,,,,,,,,,,,,,,,,,,,,,,,,,PIPESTONE
2005-03-01,5.0,,,,,,,,,4999,,,,,,,,,,,,,,,,,,,,,,,,,,,,,,,,,,,,,,,,,,,,,,,,PIPESTONE
2005-04-01,3.5,,,,,,,,,4975,,,,,,,,,19.736842105263158,,,,,,,,316.0,,,,,,,,,,,,,,,,,,,,,,,,,,,,,,,PIPESTONE
2005-05-01,2.9,,,,,,,,,5087,,,,,,,,,,,,,,,,,,,,,,,,,,,,,,,,,,,,,,,,,,,,,,,,PIPESTONE
2005-06-01,3.1,,,,,,,,,5200,,,,,,,,,,,,,,,,,,,,,,,,,,,,,,,,,,,,,,,,,,,,,,,,PIPESTONE
2005-07-01,2.9,,,,,,,,,5109,,,,,,,,,19.941348973607038,,,,,,,,325.0,,,,,,,,,,,,,,,,,,,,,,,,,,,,,,,PIPESTONE
2005-08-01,2.8,,,,,,,,,5122,,,,,,,,,,,,,,,,,,,,,,,,,,,,,,,,,,,,,,,,,,,,,,,,PIPESTONE
2005-09-01,3.4,,,,,,,,,5118,,,,,,,,,,,,,,,,,,,,,,,,,,,,,,,,,,,,,,,,,,,,,,,,PIPESTONE
2005-10-01,2.6,,,,,,,,,5016,,,,,,,,,21.79104477611941,,,,,,,,330.0,,,,,,,,,,,,,,,,,,,,,,,,,,,,,,,PIPESTONE
2005-11-01,3.2,,,,,,,,,4994,,,,,,,,,,,,,,,,,,,,,,,,,,,,,,,,,,,,,,,,,,,,,,,,PIPESTONE
2005-12-01,4.0,,,,,,,,,5043,,,,,,,,,,,,,,,,,,,,,,,,,,,,,,,,,,,,,,,,,,,,,,,,PIPESTONE
2006-01-01,4.7,9.253,,,456.0,295514.0,,,,4974,443.8,,31120.0,9196.0,,,367.0,120.39,21.79863147605083,38594.0,,,,,,,325.0,25.0,35467.0,41722.0,,2179.0,1603.0,,,983.0,10.7,782.0,1185.0,8.5,,12.9,92.0,,189.0,11.8,146.0,232.0,9.1,301.0,13.8,,237.0,364.0,10.9,14.5,16.7,PIPESTONE
2006-02-01,4.6,,,,,,,,,4935,,,,,,,,,,,,,,,,,,,,,,,,,,,,,,,,,,,,,,,,,,,,,,,,PIPESTONE
2006-03-01,4.4,,,,,,,,,4990,,,,,,,,,,,,,,,,,,,,,,,,,,,,,,,,,,,,,,,,,,,,,,,,PIPESTONE
2006-04-01,3.3,,,,,,,,,5018,,,,,,,,,22.36580516898608,,,,,,,,327.0,,,,,,,,,,,,,,,,,,,,,,,,,,,,,,,PIPESTONE
2006-05-01,2.4,,,,,,,,,5080,,,,,,,,,,,,,,,,,,,,,,,,,,,,,,,,,,,,,,,,,,,,,,,,PIPESTONE
2006-06-01,2.9,,,,,,,,,5160,,,,,,,,,,,,,,,,,,,,,,,,,,,,,,,,,,,,,,,,,,,,,,,,PIPESTONE
2006-07-01,3.0,,,,,,,,,5132,,,,,,,,,22.052845528455286,,,,,,,,325.0,,,,,,,,,,,,,,,,,,,,,,,,,,,,,,,PIPESTONE
2006-08-01,2.8,,,,,,,,,5143,,,,,,,,,,,,,,,,,,,,,,,,,,,,,,,,,,,,,,,,,,,,,,,,PIPESTONE
2006-09-01,2.9,,,,,,,,,5186,,,,,,,,,,,,,,,,,,,,,,,,,,,,,,,,,,,,,,,,,,,,,,,,PIPESTONE
2006-10-01,2.5,,,,,,,,,5209,,,,,,,,,22.436548223350254,,,,,,,,325.0,,,,,,,,,,,,,,,,,,,,,,,,,,,,,,,PIPESTONE
2006-11-01,2.9,,,,,,,,,5208,,,,,,,,,,,,,,,,,,,,,,,,,,,,,,,,,,,,,,,,,,,,,,,,PIPESTONE
2006-12-01,3.7,,,,,,,,,5127,,,,,,,,,,,,,,,,,,,,,,,,,,,,,,,,,,,,,,,,,,,,,,,,PIPESTONE
2007-01-01,5.2,9.25,,,567.0,314114.0,,,,5092,419.0,,32995.0,9081.0,,,342.4,131.84,22.76923076923077,36411.0,,,,,,,328.0,9.0,33759.0,39062.0,,2117.0,1510.0,,,1046.0,11.5,834.0,1257.0,9.2,,13.8,60.0,,185.0,12.3,138.0,232.0,9.1,310.0,14.6,,237.0,382.0,11.2,15.4,18.0,PIPESTONE
2007-02-01,5.1,,,,,,,,,5122,,,,,,,,,,,,,,,,,,,,,,,,,,,,,,,,,,,,,,,,,,,,,,,,PIPESTONE
2007-03-01,4.8,,,,,,,,,5259,,,,,,,,,,,,,,,,,,,,,,,,,,,,,,,,,,,,,,,,,,,,,,,,PIPESTONE
2007-04-01,4.1,,,,,,,,,5207,,,,,,,,,22.37623762376238,,,,,,,,333.0,,,,,,,,,,,,,,,,,,,,,,,,,,,,,,,PIPESTONE
2007-05-01,3.0,,,,,,,,,5271,,,,,,,,,,,,,,,,,,,,,,,,,,,,,,,,,,,,,,,,,,,,,,,,PIPESTONE
2007-06-01,3.5,,,,,,,,,5364,,,,,,,,,,,,,,,,,,,,,,,,,,,,,,,,,,,,,,,,,,,,,,,,PIPESTONE
2007-07-01,3.2,,,,,,,,,5400,,,,,,,,,24.102564102564106,,,,,,,,338.0,,,,,,,,,,,,,,,,,,,,,,,,,,,,,,,PIPESTONE
2007-08-01,3.4,,,,,,,,,5284,,,,,,,,,,,,,,,,,,,,,,,,,,,,,,,,,,,,,,,,,,,,,,,,PIPESTONE
2007-09-01,3.3,,,,,,,,,5291,,,,,,,,,,,,,,,,,,,,,,,,,,,,,,,,,,,,,,,,,,,,,,,,PIPESTONE
2007-10-01,2.7,,,,,,,,,5398,,,,,,,,,23.955147808358817,,,,,,,,344.0,,,,,,,,,,,,,,,,,,,,,,,,,,,,,,,PIPESTONE
2007-11-01,2.8,,,,,,,,,5412,,,,,,,,,,,,,,,,,,,,,,,,,,,,,,,,,,,,,,,,,,,,,,,,PIPESTONE
2007-12-01,3.8,,,,,,,,,5402,,,,,,,,,,,,,,,,,,,,,,,,,,,,,,,,,,,,,,,,,,,,,,,,PIPESTONE
2008-01-01,5.0,9.327,,,528.0,372805.0,,,,5468,460.0,,38709.0,9173.0,,,395.2,132.81,23.408845738942823,41421.0,,,,,,,333.0,12.0,37630.0,45212.0,,2156.0,1488.0,,,976.0,10.6,792.0,1160.0,8.6,53.3499999046326,12.6,77.0,,175.0,11.8,134.0,216.0,9.0,304.0,14.1,,240.0,369.0,11.1,14.5,17.1,PIPESTONE
2008-02-01,4.8,,,,,,,,,5406,,,,,,,,,,,,,,,,,,,,,,,,,,,,,,,,,,,,,,,,,,,,,,,,PIPESTONE
2008-03-01,4.9,,,,,,,,,5484,,,,,,,,,,,,,,,,,,,,,,,,,,,,,,,,,,,,,,,,,,,,,,,,PIPESTONE
2008-04-01,4.2,,,,,,,,,5508,,,,,,,,,23.719376391982184,,,,,,,,336.0,,,,,,,,,,,,,,,,,,,,,,,,,,,,,,,PIPESTONE
2008-05-01,3.4,,,,,,,,,5646,,,,,,,,,,,,,,,,,,,,,,,,,,,,,,,,,,,,,,,,,,,,,,,,PIPESTONE
2008-06-01,3.7,,,,,,,,,5814,,,,,,,,,,,,,,,,,,,,,,,,,,,,,,,,,,,,,,,,,,,,,,,,PIPESTONE
2008-07-01,6.4,,,,,,,,,5648,,,,,,,,,23.90572390572391,,,,,,,,339.0,,,,,,,,,,,,,,,,,,,,,,,,,,,,,,,PIPESTONE
2008-08-01,3.9,,,,,,,,,5684,,,,,,,,,,,,,,,,,,,,,,,,,,,,,,,,,,,,,,,,,,,,,,,,PIPESTONE
2008-09-01,3.8,,,,,,,,,5648,,,,,,,,,,,,,,,,,,,,,,,,,,,,,,,,,,,,,,,,,,,,,,,,PIPESTONE
2008-10-01,3.7,,,,,,,,,5693,,,,,,,,,24.483133841131664,,,,,,,,334.0,,,,,,,,,,,,,,,,,,,,,,,,,,,,,,,PIPESTONE
2008-11-01,3.9,,,,,,,,,5734,,,,,,,,,,,,,,,,,,,,,,,,,,,,,,,,,,,,,,,,,,,,,,,,PIPESTONE
2008-12-01,5.6,,,,,,,,,5646,,,,,,,,,,,,,,,,,,,,,,,,,,,,,,,,,,,,,,,,,,,,,,,,PIPESTONE
2009-01-01,6.7,9.29,20.96627164995442,29.817979464349836,805.0,363975.0,,4.849884526558892,,5663,436.7,,37820.0,9124.0,43.4,15.839676498572787,342.4,127.18,23.24805339265851,41306.0,,,,8796.0,65.0,172.0,318.0,12.0,38744.0,43867.0,140.0,2363.0,1638.0,81.78098417142242,-140.0,964.0,10.6,752.0,1177.0,8.2,62.8499999046326,12.9,73.0,24.6,219.0,13.4,166.0,272.0,10.1,336.0,14.2,29.0,257.0,414.0,10.9,16.6,17.5,PIPESTONE
2009-02-01,6.8,,,,,,,,,5655,,,,,,,,,,,,,,,,,,,,,,,,,,,,,,,,,,,,,,,,,,,,,,,,PIPESTONE
2009-03-01,7.1,,,,,,,,,5764,,,,,,,,,,,,,,,,,,,,,,,,,,,,,,,,,,,,,,,,,,,,,,,,PIPESTONE
2009-04-01,6.2,,,,,,,,,5704,,,,,,,,,21.714922048997774,,,,,,,,324.0,,,,,,,,,,,,,,,,,,,,,,,,,,,,,,,PIPESTONE
2009-05-01,5.8,,,,,,,,,5631,,,,,,,,,,,,,,,,,,,,,,,,,,,,,,,,,,,,,,,,,,,,,,,,PIPESTONE
2009-06-01,6.4,,,,,,,,,5824,,,,,,,,,,,,,,,,,,,,,,,,,,,,,,,,,,,,,,,,,,,,,,,,PIPESTONE
2009-07-01,6.1,,,,,,,,,5654,,,,,,,,,21.753607103218652,,,,,,,,325.0,,,,,,,,,,,,,,,,,,,,,,,,,,,,,,,PIPESTONE
2009-08-01,6.2,,,,,,,,,5620,,,,,,,,,,,,,,,,,,,,,,,,,,,,,,,,,,,,,,,,,,,,,,,,PIPESTONE
2009-09-01,6.3,,,,,,,,,5396,,,,,,,,,,,,,,,,,,,,,,,,,,,,,,,,,,,,,,,,,,,,,,,,PIPESTONE
2009-10-01,6.3,,,,,,,,,5328,,,,,,,,,23.469387755102037,,,,,,,,327.0,,,,,,,,,,,,,,,,,,,,,,,,,,,,,,,PIPESTONE
2009-11-01,5.8,,,,,,,,,5386,,,,,,,,,,,,,,,,,,,,,,,,,,,,,,,,,,,,,,,,,,,,,,,,PIPESTONE
2009-12-01,6.3,,,,,,,,,5308,,,,,,,,,,,,,,,,,,,,,,,,,,,,,,,,,,,,,,,,,,,,,,,,PIPESTONE
2010-01-01,8.8,9.605,24.369747899159666,27.3743842364532,904.0,397096.0,11.593425119415565,5.842696629213482,23.535620052770447,4957,342.1,,41394.0,9368.0,42.8,16.216721158337222,281.1,130.25,23.206278026905828,44880.0,15.4,,85.7,8932.0,80.0,274.0,316.0,10.0,41534.0,48226.0,84.0,2332.0,1687.0,79.4560669456067,-217.0,986.0,10.5,783.0,1189.0,8.3,37.7799999713898,12.7,117.0,26.0,234.0,13.9,174.0,294.0,10.3,370.0,15.9,46.0,280.0,460.0,12.1,17.5,19.7,PIPESTONE
2010-02-01,8.4,,,,,,,,,5131,,,,,,,,,,,,,,,,,,,,,,,,,,,,,,,,,,,,,,,,,,,,,,,,PIPESTONE
2010-03-01,8.4,,,,,,,,,5241,,,,,,,,,,,,,,,,,,,,,,,,,,,,,,,,,,,,,,,,,,,,,,,,PIPESTONE
2010-04-01,7.0,,,,,,,,,5396,,,,,,,,,22.95632698768197,,,,,,,,314.0,,,,,,,,,,,,,,,,,,,,,,,,,,,,,,,PIPESTONE
2010-05-01,6.1,,,,,,,,,5377,,,,,,,,,,,,,,,,,,,,,,,,,,,,,,,,,,,,,,,,,,,,,,,,PIPESTONE
2010-06-01,6.1,,,,,,,,,5191,,,,,,,,,,,,,,,,,,,,,,,,,,,,,,,,,,,,,,,,,,,,,,,,PIPESTONE
2010-07-01,5.8,,,,,,,,,5263,,,,,,,,,23.937360178970923,,,,,,,,313.0,,,,,,,,,,,,,,,,,,,,,,,,,,,,,,,PIPESTONE
2010-08-01,5.7,,,,,,,,,5104,,,,,,,,,,,,,,,,,,,,,,,,,,,,,,,,,,,,,,,,,,,,,,,,PIPESTONE
2010-09-01,5.7,,,,,,,,,4983,,,,,,,,,,,,,,,,,,,,,,,,,,,,,,,,,,,,,,,,,,,,,,,,PIPESTONE
2010-10-01,5.4,,,,,,,,,4997,,,,,,,,,24.04063205417607,,,,,,,,315.0,,,,,,,,,,,,,,,,,,,,,,,,,,,,,,,PIPESTONE
2010-11-01,5.5,,,,,,,,,5101,,,,,,,,,,,,,,,,,,,,,,,,,,,,,,,,,,,,,,,,,,,,,,,,PIPESTONE
2010-12-01,6.1,,,,,,,,,5030,,,,,,,,,,,,,,,,,,,,,,,,,,,,,,,,,,,,,,,,,,,,,,,,PIPESTONE
2011-01-01,9.2,9.527999999999999,24.70156106519743,24.052653361253697,967.0,430017.0,11.09945983023236,6.866952789699571,22.50065945660776,4966,237.4,,45137.0,9290.0,43.1,16.879391100702573,217.9,128.0,21.86421173762946,43726.0,16.7,,85.7,8895.0,88.0,309.0,318.0,10.0,40067.0,47385.0,84.0,2316.0,1672.0,77.55757900374934,-211.0,1179.0,12.7,950.0,1408.0,10.2,47.170999999623696,15.2,65.0,26.700000000000006,271.0,16.2,202.0,340.0,12.1,413.0,17.8,58.0,317.0,509.0,13.6,20.3,22.0,PIPESTONE
2011-02-01,8.9,,,,,,,,,5011,,,,,,,,,,,,,,,,,,,,,,,,,,,,,,,,,,,,,,,,,,,,,,,,PIPESTONE
2011-03-01,8.7,,,,,,,,,5089,,,,,,,,,,,,,,,,,,,,,,,,,,,,,,,,,,,,,,,,,,,,,,,,PIPESTONE
2011-04-01,7.0,,,,,,,,,5064,,,,,,,,,21.836506159014558,,,,,,,,320.0,,,,,,,,,,,,,,,,,,,,,,,,,,,,,,,PIPESTONE
2011-05-01,5.9,,,,,,,,,5193,,,,,,,,,,,,,,,,,,,,,,,,,,,,,,,,,,,,,,,,,,,,,,,,PIPESTONE
2011-06-01,6.4,,,,,,,,,5148,,,,,,,,,,,,,,,,,,,,,,,,,,,,,,,,,,,,,,,,,,,,,,,,PIPESTONE
2011-07-01,6.3,,,,,,,,,5206,,,,,,,,,22.10884353741497,,,,,,,,325.0,,,,,,,,,,,,,,,,,,,,,,,,,,,,,,,PIPESTONE
2011-08-01,5.7,,,,,,,,,5063,,,,,,,,,,,,,,,,,,,,,,,,,,,,,,,,,,,,,,,,,,,,,,,,PIPESTONE
2011-09-01,5.4,,,,,,,,,4876,,,,,,,,,,,,,,,,,,,,,,,,,,,,,,,,,,,,,,,,,,,,,,,,PIPESTONE
2011-10-01,4.8,,,,,,,,,4884,,,,,,,,,22.83464566929134,,,,,,,,323.0,,,,,,,,,,,,,,,,,,,,,,,,,,,,,,,PIPESTONE
2011-11-01,4.5,,,,,,,,,4903,,,,,,,,,,,,,,,,,,,,,,,,,,,,,,,,,,,,,,,,,,,,,,,,PIPESTONE
2011-12-01,5.1,,,,,,,,,4963,,,,,,,,,,,,,,,,,,,,,,,,,,,,,,,,,,,,,,,,,,,,,,,,PIPESTONE
2012-01-01,6.7,9.397,29.396092362344586,27.6323630265876,975.0,451626.0,10.592488650433348,6.7193675889328075,21.909066737569795,4833,384.8,,48148.0,9138.0,42.6,17.13490959666203,298.8,134.23,21.942857142857147,47143.0,16.5,10.1,85.3,8816.0,32.0,353.0,319.0,13.0,43619.0,50667.0,133.0,2260.0,1657.0,76.61402943388119,-265.0,1026.0,11.2,831.0,1221.0,9.1,32.996999999973895,13.3,66.0,26.5,220.0,13.3,167.0,273.0,10.1,344.0,15.2,49.0,268.0,420.0,11.8,16.5,18.6,PIPESTONE
2012-02-01,7.1,,,,,,,,,4797,,,,,,,,,,,,,,,,,,,,,,,,,,,,,,,,,,,,,,,,,,,,,,,,PIPESTONE
2012-03-01,6.6,,,,,,,,,4939,,,,,,,,,,,,,,,,,,,,,,,,,,,,,,,,,,,,,,,,,,,,,,,,PIPESTONE
2012-04-01,4.7,,,,,,,,,4946,,,,,,,,,21.138211382113823,,,,,,,,321.0,,,,,,,,,,,,,,,,,,,,,,,,,,,,,,,PIPESTONE
2012-05-01,4.2,,,,,,,,,5032,,,,,,,,,,,,,,,,,,,,,,,,,,,,,,,,,,,,,,,,,,,,,,,,PIPESTONE
2012-06-01,4.9,,,,,,,,,5072,,,,,,,,,,,,,,,,,,,,,,,,,,,,,,,,,,,,,,,,,,,,,,,,PIPESTONE
2012-07-01,4.7,,,,,,,,,5167,,,,,,,,,21.92881745120551,,,,,,,,326.0,,,,,,,,,,,,,,,,,,,,,,,,,,,,,,,PIPESTONE
2012-08-01,4.5,,,,,,,,,4993,,,,,,,,,,,,,,,,,,,,,,,,,,,,,,,,,,,,,,,,,,,,,,,,PIPESTONE
2012-09-01,4.0,,,,,,,,,4806,,,,,,,,,,,,,,,,,,,,,,,,,,,,,,,,,,,,,,,,,,,,,,,,PIPESTONE
2012-10-01,4.0,,,,,,,,,4773,,,,,,,,,22.78481012658228,,,,,,,,322.0,,,,,,,,,,,,,,,,,,,,,,,,,,,,,,,PIPESTONE
2012-11-01,3.7,,,,,,,,,4763,,,,,,,,,,,,,,,,,,,,,,,,,,,,,,,,,,,,,,,,,,,,,,,,PIPESTONE
2012-12-01,4.6,,,,,,,,,4747,,,,,,,,,,,,,,,,,,,,,,,,,,,,,,,,,,,,,,,,,,,,,,,,PIPESTONE
2013-01-01,6.7,9.3,29.547553093259467,20.777092133514934,1034.0,474050.0,11.435959317359073,7.272727272727272,21.665788086452288,4702,389.2,,51039.0,9050.0,42.7,17.08956969130028,313.3,137.35,21.238938053097343,47613.0,16.8,10.7,85.3,8709.0,97.0,382.0,311.0,10.0,44824.0,50402.0,112.0,2215.0,1628.0,75.57260155574762,-140.0,1126.0,12.4,908.0,1344.0,10.0,48.531999999657295,14.8,89.0,26.700000000000006,258.0,15.8,196.0,320.0,12.0,382.0,17.2,20.0,301.0,463.0,13.5,19.6,20.9,PIPESTONE
2013-02-01,6.5,,,,,,,,,4613,,,,,,,,,,,,,,,,,,,,,,,,,,,,,,,,,,,,,,,,,,,,,,,,PIPESTONE
2013-03-01,6.2,,,,,,,,,4610,,,,,,,,,,,,,,,,,,,,,,,,,,,,,,,,,,,,,,,,,,,,,,,,PIPESTONE
2013-04-01,5.2,,,,,,,,,4646,,,,,,,,,20.89715536105033,,,,,,,,312.0,,,,,,,,,,,,,,,,,,,,,,,,,,,,,,,PIPESTONE
2013-05-01,3.9,,,,,,,,,4726,,,,,,,,,,,,,,,,,,,,,,,,,,,,,,,,,,,,,,,,,,,,,,,,PIPESTONE
2013-06-01,4.3,,,,,,,,,4804,,,,,,,,,,,,,,,,,,,,,,,,,,,,,,,,,,,,,,,,,,,,,,,,PIPESTONE
2013-07-01,4.0,,,,,,,,,4770,,,,,,,,,21.95629552549428,,,,,,,,313.0,,,,,,,,,,,,,,,,,,,,,,,,,,,,,,,PIPESTONE
2013-08-01,3.8,,,,,,,,,4781,,,,,,,,,,,,,,,,,,,,,,,,,,,,,,,,,,,,,,,,,,,,,,,,PIPESTONE
2013-09-01,3.5,,,,,,,,,4697,,,,,,,,,,,,,,,,,,,,,,,,,,,,,,,,,,,,,,,,,,,,,,,,PIPESTONE
2013-10-01,3.4,,,,,,,,,4626,,,,,,,,,22.0164609053498,,,,,,,,309.0,,,,,,,,,,,,,,,,,,,,,,,,,,,,,,,PIPESTONE
2013-11-01,3.4,,,,,,,,,4659,,,,,,,,,,,,,,,,,,,,,,,,,,,,,,,,,,,,,,,,,,,,,,,,PIPESTONE
2013-12-01,4.5,,,,,,,,,4626,,,,,,,,,,,,,,,,,,,,,,,,,,,,,,,,,,,,,,,,,,,,,,,,PIPESTONE
2014-01-01,6.2,9.312999999999999,31.578947368421048,34.06744000623282,902.0,490265.0,11.918702054492547,7.083333333333332,23.649521840268804,4654,352.2,,52756.0,9066.0,42.2,17.528588098016336,280.5,134.68,21.743589743589745,47164.0,18.0,11.7,85.5,8614.0,94.0,408.0,306.0,10.0,43630.0,50698.0,94.0,2244.0,1645.0,77.13199348180336,51.0,1110.0,12.2,885.0,1335.0,9.7,40.059999999590204,14.7,71.0,27.6,274.0,16.7,208.0,340.0,12.7,407.0,18.1,97.0,314.0,500.0,14.0,20.7,22.2,PIPESTONE
2014-02-01,6.1,,,,,,,,,4596,,,,,,,,,,,,,,,,,,,,,,,,,,,,,,,,,,,,,,,,,,,,,,,,PIPESTONE
2014-03-01,5.8,,,,,,,,,4682,,,,,,,,,,,,,,,,,,,,,,,,,,,,,,,,,,,,,,,,,,,,,,,,PIPESTONE
2014-04-01,4.0,,,,,,,,,4659,,,,,,,,,19.980879541108987,,,,,,,,309.0,,,,,,,,,,,,,,,,,,,,,,,,,,,,,,,PIPESTONE
2014-05-01,3.1,,,,,,,,,4720,,,,,,,,,,,,,,,,,,,,,,,,,,,,,,,,,,,,,,,,,,,,,,,,PIPESTONE
2014-06-01,3.4,,,,,,,,,4800,,,,,,,,,,,,,,,,,,,,,,,,,,,,,,,,,,,,,,,,,,,,,,,,PIPESTONE
2014-07-01,3.2,,,,,,,,,4874,,,,,,,,,20.245979186376537,,,,,,,,310.0,,,,,,,,,,,,,,,,,,,,,,,,,,,,,,,PIPESTONE
2014-08-01,2.9,,,,,,,,,4856,,,,,,,,,,,,,,,,,,,,,,,,,,,,,,,,,,,,,,,,,,,,,,,,PIPESTONE
2014-09-01,2.6,,,,,,,,,4836,,,,,,,,,,,,,,,,,,,,,,,,,,,,,,,,,,,,,,,,,,,,,,,,PIPESTONE
2014-10-01,2.2,,,,,,,,,4931,,,,,,,,,19.27480916030534,,,,,,,,314.0,,,,,,,,,,,,,,,,,,,,,,,,,,,,,,,PIPESTONE
2014-11-01,2.4,,,,,,,,,4916,,,,,,,,,,,,,,,,,,,,,,,,,,,,,,,,,,,,,,,,,,,,,,,,PIPESTONE
2014-12-01,3.7,,,,,,,,,4865,,,,,,,,,,,,,,,,,,,,,,,,,,,,,,,,,,,,,,,,,,,,,,,,PIPESTONE
2015-01-01,5.1,9.254,30.09433962264151,42.645865696397756,874.0,487972.0,14.223236514522819,3.4408602150537635,23.022709475332807,4980,427.1,,52685.0,9056.0,42.3,18.930031257513825,337.5,136.99,18.68344627299129,51939.0,19.0,12.9,86.5,8526.0,38.0,438.0,309.0,8.0,48272.0,55606.0,123.0,2266.0,1647.0,77.50872600349041,6.0,1000.0,11.0,790.0,1210.0,8.7,42.98399999970571,13.3,116.0,29.1,232.0,14.1,174.0,290.0,10.6,356.0,15.7,117.0,278.0,434.0,12.2,17.6,19.2,PIPESTONE
2015-02-01,5.3,,,,,,,,,4858,,,,,,,,,,,,,,,,,,,,,,,,,,,,,,,,,,,,,,,,,,,,,,,,PIPESTONE
2015-03-01,5.0,,,,,,,,,4993,,,,,,,,,,,,,,,,,,,,,,,,,,,,,,,,,,,,,,,,,,,,,,,,PIPESTONE
2015-04-01,3.0,,,,,,,,,4928,,,,,,,,,18.67704280155642,,,,,,,,305.0,,,,,,,,,,,,,,,,,,,,,,,,,,,,,,,PIPESTONE
2015-05-01,2.8,,,,,,,,,4920,,,,,,,,,,,,,,,,,,,,,,,,,,,,,,,,,,,,,,,,,,,,,,,,PIPESTONE
2015-06-01,2.9,,,,,,,,,5073,,,,,,,,,,,,,,,,,,,,,,,,,,,,,,,,,,,,,,,,,,,,,,,,PIPESTONE
2015-07-01,2.8,,,,,,,,,4947,,,,,,,,,19.264278799612782,,,,,,,,301.0,,,,,,,,,,,,,,,,,,,,,,,,,,,,,,,PIPESTONE
2015-08-01,2.5,,,,,,,,,4963,,,,,,,,,,,,,,,,,,,,,,,,,,,,,,,,,,,,,,,,,,,,,,,,PIPESTONE
2015-09-01,2.4,,,,,,,,,4900,,,,,,,,,,,,,,,,,,,,,,,,,,,,,,,,,,,,,,,,,,,,,,,,PIPESTONE
2015-10-01,2.3,,,,,,,,,5133,,,,,,,,,19.654841802492808,,,,,,,,299.0,,,,,,,,,,,,,,,,,,,,,,,,,,,,,,,PIPESTONE
2015-11-01,2.4,,,,,,,,,5043,,,,,,,,,,,,,,,,,,,,,,,,,,,,,,,,,,,,,,,,,,,,,,,,PIPESTONE
2015-12-01,3.8,,,,,,,,,4988,,,,,,,,,,,,,,,,,,,,,,,,,,,,,,,,,,,,,,,,,,,,,,,,PIPESTONE
2016-01-01,5.2,9.193,30.63477460901564,42.87465288343189,,467718.0,13.542282930224465,5.970149253731343,22.14730290456432,4977,428.9,,50828.0,8984.0,42.4,19.50425273390037,323.1,154.27,18.73170731707317,51050.0,19.9,12.7,86.2,8386.0,91.0,491.0,305.0,12.0,46242.0,55858.0,95.0,2283.0,1658.0,78.58084358523726,,975.0,10.9,785.0,1165.0,8.8,,13.0,,30.3,232.0,14.0,172.0,292.0,10.4,344.0,15.1,114.0,260.0,428.0,11.4,17.6,18.8,PIPESTONE
2016-02-01,5.6,,,,,,,,,4800,,,,,,,,,,,,,,,,,,,,,,,,,,,,,,,,,,,,,,,,,,,,,,,,PIPESTONE
2016-03-01,5.9,,,,,,,,,4886,,,,,,,,,,,,,,,,,,,,,,,,,,,,,,,,,,,,,,,,,,,,,,,,PIPESTONE
2016-04-01,4.0,,,,,,,,,4945,,,,,,,,,18.19905213270142,,,,,,,,309.0,,,,,,,,,,,,,,,,,,,,,,,,,,,,,,,PIPESTONE
2016-05-01,2.9,,,,,,,,,4921,,,,,,,,,,,,,,,,,,,,,,,,,,,,,,,,,,,,,,,,,,,,,,,,PIPESTONE
2016-06-01,3.4,,,,,,,,,5082,,,,,,,,,,,,,,,,,,,,,,,,,,,,,,,,,,,,,,,,,,,,,,,,PIPESTONE
2016-07-01,3.1,,,,,,,,,4947,,,,,,,,,18.283582089552237,,,,,,,,314.0,,,,,,,,,,,,,,,,,,,,,,,,,,,,,,,PIPESTONE
2016-08-01,3.0,,,,,,,,,4915,,,,,,,,,,,,,,,,,,,,,,,,,,,,,,,,,,,,,,,,,,,,,,,,PIPESTONE
2016-09-01,3.0,,,,,,,,,4765,,,,,,,,,,,,,,,,,,,,,,,,,,,,,,,,,,,,,,,,,,,,,,,,PIPESTONE
2016-10-01,2.8,,,,,,,,,4941,,,,,,,,,17.836812144212523,,,,,,,,317.0,,,,,,,,,,,,,,,,,,,,,,,,,,,,,,,PIPESTONE
2016-11-01,2.8,,,,,,,,,4951,,,,,,,,,,,,,,,,,,,,,,,,,,,,,,,,,,,,,,,,,,,,,,,,PIPESTONE
2016-12-01,3.9,,,,,,,,,4902,,,,,,,,,,,,,,,,,,,,,,,,,,,,,,,,,,,,,,,,,,,,,,,,PIPESTONE
2017-01-01,5.7,9.087,,,,,,,,4918,,,,,,,,149.89,17.26829268292683,,,,,,,,318.0,17.0,,,,,,,,,,,,,,,71.0,,,,,,,,,,,,,,,PIPESTONE
2017-02-01,6.0,,,,,,,,,4795,,,,,,,,,,,,,,,,,,,,,,,,,,,,,,,,,,,,,,,,,,,,,,,,PIPESTONE
2017-03-01,5.2,,,,,,,,,4829,,,,,,,,,,,,,,,,,,,,,,,,,,,,,,,,,,,,,,,,,,,,,,,,PIPESTONE
2017-04-01,3.6,,,,,,,,,4905,,,,,,,,,16.456921587608907,,,,,,,,319.0,,,,,,,,,,,,,,,,,,,,,,,,,,,,,,,PIPESTONE
2017-05-01,2.7,,,,,,,,,4907,,,,,,,,,,,,,,,,,,,,,,,,,,,,,,,,,,,,,,,,,,,,,,,,PIPESTONE
2017-06-01,3.1,,,,,,,,,5023,,,,,,,,,,,,,,,,,,,,,,,,,,,,,,,,,,,,,,,,,,,,,,,,PIPESTONE
2017-07-01,2.8,,,,,,,,,4985,,,,,,,,,16.2,,,,,,,,324.0,,,,,,,,,,,,,,,,,,,,,,,,,,,,,,,PIPESTONE
2017-08-01,2.7,,,,,,,,,4849,,,,,,,,,,,,,,,,,,,,,,,,,,,,,,,,,,,,,,,,,,,,,,,,PIPESTONE
2017-09-01,2.3,,,,,,,,,4817,,,,,,,,,,,,,,,,,,,,,,,,,,,,,,,,,,,,,,,,,,,,,,,,PIPESTONE
2017-10-01,1.7,,,,,,,,,4974,,,,,,,,,16.81329423264907,,,,,,,,325.0,,,,,,,,,,,,,,,,,,,,,,,,,,,,,,,PIPESTONE
2017-11-01,2.2,,,,,,,,,4942,,,,,,,,,,,,,,,,,,,,,,,,,,,,,,,,,,,,,,,,,,,,,,,,PIPESTONE
2017-12-01,3.2,,,,,,,,,4963,,,,,,,,,,,,,,,,,,,,,,,,,,,,,,,,,,,,,,,,,,,,,,,,PIPESTONE
2018-01-01,5.1,,,,,,,,,4982,,,,,,,,,15.408163265306122,,,,,,,,329.0,,,,,,,,,,,,,,,,,,,,,,,,,,,,,,,PIPESTONE
2018-02-01,5.1,,,,,,,,,4955,,,,,,,,,,,,,,,,,,,,,,,,,,,,,,,,,,,,,,,,,,,,,,,,PIPESTONE
2018-03-01,5.0,,,,,,,,,4989,,,,,,,,,,,,,,,,,,,,,,,,,,,,,,,,,,,,,,,,,,,,,,,,PIPESTONE
2018-04-01,3.7,,,,,,,,,5102,,,,,,,,,14.653465346534652,,,,,,,,,,,,,,,,,,,,,,,,,,,,,,,,,,,,,,,PIPESTONE
2018-05-01,2.0,,,,,,,,,5160,,,,,,,,,,,,,,,,,,,,,,,,,,,,,,,,,,,,,,,,,,,,,,,,PIPESTONE
2018-06-01,2.3,,,,,,,,,5191,,,,,,,,,,,,,,,,,,,,,,,,,,,,,,,,,,,,,,,,,,,,,,,,PIPESTONE
2018-07-01,1.9,,,,,,,,,5159,,,,,,,,,,,,,,,,,,,,,,,,,,,,,,,,,,,,,,,,,,,,,,,,PIPESTONE
2018-08-01,1.7,,,,,,,,,4927,,,,,,,,,,,,,,,,,,,,,,,,,,,,,,,,,,,,,,,,,,,,,,,,PIPESTONE
