DATE,S1101SPHOUSE027123,MNRAMS3URN,NETMIGNACS027123,USPTOISSUED027123,CBR27123MNA647NCEN,B01002001E027123,MHIMN27123A052NCEN,MNRAMS3POP,PI27123,PCPI27123,ATNHPIUS27123A,MNRAMS3LFN,ENU2712320510,HC01ESTVC1727123,2020RATIO027123,EQFXSUBPRIME027123,DP04ACS027123,CDC20N2U027123,B080ACS027123,B14005DCYACS027123,PPAAMN27123A156NCEN,PEAAMN27123A647NCEN,HOWNRATEACS027123,RACEDISPARITY027123,FBITC027123,PE5T17MN27123A647NCEN,PECILB5T17MN27123A647NCEN,PUA0T17MN27123A647NCEN,PUAAMN27123A647NCEN,PUA5T17RMN27123A647NCEN,B03002003E027123,B03002005E027123,MHICILBMN27123A052NCEN,MHICIUBMN27123A052NCEN,S1701ACS027123,MWACL27123,HC01ESTVC1627123,BPPRIV027123,B03002006E027123,B03002012E027123,CDC20N2UAA027123,PECILBAAMN27123A647NCEN,PECIUBAAMN27123A647NCEN,PPCILBAAMN27123A156NCEN,PPCIUBAAMN27123A156NCEN,DMPCRATE027123,S1501ACSTOTAL027123,B03002004E027123,PEU18MN27123A647NCEN,PPU18MN27123A156NCEN,PECILBU18MN27123A647NCEN,PECIUBU18MN27123A647NCEN,PPCILBU18MN27123A156NCEN,PP5T17MN27123A156NCEN,PECIUB5T17MN27123A647NCEN,PPCILB5T17MN27123A156NCEN,PPCIUB5T17MN27123A156NCEN,PPCIUBU18MN27123A156NCEN,county
1991-01-01,,4.1,,13.0,,,,488.277,11019149.0,22567.0,62.38,264792,12047.0,,,,,,,,,,,,,,,,,,,,,,,,,797.0,,,,,,,,,,,,,,,,,,,,,RAMSEY
1991-02-01,,4.6,,19.0,,,,,,,,266984,,,,,,,,,,,,,,,,,,,,,,,,,,,,,,,,,,,,,,,,,,,,,,,RAMSEY
1991-03-01,,4.8,,21.0,,,,,,,,269180,,,,,,,,,,,,,,,,,,,,,,,,,,,,,,,,,,,,,,,,,,,,,,,RAMSEY
1991-04-01,,4.3,,14.0,,,,,,,,269056,12065.0,,,,,,,,,,,,,,,,,,,,,,,,,,,,,,,,,,,,,,,,,,,,,,RAMSEY
1991-05-01,,4.3,,22.0,,,,,,,,269529,,,,,,,,,,,,,,,,,,,,,,,,,,,,,,,,,,,,,,,,,,,,,,,RAMSEY
1991-06-01,,4.8,,13.0,,,,,,,,272989,,,,,,,,,,,,,,,,,,,,,,,,,,,,,,,,,,,,,,,,,,,,,,,RAMSEY
1991-07-01,,4.4,,14.0,,,,,,,,275371,12198.0,,,,,,,,,,,,,,,,,,,,,,,,,,,,,,,,,,,,,,,,,,,,,,RAMSEY
1991-08-01,,4.2,,8.0,,,,,,,,273618,,,,,,,,,,,,,,,,,,,,,,,,,,,,,,,,,,,,,,,,,,,,,,,RAMSEY
1991-09-01,,4.7,,13.0,,,,,,,,271357,,,,,,,,,,,,,,,,,,,,,,,,,,,,,,,,,,,,,,,,,,,,,,,RAMSEY
1991-10-01,,4.5,,17.0,,,,,,,,272395,12271.0,,,,,,,,,,,,,,,,,,,,,,,,,,,,,,,,,,,,,,,,,,,,,,RAMSEY
1991-11-01,,4.1,,11.0,,,,,,,,272818,,,,,,,,,,,,,,,,,,,,,,,,,,,,,,,,,,,,,,,,,,,,,,,RAMSEY
1991-12-01,,3.9,,11.0,,,,,,,,270775,,,,,,,,,,,,,,,,,,,,,,,,,,,,,,,,,,,,,,,,,,,,,,,RAMSEY
1992-01-01,,4.6,,14.0,,,,491.517,11543551.0,23486.0,63.31,266397,12346.0,,,,,,,,,,,,,,,,,,,,,,,,,969.0,,,,,,,,,,,,,,,,,,,,,RAMSEY
1992-02-01,,4.7,,17.0,,,,,,,,268184,,,,,,,,,,,,,,,,,,,,,,,,,,,,,,,,,,,,,,,,,,,,,,,RAMSEY
1992-03-01,,4.5,,12.0,,,,,,,,269929,,,,,,,,,,,,,,,,,,,,,,,,,,,,,,,,,,,,,,,,,,,,,,,RAMSEY
1992-04-01,,4.2,,21.0,,,,,,,,269847,12386.0,,,,,,,,,,,,,,,,,,,,,,,,,,,,,,,,,,,,,,,,,,,,,,RAMSEY
1992-05-01,,4.2,,19.0,,,,,,,,270669,,,,,,,,,,,,,,,,,,,,,,,,,,,,,,,,,,,,,,,,,,,,,,,RAMSEY
1992-06-01,,4.9,,16.0,,,,,,,,273720,,,,,,,,,,,,,,,,,,,,,,,,,,,,,,,,,,,,,,,,,,,,,,,RAMSEY
1992-07-01,,4.5,,12.0,,,,,,,,277782,12458.0,,,,,,,,,,,,,,,,,,,,,,,,,,,,,,,,,,,,,,,,,,,,,,RAMSEY
1992-08-01,,4.5,,15.0,,,,,,,,276874,,,,,,,,,,,,,,,,,,,,,,,,,,,,,,,,,,,,,,,,,,,,,,,RAMSEY
1992-09-01,,4.6,,16.0,,,,,,,,273607,,,,,,,,,,,,,,,,,,,,,,,,,,,,,,,,,,,,,,,,,,,,,,,RAMSEY
1992-10-01,,4.0,,12.0,,,,,,,,274157,12543.0,,,,,,,,,,,,,,,,,,,,,,,,,,,,,,,,,,,,,,,,,,,,,,RAMSEY
1992-11-01,,3.9,,22.0,,,,,,,,274803,,,,,,,,,,,,,,,,,,,,,,,,,,,,,,,,,,,,,,,,,,,,,,,RAMSEY
1992-12-01,,3.8,,17.0,,,,,,,,274115,,,,,,,,,,,,,,,,,,,,,,,,,,,,,,,,,,,,,,,,,,,,,,,RAMSEY
1993-01-01,,4.4,,20.0,52271.0,,35176.0,492.298,11817651.0,24005.0,64.51,266159,12470.0,,,,,,,,13.4,64544.0,,,,16065.0,12230.0,,,,,,33122.0,37220.0,,,,1049.0,,,,51776.0,77311.0,10.7,16.0,,,,26055.0,20.9,20444.0,31666.0,16.4,18.7,19900.0,14.2,23.1,25.4,RAMSEY
1993-02-01,,4.5,,21.0,,,,,,,,268071,,,,,,,,,,,,,,,,,,,,,,,,,,,,,,,,,,,,,,,,,,,,,,,RAMSEY
1993-03-01,,4.4,,22.0,,,,,,,,268845,,,,,,,,,,,,,,,,,,,,,,,,,,,,,,,,,,,,,,,,,,,,,,,RAMSEY
1993-04-01,,4.1,,38.0,,,,,,,,269853,12431.0,,,,,,,,,,,,,,,,,,,,,,,,,,,,,,,,,,,,,,,,,,,,,,RAMSEY
1993-05-01,,4.2,,20.0,,,,,,,,270978,,,,,,,,,,,,,,,,,,,,,,,,,,,,,,,,,,,,,,,,,,,,,,,RAMSEY
1993-06-01,,4.8,,19.0,,,,,,,,274183,,,,,,,,,,,,,,,,,,,,,,,,,,,,,,,,,,,,,,,,,,,,,,,RAMSEY
1993-07-01,,4.1,,19.0,,,,,,,,276954,12426.0,,,,,,,,,,,,,,,,,,,,,,,,,,,,,,,,,,,,,,,,,,,,,,RAMSEY
1993-08-01,,3.9,,33.0,,,,,,,,276396,,,,,,,,,,,,,,,,,,,,,,,,,,,,,,,,,,,,,,,,,,,,,,,RAMSEY
1993-09-01,,4.1,,22.0,,,,,,,,271748,,,,,,,,,,,,,,,,,,,,,,,,,,,,,,,,,,,,,,,,,,,,,,,RAMSEY
1993-10-01,,3.7,,26.0,,,,,,,,274840,12776.0,,,,,,,,,,,,,,,,,,,,,,,,,,,,,,,,,,,,,,,,,,,,,,RAMSEY
1993-11-01,,3.3,,19.0,,,,,,,,275026,,,,,,,,,,,,,,,,,,,,,,,,,,,,,,,,,,,,,,,,,,,,,,,RAMSEY
1993-12-01,,3.2,,29.0,,,,,,,,274310,,,,,,,,,,,,,,,,,,,,,,,,,,,,,,,,,,,,,,,,,,,,,,,RAMSEY
1994-01-01,,4.1,,17.0,,,,493.61400000000003,12408116.0,25137.0,66.2,268983,12939.0,,,,,,,,,,,,,,,,,,,,,,,,,836.0,,,,,,,,,,,,,,,,,,,,,RAMSEY
1994-02-01,,3.6,,28.0,,,,,,,,269211,,,,,,,,,,,,,,,,,,,,,,,,,,,,,,,,,,,,,,,,,,,,,,,RAMSEY
1994-03-01,,3.7,,15.0,,,,,,,,270972,,,,,,,,,,,,,,,,,,,,,,,,,,,,,,,,,,,,,,,,,,,,,,,RAMSEY
1994-04-01,,3.3,,25.0,,,,,,,,272406,12930.0,,,,,,,,,,,,,,,,,,,,,,,,,,,,,,,,,,,,,,,,,,,,,,RAMSEY
1994-05-01,,2.9,,34.0,,,,,,,,272151,,,,,,,,,,,,,,,,,,,,,,,,,,,,,,,,,,,,,,,,,,,,,,,RAMSEY
1994-06-01,,3.6,,38.0,,,,,,,,275230,,,,,,,,,,,,,,,,,,,,,,,,,,,,,,,,,,,,,,,,,,,,,,,RAMSEY
1994-07-01,,3.2,,26.0,,,,,,,,278657,12696.0,,,,,,,,,,,,,,,,,,,,,,,,,,,,,,,,,,,,,,,,,,,,,,RAMSEY
1994-08-01,,3.2,,19.0,,,,,,,,276850,,,,,,,,,,,,,,,,,,,,,,,,,,,,,,,,,,,,,,,,,,,,,,,RAMSEY
1994-09-01,,3.4,,37.0,,,,,,,,273157,,,,,,,,,,,,,,,,,,,,,,,,,,,,,,,,,,,,,,,,,,,,,,,RAMSEY
1994-10-01,,3.1,,16.0,,,,,,,,275799,12903.0,,,,,,,,,,,,,,,,,,,,,,,,,,,,,,,,,,,,,,,,,,,,,,RAMSEY
1994-11-01,,2.8,,12.0,,,,,,,,275822,,,,,,,,,,,,,,,,,,,,,,,,,,,,,,,,,,,,,,,,,,,,,,,RAMSEY
1994-12-01,,2.6,,24.0,,,,,,,,276275,,,,,,,,,,,,,,,,,,,,,,,,,,,,,,,,,,,,,,,,,,,,,,,RAMSEY
1995-01-01,,3.3,,22.0,50846.0,,37222.0,495.85699999999997,13082988.0,26385.0,69.46,272273,12938.0,,,,,,,,10.9,52239.0,,,,13403.0,10436.0,,,,,,34525.0,39905.0,,,,668.0,,,,41854.0,62623.0,8.7,13.1,,,,20838.0,16.9,16359.0,25317.0,13.2,15.7,16370.0,12.2,19.1,20.5,RAMSEY
1995-02-01,,3.0,,27.0,,,,,,,,273022,,,,,,,,,,,,,,,,,,,,,,,,,,,,,,,,,,,,,,,,,,,,,,,RAMSEY
1995-03-01,,3.0,,25.0,,,,,,,,273765,,,,,,,,,,,,,,,,,,,,,,,,,,,,,,,,,,,,,,,,,,,,,,,RAMSEY
1995-04-01,,2.9,,24.0,,,,,,,,274304,13046.0,,,,,,,,,,,,,,,,,,,,,,,,,,,,,,,,,,,,,,,,,,,,,,RAMSEY
1995-05-01,,2.7,,27.0,,,,,,,,275234,,,,,,,,,,,,,,,,,,,,,,,,,,,,,,,,,,,,,,,,,,,,,,,RAMSEY
1995-06-01,,3.2,,12.0,,,,,,,,277705,,,,,,,,,,,,,,,,,,,,,,,,,,,,,,,,,,,,,,,,,,,,,,,RAMSEY
1995-07-01,,3.1,,13.0,,,,,,,,282197,12844.0,,,,,,,,,,,,,,,,,,,,,,,,,,,,,,,,,,,,,,,,,,,,,,RAMSEY
1995-08-01,,2.8,,30.0,,,,,,,,280616,,,,,,,,,,,,,,,,,,,,,,,,,,,,,,,,,,,,,,,,,,,,,,,RAMSEY
1995-09-01,,3.2,,33.0,,,,,,,,277840,,,,,,,,,,,,,,,,,,,,,,,,,,,,,,,,,,,,,,,,,,,,,,,RAMSEY
1995-10-01,,2.8,,18.0,,,,,,,,280355,13386.0,,,,,,,,,,,,,,,,,,,,,,,,,,,,,,,,,,,,,,,,,,,,,,RAMSEY
1995-11-01,,2.7,,28.0,,,,,,,,280552,,,,,,,,,,,,,,,,,,,,,,,,,,,,,,,,,,,,,,,,,,,,,,,RAMSEY
1995-12-01,,2.7,,24.0,,,,,,,,279382,,,,,,,,,,,,,,,,,,,,,,,,,,,,,,,,,,,,,,,,,,,,,,,RAMSEY
1996-01-01,,3.5,,17.0,,,,498.32599999999996,13837267.0,27767.0,72.37,273306,13470.0,,,,,,,,,,,,,,,,,,,,,,,,,844.0,,,,,,,,,,,,,,,,,,,,,RAMSEY
1996-02-01,,3.1,,11.0,,,,,,,,273148,,,,,,,,,,,,,,,,,,,,,,,,,,,,,,,,,,,,,,,,,,,,,,,RAMSEY
1996-03-01,,3.3,,24.0,,,,,,,,274578,,,,,,,,,,,,,,,,,,,,,,,,,,,,,,,,,,,,,,,,,,,,,,,RAMSEY
1996-04-01,,3.1,,48.0,,,,,,,,275471,13519.0,,,,,,,,,,,,,,,,,,,,,,,,,,,,,,,,,,,,,,,,,,,,,,RAMSEY
1996-05-01,,3.1,,15.0,,,,,,,,276492,,,,,,,,,,,,,,,,,,,,,,,,,,,,,,,,,,,,,,,,,,,,,,,RAMSEY
1996-06-01,,3.6,,33.0,,,,,,,,280260,,,,,,,,,,,,,,,,,,,,,,,,,,,,,,,,,,,,,,,,,,,,,,,RAMSEY
1996-07-01,,3.6,,20.0,,,,,,,,284096,13593.0,,,,,,,,,,,,,,,,,,,,,,,,,,,,,,,,,,,,,,,,,,,,,,RAMSEY
1996-08-01,,3.2,,30.0,,,,,,,,281486,,,,,,,,,,,,,,,,,,,,,,,,,,,,,,,,,,,,,,,,,,,,,,,RAMSEY
1996-09-01,,3.4,,26.0,,,,,,,,278984,,,,,,,,,,,,,,,,,,,,,,,,,,,,,,,,,,,,,,,,,,,,,,,RAMSEY
1996-10-01,,3.1,,21.0,,,,,,,,281225,13680.0,,,,,,,,,,,,,,,,,,,,,,,,,,,,,,,,,,,,,,,,,,,,,,RAMSEY
1996-11-01,,2.7,,20.0,,,,,,,,281416,,,,,,,,,,,,,,,,,,,,,,,,,,,,,,,,,,,,,,,,,,,,,,,RAMSEY
1996-12-01,,2.5,,25.0,,,,,,,,280009,,,,,,,,,,,,,,,,,,,,,,,,,,,,,,,,,,,,,,,,,,,,,,,RAMSEY
1997-01-01,,3.1,,22.0,43612.0,,42284.0,502.514,14297292.0,28452.0,76.46,274680,13786.0,,,,,,,,11.5,55092.0,,,,14206.0,10151.0,,,,,,39463.0,45091.0,,,,648.0,,,,42870.0,67315.0,8.9,14.0,,,,23613.0,19.2,17717.0,29509.0,14.4,16.9,18261.0,12.1,21.8,24.1,RAMSEY
1997-02-01,,2.8,,18.0,,,,,,,,274809,,,,,,,,,,,,,,,,,,,,,,,,,,,,,,,,,,,,,,,,,,,,,,,RAMSEY
1997-03-01,,2.9,,20.0,,,,,,,,277080,,,,,,,,,,,,,,,,,,,,,,,,,,,,,,,,,,,,,,,,,,,,,,,RAMSEY
1997-04-01,,2.6,,28.0,,,,,,,,277364,13908.0,,,,,,,,,,,,,,,,,,,,,,,,,,,,,,,,,,,,,,,,,,,,,,RAMSEY
1997-05-01,,2.5,,5.0,,,,,,,,278374,,,,,,,,,,,,,,,,,,,,,,,,,,,,,,,,,,,,,,,,,,,,,,,RAMSEY
1997-06-01,,3.2,,14.0,,,,,,,,281909,,,,,,,,,,,,,,,,,,,,,,,,,,,,,,,,,,,,,,,,,,,,,,,RAMSEY
1997-07-01,,2.7,,12.0,,,,,,,,285034,14253.0,,,,,,,,,,,,,,,,,,,,,,,,,,,,,,,,,,,,,,,,,,,,,,RAMSEY
1997-08-01,,2.7,,13.0,,,,,,,,283311,,,,,,,,,,,,,,,,,,,,,,,,,,,,,,,,,,,,,,,,,,,,,,,RAMSEY
1997-09-01,,2.9,,19.0,,,,,,,,281360,,,,,,,,,,,,,,,,,,,,,,,,,,,,,,,,,,,,,,,,,,,,,,,RAMSEY
1997-10-01,,2.4,,27.0,,,,,,,,281742,14154.0,,,,,,,,,,,,,,,,,,,,,,,,,,,,,,,,,,,,,,,,,,,,,,RAMSEY
1997-11-01,,2.1,,14.0,,,,,,,,282379,,,,,,,,,,,,,,,,,,,,,,,,,,,,,,,,,,,,,,,,,,,,,,,RAMSEY
1997-12-01,,2.0,,28.0,,,,,,,,280725,,,,,,,,,,,,,,,,,,,,,,,,,,,,,,,,,,,,,,,,,,,,,,,RAMSEY
1998-01-01,,2.6,,22.0,39344.0,,44100.0,506.075,15319435.0,30271.0,80.52,276551,14103.0,,,,,,,,11.4,54962.0,,,,13450.0,8982.0,122510.0,481218.0,85199.0,,,41291.0,46893.0,,,,644.0,,,,42872.0,67052.0,8.9,13.9,,,,22532.0,18.4,16350.0,28713.0,13.3,15.8,17918.0,10.5,21.0,23.4,RAMSEY
1998-02-01,,2.4,,32.0,,,,,,,,276516,,,,,,,,,,,,,,,,,,,,,,,,,,,,,,,,,,,,,,,,,,,,,,,RAMSEY
1998-03-01,,2.5,,39.0,,,,,,,,279064,,,,,,,,,,,,,,,,,,,,,,,,,,,,,,,,,,,,,,,,,,,,,,,RAMSEY
1998-04-01,,2.0,,52.0,,,,,,,,279493,14061.0,,,,,,,,,,,,,,,,,,,,,,,,,,,,,,,,,,,,,,,,,,,,,,RAMSEY
1998-05-01,,2.0,,17.0,,,,,,,,280118,,,,,,,,,,,,,,,,,,,,,,,,,,,,,,,,,,,,,,,,,,,,,,,RAMSEY
1998-06-01,,2.5,,30.0,,,,,,,,282660,,,,,,,,,,,,,,,,,,,,,,,,,,,,,,,,,,,,,,,,,,,,,,,RAMSEY
1998-07-01,,2.1,,28.0,,,,,,,,284469,14043.0,,,,,,,,,,,,,,,,,,,,,,,,,,,,,,,,,,,,,,,,,,,,,,RAMSEY
1998-08-01,,2.0,,16.0,,,,,,,,284313,,,,,,,,,,,,,,,,,,,,,,,,,,,,,,,,,,,,,,,,,,,,,,,RAMSEY
1998-09-01,,2.5,,25.0,,,,,,,,282458,,,,,,,,,,,,,,,,,,,,,,,,,,,,,,,,,,,,,,,,,,,,,,,RAMSEY
1998-10-01,,1.9,,29.0,,,,,,,,284475,13914.0,,,,,,,,,,,,,,,,,,,,,,,,,,,,,,,,,,,,,,,,,,,,,,RAMSEY
1998-11-01,,1.8,,23.0,,,,,,,,285714,,,,,,,,,,,,,,,,,,,,,,,,,,,,,,,,,,,,,,,,,,,,,,,RAMSEY
1998-12-01,,1.7,,33.0,,,,,,,,283997,,,,,,,,,,,,,,,,,,,,,,,,,,,,,,,,,,,,,,,,,,,,,,,RAMSEY
1999-01-01,,2.2,,19.0,37624.0,,44577.0,509.175,15741472.0,30916.0,87.49,277190,13879.0,,,29.291957561431474,,318.6,,,9.6,48200.0,,,,12858.0,8167.0,129669.0,500844.0,93175.0,,,41949.0,47369.0,,,,556.0,,,351.9,36690.0,59711.0,7.3,11.9,,,,17191.0,13.3,11761.0,22621.0,9.1,13.8,17549.0,8.8,18.8,17.4,RAMSEY
1999-02-01,,2.1,,25.0,,,,,,,,277524,,,,,,,,,,,,,,,,,,,,,,,,,,,,,,,,,,,,,,,,,,,,,,,RAMSEY
1999-03-01,,2.1,,22.0,,,,,,,,279350,,,,,,,,,,,,,,,,,,,,,,,,,,,,,,,,,,,,,,,,,,,,,,,RAMSEY
1999-04-01,,2.0,,32.0,,,,,,,,280799,13912.0,,,29.224985781464575,,,,,,,,,,,,,,,,,,,,,,,,,,,,,,,,,,,,,,,,,,,RAMSEY
1999-05-01,,2.1,,13.0,,,,,,,,281874,,,,,,,,,,,,,,,,,,,,,,,,,,,,,,,,,,,,,,,,,,,,,,,RAMSEY
1999-06-01,,2.9,,10.0,,,,,,,,284577,,,,,,,,,,,,,,,,,,,,,,,,,,,,,,,,,,,,,,,,,,,,,,,RAMSEY
1999-07-01,,2.8,,19.0,,,,,,,,290602,13994.0,,,28.048595292331058,,,,,,,,,,,,,,,,,,,,,,,,,,,,,,,,,,,,,,,,,,,RAMSEY
1999-08-01,,2.5,,15.0,,,,,,,,288760,,,,,,,,,,,,,,,,,,,,,,,,,,,,,,,,,,,,,,,,,,,,,,,RAMSEY
1999-09-01,,2.6,,18.0,,,,,,,,286066,,,,,,,,,,,,,,,,,,,,,,,,,,,,,,,,,,,,,,,,,,,,,,,RAMSEY
1999-10-01,,2.1,,38.0,,,,,,,,287161,14054.0,,,28.64157584014532,,,,,,,,,,,,,,,,,,,,,,,,,,,,,,,,,,,,,,,,,,,RAMSEY
1999-11-01,,2.2,,34.0,,,,,,,,287785,,,,,,,,,,,,,,,,,,,,,,,,,,,,,,,,,,,,,,,,,,,,,,,RAMSEY
1999-12-01,,2.1,,28.0,,,,,,,,285524,,,,,,,,,,,,,,,,,,,,,,,,,,,,,,,,,,,,,,,,,,,,,,,RAMSEY
2000-01-01,,3.0,,19.0,36311.0,,47003.0,511.68,16970702.0,33177.0,100.0,281867,14027.0,,,28.932505131541877,,324.6,,,8.8,43907.0,,,,10151.0,6997.0,128295.0,501328.0,90895.0,,,43950.0,50268.0,,,,612.0,,,359.4,34400.0,53414.0,6.9,10.7,,,,16537.0,12.9,12347.0,20727.0,9.6,11.2,13305.0,7.7,14.6,16.2,RAMSEY
2000-02-01,,2.8,,15.0,,,,,,,,281358,,,,,,,,,,,,,,,,,,,,,,,,,,,,,,,,,,,,,,,,,,,,,,,RAMSEY
2000-03-01,,3.0,,18.0,,,,,,,,283377,,,,,,,,,,,,,,,,,,,,,,,,,,,,,,,,,,,,,,,,,,,,,,,RAMSEY
2000-04-01,,2.6,,33.0,,,,,,,,284691,14212.0,,,29.46536494653649,,,,,,,,,,,,,,,,,,,,,,,,,,,,,,,,,,,,,,,,,,,RAMSEY
2000-05-01,,2.8,,23.0,,,,,,,,285409,,,,,,,,,,,,,,,,,,,,,,,,,,,,,,,,,,,,,,,,,,,,,,,RAMSEY
2000-06-01,,3.1,,9.0,,,,,,,,288763,,,,,,,,,,,,,,,,,,,,,,,,,,,,,,,,,,,,,,,,,,,,,,,RAMSEY
2000-07-01,,2.9,,18.0,,,,,,,,289861,14243.0,,,28.38278721291604,,,,,,,,,,,,,,,,,,,,,,,,,,,,,,,,,,,,,,,,,,,RAMSEY
2000-08-01,,2.9,,22.0,,,,,,,,289346,,,,,,,,,,,,,,,,,,,,,,,,,,,,,,,,,,,,,,,,,,,,,,,RAMSEY
2000-09-01,,3.3,,21.0,,,,,,,,288195,,,,,,,,,,,,,,,,,,,,,,,,,,,,,,,,,,,,,,,,,,,,,,,RAMSEY
2000-10-01,,2.9,,32.0,,,,,,,,288794,14415.0,,,26.319695825412122,,,,,,,,,,,,,,,,,,,,,,,,,,,,,,,,,,,,,,,,,,,RAMSEY
2000-11-01,,2.7,,21.0,,,,,,,,289656,,,,,,,,,,,,,,,,,,,,,,,,,,,,,,,,,,,,,,,,,,,,,,,RAMSEY
2000-12-01,,2.5,,28.0,,,,,,,,288578,,,,,,,,,,,,,,,,,,,,,,,,,,,,,,,,,,,,,,,,,,,,,,,RAMSEY
2001-01-01,,3.2,,16.0,38298.0,,46343.0,513.052,17772098.0,34648.0,109.98,283534,14259.0,,,26.940216370030328,,320.0,,,9.2,45586.0,,,,10649.0,7108.0,126842.0,497742.0,90845.0,,,43540.0,49327.0,,,,659.0,,,356.6,35656.0,55517.0,7.2,11.2,,,,16276.0,12.8,11796.0,20757.0,9.3,11.7,14190.0,7.8,15.6,16.4,RAMSEY
2001-02-01,,3.1,,20.0,,,,,,,,283803,,,,,,,,,,,,,,,,,,,,,,,,,,,,,,,,,,,,,,,,,,,,,,,RAMSEY
2001-03-01,,3.3,,15.0,,,,,,,,285092,,,,,,,,,,,,,,,,,,,,,,,,,,,,,,,,,,,,,,,,,,,,,,,RAMSEY
2001-04-01,,3.3,,37.0,,,,,,,,284529,14333.0,,,26.605467863957195,,,,,,,,,,,,,,,,,,,,,,,,,,,,,,,,,,,,,,,,,,,RAMSEY
2001-05-01,,3.1,,27.0,,,,,,,,283294,,,,,,,,,,,,,,,,,,,,,,,,,,,,,,,,,,,,,,,,,,,,,,,RAMSEY
2001-06-01,,3.9,,23.0,,,,,,,,286800,,,,,,,,,,,,,,,,,,,,,,,,,,,,,,,,,,,,,,,,,,,,,,,RAMSEY
2001-07-01,,3.6,,26.0,,,,,,,,288550,14363.0,,,26.389774546897364,,,,,,,,,,,,,,,,,,,,,,,,,,,,,,,,,,,,,,,,,,,RAMSEY
2001-08-01,,3.6,,55.0,,,,,,,,285274,,,,,,,,,,,,,,,,,,,,,,,,,,,,,,,,,,,,,,,,,,,,,,,RAMSEY
2001-09-01,,3.6,,33.0,,,,,,,,284453,,,,,,,,,,,,,,,,,,,,,,,,,,,,,,,,,,,,,,,,,,,,,,,RAMSEY
2001-10-01,,3.6,,28.0,,,,,,,,285968,14328.0,,,26.25805670711411,,,,,,,,,,,,,,,,,,,,,,,,,,,,,,,,,,,,,,,,,,,RAMSEY
2001-11-01,,3.7,,11.0,,,,,,,,287466,,,,,,,,,,,,,,,,,,,,,,,,,,,,,,,,,,,,,,,,,,,,,,,RAMSEY
2001-12-01,,3.8,,31.0,,,,,,,,285701,,,,,,,,,,,,,,,,,,,,,,,,,,,,,,,,,,,,,,,,,,,,,,,RAMSEY
2002-01-01,,4.7,,38.0,41046.0,,46327.0,510.69800000000004,17964631.0,35185.0,119.84,279850,14109.0,,,26.48174562228764,,303.8,,,9.9,49261.0,,,,11536.0,7944.0,126266.0,495272.0,90297.0,,,43507.0,49330.0,,,,647.0,,,334.8,38074.0,60448.0,7.7,12.2,,,,16961.0,13.4,12388.0,21533.0,9.8,12.8,15128.0,8.8,16.8,17.1,RAMSEY
2002-02-01,,4.5,,27.0,,,,,,,,280271,,,,,,,,,,,,,,,,,,,,,,,,,,,,,,,,,,,,,,,,,,,,,,,RAMSEY
2002-03-01,,4.8,,40.0,,,,,,,,280562,,,,,,,,,,,,,,,,,,,,,,,,,,,,,,,,,,,,,,,,,,,,,,,RAMSEY
2002-04-01,,4.5,,43.0,,,,,,,,281065,14211.0,,,25.91659453443799,,,,,,,,,,,,,,,,,,,,,,,,,,,,,,,,,,,,,,,,,,,RAMSEY
2002-05-01,,4.1,,53.0,,,,,,,,281354,,,,,,,,,,,,,,,,,,,,,,,,,,,,,,,,,,,,,,,,,,,,,,,RAMSEY
2002-06-01,,4.9,,18.0,,,,,,,,284568,,,,,,,,,,,,,,,,,,,,,,,,,,,,,,,,,,,,,,,,,,,,,,,RAMSEY
2002-07-01,,4.6,,40.0,,,,,,,,286319,14200.0,,,25.819223836447954,,,,,,,,,,,,,,,,,,,,,,,,,,,,,,,,,,,,,,,,,,,RAMSEY
2002-08-01,,4.3,,45.0,,,,,,,,284545,,,,,,,,,,,,,,,,,,,,,,,,,,,,,,,,,,,,,,,,,,,,,,,RAMSEY
2002-09-01,,4.2,,48.0,,,,,,,,281758,,,,,,,,,,,,,,,,,,,,,,,,,,,,,,,,,,,,,,,,,,,,,,,RAMSEY
2002-10-01,,3.9,,23.0,,,,,,,,281520,14167.0,,,25.86898600434876,,,,,,,,,,,,,,,,,,,,,,,,,,,,,,,,,,,,,,,,,,,RAMSEY
2002-11-01,,4.0,,20.0,,,,,,,,282690,,,,,,,,,,,,,,,,,,,,,,,,,,,,,,,,,,,,,,,,,,,,,,,RAMSEY
2002-12-01,,4.0,,20.0,,,,,,,,280740,,,,,,,,,,,,,,,,,,,,,,,,,,,,,,,,,,,,,,,,,,,,,,,RAMSEY
2003-01-01,,4.9,,36.0,41901.0,,46684.0,505.99300000000005,18326924.0,36222.0,126.28,275505,14113.0,,,25.69841121203608,,291.3,,,10.7,52162.0,,,,11077.0,7753.0,123942.0,488104.0,87494.0,,,44079.0,49443.0,,,,604.0,,,316.7,40535.0,63789.0,8.3,13.1,,,,17986.0,14.5,13294.0,22678.0,10.7,12.7,14401.0,8.9,16.5,18.3,RAMSEY
2003-02-01,,4.6,,55.0,,,,,,,,275893,,,,,,,,,,,,,,,,,,,,,,,,,,,,,,,,,,,,,,,,,,,,,,,RAMSEY
2003-03-01,,4.8,,21.0,,,,,,,,276270,,,,,,,,,,,,,,,,,,,,,,,,,,,,,,,,,,,,,,,,,,,,,,,RAMSEY
2003-04-01,,4.5,,54.0,,,,,,,,277516,14147.0,,,24.98633986417922,,,,,,,,,,,,,,,,,,,,,,,,,,,,,,,,,,,,,,,,,,,RAMSEY
2003-05-01,,4.6,,24.0,,,,,,,,278254,,,,,,,,,,,,,,,,,,,,,,,,,,,,,,,,,,,,,,,,,,,,,,,RAMSEY
2003-06-01,,5.4,,30.0,,,,,,,,282129,,,,,,,,,,,,,,,,,,,,,,,,,,,,,,,,,,,,,,,,,,,,,,,RAMSEY
2003-07-01,,5.2,,30.0,,,,,,,,284491,14158.0,,,25.223813439667342,,,,,,,,,,,,,,,,,,,,,,,,,,,,,,,,,,,,,,,,,,,RAMSEY
2003-08-01,,5.0,,50.0,,,,,,,,282985,,,,,,,,,,,,,,,,,,,,,,,,,,,,,,,,,,,,,,,,,,,,,,,RAMSEY
2003-09-01,,5.1,,63.0,,,,,,,,281377,,,,,,,,,,,,,,,,,,,,,,,,,,,,,,,,,,,,,,,,,,,,,,,RAMSEY
2003-10-01,,4.7,,37.0,,,,,,,,280965,14044.0,,,25.59653937392437,,,,,,,,,,,,,,,,,,,,,,,,,,,,,,,,,,,,,,,,,,,RAMSEY
2003-11-01,,4.7,,27.0,,,,,,,,281059,,,,,,,,,,,,,,,,,,,,,,,,,,,,,,,,,,,,,,,,,,,,,,,RAMSEY
2003-12-01,,4.5,,20.0,,,,,,,,278938,,,,,,,,,,,,,,,,,,,,,,,,,,,,,,,,,,,,,,,,,,,,,,,RAMSEY
2004-01-01,,5.3,,55.0,44229.0,,47607.0,500.94699999999995,19217776.0,38351.0,138.67,272365,13578.0,,,25.436718483353506,,306.3,,,11.0,53220.0,,,266.0,11941.0,8037.0,121231.0,483410.0,84684.0,,,44970.0,50398.0,,,,775.0,,,329.1,40909.0,65530.0,8.5,13.6,,,,18436.0,15.2,13375.0,23496.0,11.0,14.1,15845.0,9.5,18.7,19.4,RAMSEY
2004-02-01,,4.8,,43.0,,,,,,,,271922,,,,,,,,,,,,,,,,,,,,,,,,,,,,,,,,,,,,,,,,,,,,,,,RAMSEY
2004-03-01,,5.2,,43.0,,,,,,,,273689,,,,,,,,,,,,,,,,,,,,,,,,,,,,,,,,,,,,,,,,,,,,,,,RAMSEY
2004-04-01,,4.5,,48.0,,,,,,,,274335,13833.0,,,25.163270123534502,,,,,,,,,,,,,,,,,,,,,,,,,,,,,,,,,,,,,,,,,,,RAMSEY
2004-05-01,,4.5,,37.0,,,,,,,,274844,,,,,,,,,,,,,,,,,,,,,,,,,,,,,,,,,,,,,,,,,,,,,,,RAMSEY
2004-06-01,,5.2,,58.0,,,,,,,,277511,,,,,,,,,,,,,,,,,,,,,,,,,,,,,,,,,,,,,,,,,,,,,,,RAMSEY
2004-07-01,,4.9,,21.0,,,,,,,,279439,13971.0,,,24.16152741404072,,,,,,,,,,,,,,,,,,,,,,,,,,,,,,,,,,,,,,,,,,,RAMSEY
2004-08-01,,4.7,,62.0,,,,,,,,278218,,,,,,,,,,,,,,,,,,,,,,,,,,,,,,,,,,,,,,,,,,,,,,,RAMSEY
2004-09-01,,4.7,,62.0,,,,,,,,276513,,,,,,,,,,,,,,,,,,,,,,,,,,,,,,,,,,,,,,,,,,,,,,,RAMSEY
2004-10-01,,4.2,,42.0,,,,,,,,277471,14049.0,,,24.38968293083621,,,,,,,,,,,,,,,,,,,,,,,,,,,,,,,,,,,,,,,,,,,RAMSEY
2004-11-01,,4.0,,32.0,,,,,,,,277052,,,,,,,,,,,,,,,,,,,,,,,,,,,,,,,,,,,,,,,,,,,,,,,RAMSEY
2004-12-01,,3.9,,14.0,,,,,,,,275344,,,,,,,,,,,,,,,,,,,,,,,,,,,,,,,,,,,,,,,,,,,,,,,RAMSEY
2005-01-01,,4.4,,64.0,47903.0,,49873.0,497.226,19403934.0,38998.0,149.72,268054,13755.0,,,23.932873639611202,,307.9,,,13.1,62320.0,,,241.0,14022.0,11658.0,119037.0,474786.0,83598.0,,,48223.0,51524.0,,,,654.0,,,321.7,55489.0,69151.0,11.7,14.6,,,,21894.0,18.4,18661.0,25127.0,15.7,16.8,16386.0,13.9,19.6,21.1,RAMSEY
2005-02-01,,4.2,,44.0,,,,,,,,267781,,,,,,,,,,,,,,,,,,,,,,,,,,,,,,,,,,,,,,,,,,,,,,,RAMSEY
2005-03-01,,4.3,,44.0,,,,,,,,268882,,,,,,,,,,,,,,,,,,,,,,,,,,,,,,,,,,,,,,,,,,,,,,,RAMSEY
2005-04-01,,3.9,,34.0,,,,,,,,271271,14215.0,,,23.50951232583065,,,,,,,,,,,,,,,,,,,,,,,,,,,,,,,,,,,,,,,,,,,RAMSEY
2005-05-01,,3.7,,55.0,,,,,,,,270849,,,,,,,,,,,,,,,,,,,,,,,,,,,,,,,,,,,,,,,,,,,,,,,RAMSEY
2005-06-01,,4.2,,54.0,,,,,,,,271955,,,,,,,,,,,,,,,,,,,,,,,,,,,,,,,,,,,,,,,,,,,,,,,RAMSEY
2005-07-01,,3.8,,47.0,,,,,,,,273905,14576.0,,,23.316896614700074,,,,,,,,,,,,,,,,,,,,,,,,,,,,,,,,,,,,,,,,,,,RAMSEY
2005-08-01,,3.6,,53.0,,,,,,,,272443,,,,,,,,,,,,,,,,,,,,,,,,,,,,,,,,,,,,,,,,,,,,,,,RAMSEY
2005-09-01,,3.9,,27.0,,,,,,,,271753,,,,,,,,,,,,,,,,,,,,,,,,,,,,,,,,,,,,,,,,,,,,,,,RAMSEY
2005-10-01,,3.6,,42.0,,,,,,,,273515,14829.0,,,23.912101103738042,,,,,,,,,,,,,,,,,,,,,,,,,,,,,,,,,,,,,,,,,,,RAMSEY
2005-11-01,,3.7,,50.0,,,,,,,,273872,,,,,,,,,,,,,,,,,,,,,,,,,,,,,,,,,,,,,,,,,,,,,,,RAMSEY
2005-12-01,,3.6,,32.0,,,,,,,,271988,,,,,,,,,,,,,,,,,,,,,,,,,,,,,,,,,,,,,,,,,,,,,,,RAMSEY
2006-01-01,,4.3,,21.0,49448.0,,50813.0,496.73,20065185.0,40360.0,153.34,266715,14652.0,,,23.709732112580532,,298.1,,,14.3,68280.0,,,1227.0,15138.0,12661.0,122023.0,477055.0,86188.0,,,49742.0,51885.0,,,,422.0,,,304.8,61711.0,74848.0,12.9,15.7,,,,22808.0,18.7,19410.0,26206.0,15.9,17.6,17615.0,14.7,20.4,21.5,RAMSEY
2006-02-01,,4.3,,23.0,,,,,,,,266411,,,,,,,,,,,,,,,,,,,,,,,,,,,,,,,,,,,,,,,,,,,,,,,RAMSEY
2006-03-01,,4.2,,73.0,,,,,,,,266629,,,,,,,,,,,,,,,,,,,,,,,,,,,,,,,,,,,,,,,,,,,,,,,RAMSEY
2006-04-01,,3.7,,60.0,,,,,,,,267227,14580.0,,,23.199973283462466,,,,,,,,,,,,,,,,,,,,,,,,,,,,,,,,,,,,,,,,,,,RAMSEY
2006-05-01,,3.4,,52.0,,,,,,,,267313,,,,,,,,,,,,,,,,,,,,,,,,,,,,,,,,,,,,,,,,,,,,,,,RAMSEY
2006-06-01,,4.0,,42.0,,,,,,,,270105,,,,,,,,,,,,,,,,,,,,,,,,,,,,,,,,,,,,,,,,,,,,,,,RAMSEY
2006-07-01,,3.9,,103.0,,,,,,,,272111,14400.0,,,22.936871148413104,,,,,,,,,,,,,,,,,,,,,,,,,,,,,,,,,,,,,,,,,,,RAMSEY
2006-08-01,,3.7,,70.0,,,,,,,,269946,,,,,,,,,,,,,,,,,,,,,,,,,,,,,,,,,,,,,,,,,,,,,,,RAMSEY
2006-09-01,,4.0,,32.0,,,,,,,,268543,,,,,,,,,,,,,,,,,,,,,,,,,,,,,,,,,,,,,,,,,,,,,,,RAMSEY
2006-10-01,,3.6,,49.0,,,,,,,,269286,14578.0,,,23.263553765766964,,,,,,,,,,,,,,,,,,,,,,,,,,,,,,,,,,,,,,,,,,,RAMSEY
2006-11-01,,3.7,,41.0,,,,,,,,270437,,,,,,,,,,,,,,,,,,,,,,,,,,,,,,,,,,,,,,,,,,,,,,,RAMSEY
2006-12-01,,3.7,,51.0,,,,,,,,269262,,,,,,,,,,,,,,,,,,,,,,,,,,,,,,,,,,,,,,,,,,,,,,,RAMSEY
2007-01-01,,4.5,,78.0,51045.0,,51803.0,499.467,20964717.0,41963.0,150.97,269370,13918.0,,,23.361522198731503,,298.1,,,13.5,65257.0,,,1234.0,15339.0,12843.0,119398.0,483164.0,84824.0,,,50508.0,53098.0,,,,246.0,,,301.9,59443.0,71072.0,12.3,14.7,,,,23031.0,19.3,19744.0,26317.0,16.5,18.1,17835.0,15.1,21.0,22.0,RAMSEY
2007-02-01,,4.2,,43.0,,,,,,,,268481,,,,,,,,,,,,,,,,,,,,,,,,,,,,,,,,,,,,,,,,,,,,,,,RAMSEY
2007-03-01,,4.4,,43.0,,,,,,,,269049,,,,,,,,,,,,,,,,,,,,,,,,,,,,,,,,,,,,,,,,,,,,,,,RAMSEY
2007-04-01,,4.1,,66.0,,,,,,,,270051,14077.0,,,23.42340809311507,,,,,,,,,,,,,,,,,,,,,,,,,,,,,,,,,,,,,,,,,,,RAMSEY
2007-05-01,,4.1,,51.0,,,,,,,,270564,,,,,,,,,,,,,,,,,,,,,,,,,,,,,,,,,,,,,,,,,,,,,,,RAMSEY
2007-06-01,,4.8,,41.0,,,,,,,,273493,,,,,,,,,,,,,,,,,,,,,,,,,,,,,,,,,,,,,,,,,,,,,,,RAMSEY
2007-07-01,,4.7,,55.0,,,,,,,,275327,14198.0,,,23.65437889834973,,,,,,,,,,,,,,,,,,,,,,,,,,,,,,,,,,,,,,,,,,,RAMSEY
2007-08-01,,4.5,,49.0,,,,,,,,273310,,,,,,,,,,,,,,,,,,,,,,,,,,,,,,,,,,,,,,,,,,,,,,,RAMSEY
2007-09-01,,4.8,,26.0,,,,,,,,272417,,,,,,,,,,,,,,,,,,,,,,,,,,,,,,,,,,,,,,,,,,,,,,,RAMSEY
2007-10-01,,4.2,,35.0,,,,,,,,272007,14373.0,,,24.034503373473395,,,,,,,,,,,,,,,,,,,,,,,,,,,,,,,,,,,,,,,,,,,RAMSEY
2007-11-01,,4.1,,17.0,,,,,,,,272370,,,,,,,,,,,,,,,,,,,,,,,,,,,,,,,,,,,,,,,,,,,,,,,RAMSEY
2007-12-01,,4.3,,16.0,,,,,,,,271178,,,,,,,,,,,,,,,,,,,,,,,,,,,,,,,,,,,,,,,,,,,,,,,RAMSEY
2008-01-01,,4.7,,22.0,55067.0,,52762.0,502.977,21504708.0,42762.0,141.8,268149,13793.0,,,24.615467162684215,,302.2,,,13.5,65375.0,,,,14960.0,12608.0,119956.0,484909.0,84095.0,,,51080.0,54445.0,,,,209.0,,,301.6,59159.0,71592.0,12.2,14.8,45.539999961853,,,22453.0,18.7,19290.0,25616.0,16.1,17.8,17312.0,15.0,20.6,21.4,RAMSEY
2008-02-01,,4.5,,30.0,,,,,,,,267875,,,,,,,,,,,,,,,,,,,,,,,,,,,,,,,,,,,,,,,,,,,,,,,RAMSEY
2008-03-01,,4.8,,42.0,,,,,,,,268885,,,,,,,,,,,,,,,,,,,,,,,,,,,,,,,,,,,,,,,,,,,,,,,RAMSEY
2008-04-01,,4.4,,53.0,,,,,,,,269391,13892.0,,,24.680511182108628,,,,,,,,,,,,,,,,,,,,,,,,,,,,,,,,,,,,,,,,,,,RAMSEY
2008-05-01,,4.9,,43.0,,,,,,,,270564,,,,,,,,,,,,,,,,,,,,,,,,,,,,,,,,,,,,,,,,,,,,,,,RAMSEY
2008-06-01,,5.5,,39.0,,,,,,,,273061,,,,,,,,,,,,,,,,,,,,,,,,,,,,,,,,,,,,,,,,,,,,,,,RAMSEY
2008-07-01,,5.6,,62.0,,,,,,,,276338,14043.0,,,24.88487519934061,,,,,,,,,,,,,,,,,,,,,,,,,,,,,,,,,,,,,,,,,,,RAMSEY
2008-08-01,,5.6,,45.0,,,,,,,,275309,,,,,,,,,,,,,,,,,,,,,,,,,,,,,,,,,,,,,,,,,,,,,,,RAMSEY
2008-09-01,,5.7,,54.0,,,,,,,,273429,,,,,,,,,,,,,,,,,,,,,,,,,,,,,,,,,,,,,,,,,,,,,,,RAMSEY
2008-10-01,,5.5,,73.0,,,,,,,,273500,14101.0,,,25.185501521379386,,,,,,,,,,,,,,,,,,,,,,,,,,,,,,,,,,,,,,,,,,,RAMSEY
2008-11-01,,5.6,,49.0,,,,,,,,273441,,,,,,,,,,,,,,,,,,,,,,,,,,,,,,,,,,,,,,,,,,,,,,,RAMSEY
2008-12-01,,6.1,,63.0,,,,,,,,272177,,,,,,,,,,,,,,,,,,,,,,,,,,,,,,,,,,,,,,,,,,,,,,,RAMSEY
2009-01-01,34.6586923616495,6.9,2676.0,69.0,64772.0,35.1,48008.0,506.87199999999996,20345701.0,40162.0,131.63,268263,13318.0,,,24.945531807623748,,309.4,21.801846078559585,5.9020524553201374,16.4,80441.0,68.49790183178668,47.65672135974216,,18513.0,16566.0,114638.0,489178.0,78851.0,361375.0,2787.0,46569.0,49447.0,,24.2,,86.0,47975.0,31745.0,304.8,74951.0,85932.0,15.3,17.6,45.219999909400904,46.0,44276.0,29265.0,25.5,26675.0,31855.0,23.3,23.5,20460.0,21.0,25.9,27.8,RAMSEY
2009-02-01,,7.5,,53.0,,,,,,,,269394,,,,,,,,,,,,,,,,,,,,,,,,,,,,,,,,,,,,,,,,,,,,,,,RAMSEY
2009-03-01,,7.8,,65.0,,,,,,,,269565,,,,,,,,,,,,,,,,,,,,,,,,,,,,,,,,,,,,,,,,,,,,,,,RAMSEY
2009-04-01,,7.4,,100.0,,,,,,,,269905,13461.0,,,24.793610911701364,,,,,,,,,,,,,,,,,,,,,,,,,,,,,,,,,,,,,,,,,,,RAMSEY
2009-05-01,,7.6,,55.0,,,,,,,,271137,,,,,,,,,,,,,,,,,,,,,,,,,,,,,,,,,,,,,,,,,,,,,,,RAMSEY
2009-06-01,,8.3,,55.0,,,,,,,,272975,,,,,,,,,,,,,,,,,,,,,,,,,,,,,,,,,,,,,,,,,,,,,,,RAMSEY
2009-07-01,,8.0,,131.0,,,,,,,,274849,13428.0,,,24.828588133160892,,,,,,,,,,,,,,,,,,,,,,,,,,,,,,,,,,,,,,,,,,,RAMSEY
2009-08-01,,8.0,,56.0,,,,,,,,272515,,,,,,,,,,,,,,,,,,,,,,,,,,,,,,,,,,,,,,,,,,,,,,,RAMSEY
2009-09-01,,7.9,,40.0,,,,,,,,270364,,,,,,,,,,,,,,,,,,,,,,,,,,,,,,,,,,,,,,,,,,,,,,,RAMSEY
2009-10-01,,7.4,,55.0,,,,,,,,270304,13505.0,,,25.671305808157506,,,,,,,,,,,,,,,,,,,,,,,,,,,,,,,,,,,,,,,,,,,RAMSEY
2009-11-01,,7.3,,50.0,,,,,,,,270259,,,,,,,,,,,,,,,,,,,,,,,,,,,,,,,,,,,,,,,,,,,,,,,RAMSEY
2009-12-01,,7.2,,49.0,,,,,,,,267712,,,,,,,,,,,,,,,,,,,,,,,,,,,,,,,,,,,,,,,,,,,,,,,RAMSEY
2010-01-01,36.38317858304129,7.9,5161.0,54.0,76459.0,34.7,50224.0,509.35400000000004,20983246.0,41185.0,123.84,267048,12943.0,38.9,14.38589487691284,25.279956721666213,37.68141257261494,292.6,21.986648931956253,6.262322786592808,17.2,84698.0,65.82519006661832,46.67862427861945,201.0,19313.0,17327.0,116737.0,493841.0,81753.0,344291.0,2891.0,48960.0,51488.0,,18.01,89.9,100.0,55630.0,34742.0,286.5,79319.0,90077.0,16.1,18.3,43.719999909400904,46.0,51652.0,29067.0,24.9,26315.0,31819.0,22.5,23.6,21299.0,21.2,26.0,27.3,RAMSEY
2010-02-01,,7.8,,53.0,,,,,,,,264969,,,,,,,,,,,,,,,,,,,,,,,,,,,,,,,,,,,,,,,,,,,,,,,RAMSEY
2010-03-01,,8.0,,66.0,,,,,,,,266470,,,,,,,,,,,,,,,,,,,,,,,,,,,,,,,,,,,,,,,,,,,,,,,RAMSEY
2010-04-01,,7.3,,87.0,,,,,,,,267391,12924.0,,,25.12753032788363,,,,,,,,,,,,,,,,,,,,,,,,,,,,,,,,,,,,,,,,,,,RAMSEY
2010-05-01,,7.2,,76.0,,,,,,,,268153,,,,,,,,,,,,,,,,,,,,,,,,,,,,,,,,,,,,,,,,,,,,,,,RAMSEY
2010-06-01,,7.6,,57.0,,,,,,,,272299,,,,,,,,,,,,,,,,,,,,,,,,,,,,,,,,,,,,,,,,,,,,,,,RAMSEY
2010-07-01,,7.7,,48.0,,,,,,,,274211,12975.0,,,25.14142499104905,,,,,,,,,,,,,,,,,,,,,,,,,,,,,,,,,,,,,,,,,,,RAMSEY
2010-08-01,,7.7,,72.0,,,,,,,,274005,,,,,,,,,,,,,,,,,,,,,,,,,,,,,,,,,,,,,,,,,,,,,,,RAMSEY
2010-09-01,,7.4,,54.0,,,,,,,,272824,,,,,,,,,,,,,,,,,,,,,,,,,,,,,,,,,,,,,,,,,,,,,,,RAMSEY
2010-10-01,,7.0,,75.0,,,,,,,,272086,12981.0,,,25.631807126995877,,,,,,,,,,,,,,,,,,,,,,,,,,,,,,,,,,,,,,,,,,,RAMSEY
2010-11-01,,7.0,,57.0,,,,,,,,271615,,,,,,,,,,,,,,,,,,,,,,,,,,,,,,,,,,,,,,,,,,,,,,,RAMSEY
2010-12-01,,6.8,,54.0,,,,,,,,269678,,,,,,,,,,,,,,,,,,,,,,,,,,,,,,,,,,,,,,,,,,,,,,,RAMSEY
2011-01-01,35.473776442608575,7.3,2027.0,65.0,83953.0,34.6,51719.0,515.873,22158305.0,42946.0,115.01,268878,12674.0,38.8,14.76201563279561,25.134710174372387,37.52981421820771,304.8,22.314311764681282,6.471961143001324,17.7,88308.0,64.58836066979433,47.15498598194476,146.0,18871.0,16631.0,117918.0,499100.0,82203.0,343197.0,2875.0,50167.0,53271.0,,18.02,89.7,124.0,57229.0,35673.0,291.2,82473.0,94143.0,16.5,18.9,43.9499999997206,46.2,52593.0,30158.0,25.6,27350.0,32966.0,23.2,23.0,21111.0,20.3,25.7,28.0,RAMSEY
2011-02-01,,7.1,,55.0,,,,,,,,268317,,,,,,,,,,,,,,,,,,,,,,,,,,,,,,,,,,,,,,,,,,,,,,,RAMSEY
2011-03-01,,7.0,,80.0,,,,,,,,269066,,,,,,,,,,,,,,,,,,,,,,,,,,,,,,,,,,,,,,,,,,,,,,,RAMSEY
2011-04-01,,6.5,,84.0,,,,,,,,270314,12865.0,,,24.716345220659598,,,,,,,,,,,,,,,,,,,,,,,,,,,,,,,,,,,,,,,,,,,RAMSEY
2011-05-01,,6.6,,83.0,,,,,,,,270894,,,,,,,,,,,,,,,,,,,,,,,,,,,,,,,,,,,,,,,,,,,,,,,RAMSEY
2011-06-01,,7.1,,72.0,,,,,,,,273783,,,,,,,,,,,,,,,,,,,,,,,,,,,,,,,,,,,,,,,,,,,,,,,RAMSEY
2011-07-01,,8.2,,112.0,,,,,,,,278203,12893.0,,,24.994281088880683,,,,,,,,,,,,,,,,,,,,,,,,,,,,,,,,,,,,,,,,,,,RAMSEY
2011-08-01,,6.7,,95.0,,,,,,,,274650,,,,,,,,,,,,,,,,,,,,,,,,,,,,,,,,,,,,,,,,,,,,,,,RAMSEY
2011-09-01,,6.3,,96.0,,,,,,,,274780,,,,,,,,,,,,,,,,,,,,,,,,,,,,,,,,,,,,,,,,,,,,,,,RAMSEY
2011-10-01,,5.8,,68.0,,,,,,,,274442,12970.0,,,25.70664226125524,,,,,,,,,,,,,,,,,,,,,,,,,,,,,,,,,,,,,,,,,,,RAMSEY
2011-11-01,,5.4,,113.0,,,,,,,,273510,,,,,,,,,,,,,,,,,,,,,,,,,,,,,,,,,,,,,,,,,,,,,,,RAMSEY
2011-12-01,,5.6,,91.0,,,,,,,,271887,,,,,,,,,,,,,,,,,,,,,,,,,,,,,,,,,,,,,,,,,,,,,,,RAMSEY
2012-01-01,36.30054477786368,6.2,1794.0,81.0,87256.0,34.6,53707.0,521.356,23195589.0,44509.0,112.4,269967,12909.0,39.2,14.612177909075987,24.99472091222637,36.89565658474484,307.4,22.366131793882108,5.953823585687863,16.9,85195.0,63.23259545212675,46.30936952165598,35.0,18888.0,16819.0,119754.0,504592.0,83394.0,342069.0,2632.0,51627.0,55787.0,16.8,18.46,89.9,247.0,60002.0,36471.0,290.4,80140.0,90250.0,15.9,17.9,38.7579999999143,46.5,54016.0,28770.0,24.0,26141.0,31399.0,21.8,22.6,20957.0,20.1,25.1,26.2,RAMSEY
2012-02-01,,6.2,,63.0,,,,,,,,270874,,,,,,,,,,,,,,,,,,,,,,,,,,,,,,,,,,,,,,,,,,,,,,,RAMSEY
2012-03-01,,6.2,,69.0,,,,,,,,270816,,,,,,,,,,,,,,,,,,,,,,,,,,,,,,,,,,,,,,,,,,,,,,,RAMSEY
2012-04-01,,5.5,,74.0,,,,,,,,270473,13012.0,,,24.507140979584683,,,,,,,,,,,,,,,,,,,,,,,,,,,,,,,,,,,,,,,,,,,RAMSEY
2012-05-01,,5.6,,72.0,,,,,,,,271076,,,,,,,,,,,,,,,,,,,,,,,,,,,,,,,,,,,,,,,,,,,,,,,RAMSEY
2012-06-01,,6.2,,80.0,,,,,,,,273894,,,,,,,,,,,,,,,,,,,,,,,,,,,,,,,,,,,,,,,,,,,,,,,RAMSEY
2012-07-01,,6.2,,55.0,,,,,,,,274717,13079.0,,,24.759477871964222,,,,,,,,,,,,,,,,,,,,,,,,,,,,,,,,,,,,,,,,,,,RAMSEY
2012-08-01,,6.0,,71.0,,,,,,,,274374,,,,,,,,,,,,,,,,,,,,,,,,,,,,,,,,,,,,,,,,,,,,,,,RAMSEY
2012-09-01,,5.4,,88.0,,,,,,,,274376,,,,,,,,,,,,,,,,,,,,,,,,,,,,,,,,,,,,,,,,,,,,,,,RAMSEY
2012-10-01,,5.3,,66.0,,,,,,,,276060,13092.0,,,25.3489014785132,,,,,,,,,,,,,,,,,,,,,,,,,,,,,,,,,,,,,,,,,,,RAMSEY
2012-11-01,,5.0,,62.0,,,,,,,,275203,,,,,,,,,,,,,,,,,,,,,,,,,,,,,,,,,,,,,,,,,,,,,,,RAMSEY
2012-12-01,,5.2,,104.0,,,,,,,,273503,,,,,,,,,,,,,,,,,,,,,,,,,,,,,,,,,,,,,,,,,,,,,,,RAMSEY
2013-01-01,35.927190802295854,6.0,889.0,99.0,87757.0,34.6,56293.0,527.77,23619393.0,44786.0,117.33,273784,12634.0,39.4,14.556499020248205,24.389997813913602,35.955457631155845,310.0,22.64232479488946,6.07803819729792,16.2,82805.0,62.739192168815855,46.39235025231583,32.0,18057.0,15852.0,120705.0,510914.0,84129.0,341287.0,2678.0,54356.0,58230.0,16.9,19.15,89.9,184.0,62901.0,37150.0,288.4,77293.0,88317.0,15.1,17.3,35.4799999999814,47.0,55365.0,27140.0,22.5,24154.0,30126.0,20.0,21.5,20262.0,18.9,24.1,25.0,RAMSEY
2013-02-01,,5.5,,104.0,,,,,,,,273358,,,,,,,,,,,,,,,,,,,,,,,,,,,,,,,,,,,,,,,,,,,,,,,RAMSEY
2013-03-01,,5.3,,126.0,,,,,,,,273039,,,,,,,,,,,,,,,,,,,,,,,,,,,,,,,,,,,,,,,,,,,,,,,RAMSEY
2013-04-01,,4.8,,92.0,,,,,,,,273927,12686.0,,,23.784260244811072,,,,,,,,,,,,,,,,,,,,,,,,,,,,,,,,,,,,,,,,,,,RAMSEY
2013-05-01,,4.8,,116.0,,,,,,,,274727,,,,,,,,,,,,,,,,,,,,,,,,,,,,,,,,,,,,,,,,,,,,,,,RAMSEY
2013-06-01,,5.4,,85.0,,,,,,,,276974,,,,,,,,,,,,,,,,,,,,,,,,,,,,,,,,,,,,,,,,,,,,,,,RAMSEY
2013-07-01,,5.2,,82.0,,,,,,,,277985,12760.0,,,23.794690153539637,,,,,,,,,,,,,,,,,,,,,,,,,,,,,,,,,,,,,,,,,,,RAMSEY
2013-08-01,,5.0,,111.0,,,,,,,,276277,,,,,,,,,,,,,,,,,,,,,,,,,,,,,,,,,,,,,,,,,,,,,,,RAMSEY
2013-09-01,,4.5,,83.0,,,,,,,,275801,,,,,,,,,,,,,,,,,,,,,,,,,,,,,,,,,,,,,,,,,,,,,,,RAMSEY
2013-10-01,,4.3,,89.0,,,,,,,,275788,12513.0,,,23.771043771043768,,,,,,,,,,,,,,,,,,,,,,,,,,,,,,,,,,,,,,,,,,,RAMSEY
2013-11-01,,4.0,,32.0,,,,,,,,275966,,,,,,,,,,,,,,,,,,,,,,,,,,,,,,,,,,,,,,,,,,,,,,,RAMSEY
2013-12-01,,4.3,,81.0,,,,,,,,275022,,,,,,,,,,,,,,,,,,,,,,,,,,,,,,,,,,,,,,,,,,,,,,,RAMSEY
2014-01-01,36.37024558914798,4.9,-180.0,61.0,81984.0,34.6,55070.0,533.367,24969481.0,46900.0,125.16,274899,12518.0,39.8,14.878230576035,23.038710282125784,35.30703707001454,323.6,23.06053227005252,5.098540391471043,16.5,85264.0,61.9737993340961,44.803499476585245,29.0,19869.0,17487.0,122646.0,516956.0,85075.0,340704.0,2742.0,53404.0,56736.0,16.8,18.48,89.9,246.0,66309.0,37850.0,296.7,79025.0,91503.0,15.3,17.7,32.730999999679604,47.7,56314.0,29535.0,24.1,26252.0,32818.0,21.4,23.4,22251.0,20.6,26.2,26.8,RAMSEY
2014-02-01,,4.9,,95.0,,,,,,,,275432,,,,,,,,,,,,,,,,,,,,,,,,,,,,,,,,,,,,,,,,,,,,,,,RAMSEY
2014-03-01,,4.8,,86.0,,,,,,,,275852,,,,,,,,,,,,,,,,,,,,,,,,,,,,,,,,,,,,,,,,,,,,,,,RAMSEY
2014-04-01,,4.0,,118.0,,,,,,,,276079,12576.0,,,22.60629589784368,,,,,,,,,,,,,,,,,,,,,,,,,,,,,,,,,,,,,,,,,,,RAMSEY
2014-05-01,,3.8,,78.0,,,,,,,,277416,,,,,,,,,,,,,,,,,,,,,,,,,,,,,,,,,,,,,,,,,,,,,,,RAMSEY
2014-06-01,,4.3,,99.0,,,,,,,,279846,,,,,,,,,,,,,,,,,,,,,,,,,,,,,,,,,,,,,,,,,,,,,,,RAMSEY
2014-07-01,,4.2,,93.0,,,,,,,,281261,12642.0,,,22.34264981705255,,,,,,,,,,,,,,,,,,,,,,,,,,,,,,,,,,,,,,,,,,,RAMSEY
2014-08-01,,4.0,,108.0,,,,,,,,279028,,,,,,,,,,,,,,,,,,,,,,,,,,,,,,,,,,,,,,,,,,,,,,,RAMSEY
2014-09-01,,3.6,,101.0,,,,,,,,277569,,,,,,,,,,,,,,,,,,,,,,,,,,,,,,,,,,,,,,,,,,,,,,,RAMSEY
2014-10-01,,3.2,,59.0,,,,,,,,277214,12679.0,,,22.86280501641378,,,,,,,,,,,,,,,,,,,,,,,,,,,,,,,,,,,,,,,,,,,RAMSEY
2014-11-01,,3.1,,84.0,,,,,,,,277459,,,,,,,,,,,,,,,,,,,,,,,,,,,,,,,,,,,,,,,,,,,,,,,RAMSEY
2014-12-01,,3.4,,89.0,,,,,,,,276483,,,,,,,,,,,,,,,,,,,,,,,,,,,,,,,,,,,,,,,,,,,,,,,RAMSEY
2015-01-01,35.568235853542554,4.1,1326.0,107.0,79372.0,34.6,57299.0,537.5419999999999,26132198.0,48748.0,128.62,275878,12324.0,40.4,14.683759339362958,22.3892584903087,34.13605757153342,321.4,23.36604031981955,5.031034482758621,15.1,78920.0,61.5676586363121,44.91251728673522,790.0,19000.0,16787.0,123853.0,522636.0,85588.0,340799.0,2731.0,55362.0,59236.0,16.5,19.12,90.0,288.0,69680.0,38505.0,289.8,72889.0,84951.0,13.9,16.3,33.166999999899396,48.5,57303.0,27912.0,22.5,24934.0,30890.0,20.1,22.2,21213.0,19.6,24.8,24.9,RAMSEY
2015-02-01,,3.9,,96.0,,,,,,,,277079,,,,,,,,,,,,,,,,,,,,,,,,,,,,,,,,,,,,,,,,,,,,,,,RAMSEY
2015-03-01,,3.9,,151.0,,,,,,,,276363,,,,,,,,,,,,,,,,,,,,,,,,,,,,,,,,,,,,,,,,,,,,,,,RAMSEY
2015-04-01,,3.4,,127.0,,,,,,,,278453,12308.0,,,21.865206100946182,,,,,,,,,,,,,,,,,,,,,,,,,,,,,,,,,,,,,,,,,,,RAMSEY
2015-05-01,,3.5,,85.0,,,,,,,,281358,,,,,,,,,,,,,,,,,,,,,,,,,,,,,,,,,,,,,,,,,,,,,,,RAMSEY
2015-06-01,,3.8,,89.0,,,,,,,,281742,,,,,,,,,,,,,,,,,,,,,,,,,,,,,,,,,,,,,,,,,,,,,,,RAMSEY
2015-07-01,,3.7,,99.0,,,,,,,,284244,12044.0,,,22.045590881823635,,,,,,,,,,,,,,,,,,,,,,,,,,,,,,,,,,,,,,,,,,,RAMSEY
2015-08-01,,3.5,,89.0,,,,,,,,282404,,,,,,,,,,,,,,,,,,,,,,,,,,,,,,,,,,,,,,,,,,,,,,,RAMSEY
2015-09-01,,3.2,,84.0,,,,,,,,279888,,,,,,,,,,,,,,,,,,,,,,,,,,,,,,,,,,,,,,,,,,,,,,,RAMSEY
2015-10-01,,3.1,,116.0,,,,,,,,278882,12095.0,,,22.28865114327669,,,,,,,,,,,,,,,,,,,,,,,,,,,,,,,,,,,,,,,,,,,RAMSEY
2015-11-01,,2.9,,95.0,,,,,,,,279342,,,,,,,,,,,,,,,,,,,,,,,,,,,,,,,,,,,,,,,,,,,,,,,RAMSEY
2015-12-01,,3.2,,77.0,,,,,,,,279484,,,,,,,,,,,,,,,,,,,,,,,,,,,,,,,,,,,,,,,,,,,,,,,RAMSEY
2016-01-01,35.295040256526434,3.8,,104.0,,34.6,60287.0,542.812,26916100.0,49785.0,135.89,277968,12002.0,41.0,14.557811320754714,21.635748383588133,32.825022807757584,336.2,23.5955395654853,4.8997619129774685,13.9,73203.0,61.528962947742244,45.19957566785942,1159.0,18085.0,15816.0,124399.0,524991.0,86423.0,339924.0,2578.0,58722.0,61852.0,15.9,31.39,90.3,298.0,71917.0,38985.0,297.1,67291.0,79115.0,12.8,15.0,,49.1,58160.0,25082.0,20.2,22109.0,28055.0,17.8,20.9,20354.0,18.3,23.5,22.6,RAMSEY
2016-02-01,,3.8,,95.0,,,,,,,,280696,,,,,,,,,,,,,,,,,,,,,,,,,,,,,,,,,,,,,,,,,,,,,,,RAMSEY
2016-03-01,,3.8,,95.0,,,,,,,,280322,,,,,,,,,,,,,,,,,,,,,,,,,,,,,,,,,,,,,,,,,,,,,,,RAMSEY
2016-04-01,,3.4,,94.0,,,,,,,,281538,12101.0,,,21.164986543812436,,,,,,,,,,,,,,,,,,,,,,,,,,,,,,,,,,,,,,,,,,,RAMSEY
2016-05-01,,3.1,,83.0,,,,,,,,282743,,,,,,,,,,,,,,,,,,,,,,,,,,,,,,,,,,,,,,,,,,,,,,,RAMSEY
2016-06-01,,4.0,,127.0,,,,,,,,285452,,,,,,,,,,,,,,,,,,,,,,,,,,,,,,,,,,,,,,,,,,,,,,,RAMSEY
2016-07-01,,3.8,,94.0,,,,,,,,288503,12210.0,,,20.760947168015228,,,,,,,,,,,,,,,,,,,,,,,,,,,,,,,,,,,,,,,,,,,RAMSEY
2016-08-01,,3.9,,82.0,,,,,,,,287287,,,,,,,,,,,,,,,,,,,,,,,,,,,,,,,,,,,,,,,,,,,,,,,RAMSEY
2016-09-01,,3.6,,85.0,,,,,,,,285836,,,,,,,,,,,,,,,,,,,,,,,,,,,,,,,,,,,,,,,,,,,,,,,RAMSEY
2016-10-01,,3.4,,73.0,,,,,,,,284068,12327.0,,,21.08191653786708,,,,,,,,,,,,,,,,,,,,,,,,,,,,,,,,,,,,,,,,,,,RAMSEY
2016-11-01,,3.1,,69.0,,,,,,,,283505,,,,,,,,,,,,,,,,,,,,,,,,,,,,,,,,,,,,,,,,,,,,,,,RAMSEY
2016-12-01,,3.5,,62.0,,,,,,,,283619,,,,,,,,,,,,,,,,,,,,,,,,,,,,,,,,,,,,,,,,,,,,,,,RAMSEY
2017-01-01,,3.9,,42.0,,,,547.974,,,145.08,282893,12376.0,,,20.54725632302913,,,,,,,,,1337.0,,,,,,,,,,,,,647.0,,,,,,,,,,,,,,,,,,,,,RAMSEY
2017-02-01,,3.8,,68.0,,,,,,,,284709,,,,,,,,,,,,,,,,,,,,,,,,,,,,,,,,,,,,,,,,,,,,,,,RAMSEY
2017-03-01,,3.5,,81.0,,,,,,,,284807,,,,,,,,,,,,,,,,,,,,,,,,,,,,,,,,,,,,,,,,,,,,,,,RAMSEY
2017-04-01,,3.1,,61.0,,,,,,,,285581,12629.0,,,20.16025688235554,,,,,,,,,,,,,,,,,,,,,,,,,,,,,,,,,,,,,,,,,,,RAMSEY
2017-05-01,,3.1,,89.0,,,,,,,,286841,,,,,,,,,,,,,,,,,,,,,,,,,,,,,,,,,,,,,,,,,,,,,,,RAMSEY
2017-06-01,,3.5,,84.0,,,,,,,,289579,,,,,,,,,,,,,,,,,,,,,,,,,,,,,,,,,,,,,,,,,,,,,,,RAMSEY
2017-07-01,,3.4,,31.0,,,,,,,,292669,12803.0,,,20.29576221306651,,,,,,,,,,,,,,,,,,,,,,,,,,,,,,,,,,,,,,,,,,,RAMSEY
2017-08-01,,3.4,,63.0,,,,,,,,291824,,,,,,,,,,,,,,,,,,,,,,,,,,,,,,,,,,,,,,,,,,,,,,,RAMSEY
2017-09-01,,2.9,,39.0,,,,,,,,290544,,,,,,,,,,,,,,,,,,,,,,,,,,,,,,,,,,,,,,,,,,,,,,,RAMSEY
2017-10-01,,2.4,,21.0,,,,,,,,287116,12982.0,,,20.64105210391295,,,,,,,,,,,,,,,,,,,,,,,,,,,,,,,,,,,,,,,,,,,RAMSEY
2017-11-01,,2.6,,8.0,,,,,,,,287206,,,,,,,,,,,,,,,,,,,,,,,,,,,,,,,,,,,,,,,,,,,,,,,RAMSEY
2017-12-01,,2.9,,22.0,,,,,,,,285890,,,,,,,,,,,,,,,,,,,,,,,,,,,,,,,,,,,,,,,,,,,,,,,RAMSEY
2018-01-01,,3.2,,9.0,,,,,,,,288677,13062.0,,,19.79015431590607,,,,,,,,,,,,,,,,,,,,,,,,,,,,,,,,,,,,,,,,,,,RAMSEY
2018-02-01,,3.2,,,,,,,,,,290674,,,,,,,,,,,,,,,,,,,,,,,,,,,,,,,,,,,,,,,,,,,,,,,RAMSEY
2018-03-01,,3.1,,,,,,,,,,289954,,,,,,,,,,,,,,,,,,,,,,,,,,,,,,,,,,,,,,,,,,,,,,,RAMSEY
2018-04-01,,2.7,,,,,,,,,,290069,,,,19.35127220570438,,,,,,,,,,,,,,,,,,,,,,,,,,,,,,,,,,,,,,,,,,,RAMSEY
2018-05-01,,2.4,,,,,,,,,,291109,,,,,,,,,,,,,,,,,,,,,,,,,,,,,,,,,,,,,,,,,,,,,,,RAMSEY
2018-06-01,,3.0,,,,,,,,,,294466,,,,,,,,,,,,,,,,,,,,,,,,,,,,,,,,,,,,,,,,,,,,,,,RAMSEY
2018-07-01,,2.8,,,,,,,,,,295772,,,,,,,,,,,,,,,,,,,,,,,,,,,,,,,,,,,,,,,,,,,,,,,RAMSEY
2018-08-01,,2.6,,,,,,,,,,292535,,,,,,,,,,,,,,,,,,,,,,,,,,,,,,,,,,,,,,,,,,,,,,,RAMSEY
