DATE,MNREDW7POP,B01002001E027127,MNREDW7URN,MNREDW7LFN,PUAAMN27127A647NCEN,PCPI27127,PI27127,MHIMN27127A052NCEN,2020RATIO027127,PUA0T17MN27127A647NCEN,NETMIGNACS027127,HOWNRATEACS027127,FBITC027127,RACEDISPARITY027127,B03002003E027127,CBR27127MNA647NCEN,B14005DCYACS027127,DP04ACS027127,CDC20N2U027127,USPTOISSUED027127,B080ACS027127,CDC20N2UAA027127,ATNHPIUS27127A,EQFXSUBPRIME027127,HC01ESTVC1727127,S1701ACS027127,HC01ESTVC1627127,ENU2712720510,BPPRIV027127,MHICILBMN27127A052NCEN,MHICIUBMN27127A052NCEN,PUA5T17RMN27127A647NCEN,B03002012E027127,S1101SPHOUSE027127,PEAAMN27127A647NCEN,PPAAMN27127A156NCEN,PECILBAAMN27127A647NCEN,PECIUBAAMN27127A647NCEN,PPCILBAAMN27127A156NCEN,DMPCRATE027127,PPCIUBAAMN27127A156NCEN,S1501ACSTOTAL027127,B03002006E027127,B03002005E027127,PE5T17MN27127A647NCEN,PP5T17MN27127A156NCEN,PECILB5T17MN27127A647NCEN,PECIUB5T17MN27127A647NCEN,PPCILB5T17MN27127A156NCEN,PEU18MN27127A647NCEN,PPU18MN27127A156NCEN,B03002004E027127,PECILBU18MN27127A647NCEN,PECIUBU18MN27127A647NCEN,PPCILBU18MN27127A156NCEN,PPCIUB5T17MN27127A156NCEN,PPCIUBU18MN27127A156NCEN,county
1991-01-01,17.273,,4.3,8636,,16625.0,287156.0,,,,,,,,,,,,,,,,,,,,,467.0,35.0,,,,,,,,,,,,,,,,,,,,,,,,,,,,,REDWOOD
1991-02-01,,,4.1,8632,,,,,,,,,,,,,,,,,,,,,,,,,,,,,,,,,,,,,,,,,,,,,,,,,,,,,,REDWOOD
1991-03-01,,,3.9,8834,,,,,,,,,,,,,,,,,,,,,,,,,,,,,,,,,,,,,,,,,,,,,,,,,,,,,,REDWOOD
1991-04-01,,,3.1,8978,,,,,,,,,,,,,,,,,,,,,,,,479.0,,,,,,,,,,,,,,,,,,,,,,,,,,,,,,REDWOOD
1991-05-01,,,2.4,9261,,,,,,,,,,,,,,,,,,,,,,,,,,,,,,,,,,,,,,,,,,,,,,,,,,,,,,REDWOOD
1991-06-01,,,2.7,9554,,,,,,,,,,,,,,,,,,,,,,,,,,,,,,,,,,,,,,,,,,,,,,,,,,,,,,REDWOOD
1991-07-01,,,2.4,9610,,,,,,,,,,,,,,,,,,,,,,,,483.0,,,,,,,,,,,,,,,,,,,,,,,,,,,,,,REDWOOD
1991-08-01,,,2.3,9705,,,,,,,,,,,,,,,,,,,,,,,,,,,,,,,,,,,,,,,,,,,,,,,,,,,,,,REDWOOD
1991-09-01,,,2.2,9672,,,,,,,,,,,,,,,,,,,,,,,,,,,,,,,,,,,,,,,,,,,,,,,,,,,,,,REDWOOD
1991-10-01,,,1.9,9814,,,,,,,,,,,,,,,,,,,,,,,,488.0,,,,,,,,,,,,,,,,,,,,,,,,,,,,,,REDWOOD
1991-11-01,,,2.2,9664,,,,,,,,,,,,,,,,,,,,,,,,,,,,,,,,,,,,,,,,,,,,,,,,,,,,,,REDWOOD
1991-12-01,,,3.3,9640,,,,,,,,,,,,,,,,,,,,,,,,,,,,,,,,,,,,,,,,,,,,,,,,,,,,,,REDWOOD
1992-01-01,17.319000000000003,,5.2,9283,,17992.0,311604.0,,,,,,,,,,,,,,,,72.69,,,,,472.0,41.0,,,,,,,,,,,,,,,,,,,,,,,,,,,,,REDWOOD
1992-02-01,,,4.4,9316,,,,,,,,,,,,,,,,,,,,,,,,,,,,,,,,,,,,,,,,,,,,,,,,,,,,,,REDWOOD
1992-03-01,,,4.1,9440,,,,,,,,,,,,,,,,,,,,,,,,,,,,,,,,,,,,,,,,,,,,,,,,,,,,,,REDWOOD
1992-04-01,,,3.5,9521,,,,,,,,,,,,,,,,,,,,,,,,483.0,,,,,,,,,,,,,,,,,,,,,,,,,,,,,,REDWOOD
1992-05-01,,,3.1,9691,,,,,,,,,,,,,,,,,,,,,,,,,,,,,,,,,,,,,,,,,,,,,,,,,,,,,,REDWOOD
1992-06-01,,,4.1,10203,,,,,,,,,,,,,,,,,,,,,,,,,,,,,,,,,,,,,,,,,,,,,,,,,,,,,,REDWOOD
1992-07-01,,,3.9,9718,,,,,,,,,,,,,,,,,,,,,,,,492.0,,,,,,,,,,,,,,,,,,,,,,,,,,,,,,REDWOOD
1992-08-01,,,3.5,9687,,,,,,,,,,,,,,,,,,,,,,,,,,,,,,,,,,,,,,,,,,,,,,,,,,,,,,REDWOOD
1992-09-01,,,3.4,9522,,,,,,,,,,,,,,,,,,,,,,,,,,,,,,,,,,,,,,,,,,,,,,,,,,,,,,REDWOOD
1992-10-01,,,2.6,9575,,,,,,,,,,,,,,,,,,,,,,,,494.0,,,,,,,,,,,,,,,,,,,,,,,,,,,,,,REDWOOD
1992-11-01,,,2.9,9520,,,,,,,,,,,,,,,,,,,,,,,,,,,,,,,,,,,,,,,,,,,,,,,,,,,,,,REDWOOD
1992-12-01,,,3.5,9410,,,,,,,,,,,,,,,,,,,,,,,,,,,,,,,,,,,,,,,,,,,,,,,,,,,,,,REDWOOD
1993-01-01,17.414,,5.8,8379,,16108.0,280511.0,29015.0,,,,,,,,775.0,,,,,,,73.26,,,,,495.0,17.0,26707.0,31310.0,,,,1753.0,10.3,1378.0,2128.0,8.1,,12.4,,,,441.0,11.8,329.0,554.0,8.8,648.0,13.1,,499.0,798.0,10.1,14.8,16.1,REDWOOD
1993-02-01,,,6.1,8366,,,,,,,,,,,,,,,,,,,,,,,,,,,,,,,,,,,,,,,,,,,,,,,,,,,,,,REDWOOD
1993-03-01,,,5.4,8542,,,,,,,,,,,,,,,,,,,,,,,,,,,,,,,,,,,,,,,,,,,,,,,,,,,,,,REDWOOD
1993-04-01,,,5.4,8487,,,,,,,,,,,,,,,,,,,,,,,,492.0,,,,,,,,,,,,,,,,,,,,,,,,,,,,,,REDWOOD
1993-05-01,,,4.4,8593,,,,,,,,,,,,,,,,,,,,,,,,,,,,,,,,,,,,,,,,,,,,,,,,,,,,,,REDWOOD
1993-06-01,,,4.6,8723,,,,,,,,,,,,,,,,,,,,,,,,,,,,,,,,,,,,,,,,,,,,,,,,,,,,,,REDWOOD
1993-07-01,,,4.8,8510,,,,,,,,,,,,,,,,1.0,,,,,,,,495.0,,,,,,,,,,,,,,,,,,,,,,,,,,,,,,REDWOOD
1993-08-01,,,4.2,8370,,,,,,,,,,,,,,,,,,,,,,,,,,,,,,,,,,,,,,,,,,,,,,,,,,,,,,REDWOOD
1993-09-01,,,3.7,8368,,,,,,,,,,,,,,,,,,,,,,,,,,,,,,,,,,,,,,,,,,,,,,,,,,,,,,REDWOOD
1993-10-01,,,2.9,8349,,,,,,,,,,,,,,,,,,,,,,,,500.0,,,,,,,,,,,,,,,,,,,,,,,,,,,,,,REDWOOD
1993-11-01,,,2.9,8358,,,,,,,,,,,,,,,,,,,,,,,,,,,,,,,,,,,,,,,,,,,,,,,,,,,,,,REDWOOD
1993-12-01,,,3.7,8423,,,,,,,,,,,,,,,,,,,,,,,,,,,,,,,,,,,,,,,,,,,,,,,,,,,,,,REDWOOD
1994-01-01,17.342,,5.4,9143,,20088.0,348371.0,,,,,,,,,,,,,,,,75.97,,,,,507.0,30.0,,,,,,,,,,,,,,,,,,,,,,,,,,,,,REDWOOD
1994-02-01,,,4.8,9092,,,,,,,,,,,,,,,,,,,,,,,,,,,,,,,,,,,,,,,,,,,,,,,,,,,,,,REDWOOD
1994-03-01,,,4.4,9092,,,,,,,,,,,,,,,,,,,,,,,,,,,,,,,,,,,,,,,,,,,,,,,,,,,,,,REDWOOD
1994-04-01,,,3.4,9018,,,,,,,,,,,,,,,,,,,,,,,,511.0,,,,,,,,,,,,,,,,,,,,,,,,,,,,,,REDWOOD
1994-05-01,,,2.5,9176,,,,,,,,,,,,,,,,,,,,,,,,,,,,,,,,,,,,,,,,,,,,,,,,,,,,,,REDWOOD
1994-06-01,,,2.9,9632,,,,,,,,,,,,,,,,,,,,,,,,,,,,,,,,,,,,,,,,,,,,,,,,,,,,,,REDWOOD
1994-07-01,,,2.7,9111,,,,,,,,,,,,,,,,,,,,,,,,505.0,,,,,,,,,,,,,,,,,,,,,,,,,,,,,,REDWOOD
1994-08-01,,,2.5,9231,,,,,,,,,,,,,,,,,,,,,,,,,,,,,,,,,,,,,,,,,,,,,,,,,,,,,,REDWOOD
1994-09-01,,,2.3,9075,,,,,,,,,,,,,,,,,,,,,,,,,,,,,,,,,,,,,,,,,,,,,,,,,,,,,,REDWOOD
1994-10-01,,,1.9,8950,,,,,,,,,,,,,,,,,,,,,,,,510.0,,,,,,,,,,,,,,,,,,,,,,,,,,,,,,REDWOOD
1994-11-01,,,1.9,8995,,,,,,,,,,,,,,,,,,,,,,,,,,,,,,,,,,,,,,,,,,,,,,,,,,,,,,REDWOOD
1994-12-01,,,3.1,8795,,,,,,,,,,,,,,,,,,,,,,,,,,,,,,,,,,,,,,,,,,,,,,,,,,,,,,REDWOOD
1995-01-01,17.185,,4.1,8652,,19138.0,328879.0,31005.0,,,,,,,,679.0,,,,,,,77.24,,,,,506.0,31.0,27864.0,34130.0,,,,1472.0,8.8,1160.0,1783.0,6.9,,10.6,,,,371.0,10.2,282.0,460.0,7.8,553.0,11.5,,426.0,680.0,8.9,12.7,14.2,REDWOOD
1995-02-01,,,3.8,8686,,,,,,,,,,,,,,,,,,,,,,,,,,,,,,,,,,,,,,,,,,,,,,,,,,,,,,REDWOOD
1995-03-01,,,3.6,8851,,,,,,,,,,,,,,,,,,,,,,,,,,,,,,,,,,,,,,,,,,,,,,,,,,,,,,REDWOOD
1995-04-01,,,3.4,8970,,,,,,,,,,,,,,,,,,,,,,,,510.0,,,,,,,,,,,,,,,,,,,,,,,,,,,,,,REDWOOD
1995-05-01,,,2.6,8959,,,,,,,,,,,,,,,,,,,,,,,,,,,,,,,,,,,,,,,,,,,,,,,,,,,,,,REDWOOD
1995-06-01,,,3.0,9313,,,,,,,,,,,,,,,,,,,,,,,,,,,,,,,,,,,,,,,,,,,,,,,,,,,,,,REDWOOD
1995-07-01,,,2.8,8937,,,,,,,,,,,,,,,,,,,,,,,,496.0,,,,,,,,,,,,,,,,,,,,,,,,,,,,,,REDWOOD
1995-08-01,,,2.5,8771,,,,,,,,,,,,,,,,,,,,,,,,,,,,,,,,,,,,,,,,,,,,,,,,,,,,,,REDWOOD
1995-09-01,,,2.6,8696,,,,,,,,,,,,,,,,,,,,,,,,,,,,,,,,,,,,,,,,,,,,,,,,,,,,,,REDWOOD
1995-10-01,,,2.3,8791,,,,,,,,,,,,,,,,,,,,,,,,513.0,,,,,,,,,,,,,,,,,,,,,,,,,,,,,,REDWOOD
1995-11-01,,,2.5,8836,,,,,,,,,,,,,,,,,,,,,,,,,,,,,,,,,,,,,,,,,,,,,,,,,,,,,,REDWOOD
1995-12-01,,,3.7,8843,,,,,,,,,,,,,,,,,,,,,,,,,,,,,,,,,,,,,,,,,,,,,,,,,,,,,,REDWOOD
1996-01-01,17.195999999999998,,4.8,9010,,22737.0,390992.0,,,,,,,,,,,,,,,,83.33,,,,,507.0,43.0,,,,,,,,,,,,,,,,,,,,,,,,,,,,,REDWOOD
1996-02-01,,,4.6,9064,,,,,,,,,,,,,,,,,,,,,,,,,,,,,,,,,,,,,,,,,,,,,,,,,,,,,,REDWOOD
1996-03-01,,,4.8,9154,,,,,,,,,,,,,,,,,,,,,,,,,,,,,,,,,,,,,,,,,,,,,,,,,,,,,,REDWOOD
1996-04-01,,,4.1,9304,,,,,,,,,,,,,,,,,,,,,,,,509.0,,,,,,,,,,,,,,,,,,,,,,,,,,,,,,REDWOOD
1996-05-01,,,3.0,9346,,,,,,,,,,,,,,,,,,,,,,,,,,,,,,,,,,,,,,,,,,,,,,,,,,,,,,REDWOOD
1996-06-01,,,4.2,9617,,,,,,,,,,,,,,,,,,,,,,,,,,,,,,,,,,,,,,,,,,,,,,,,,,,,,,REDWOOD
1996-07-01,,,4.0,9407,,,,,,,,,,,,,,,,,,,,,,,,512.0,,,,,,,,,,,,,,,,,,,,,,,,,,,,,,REDWOOD
1996-08-01,,,3.9,9295,,,,,,,,,,,,,,,,,,,,,,,,,,,,,,,,,,,,,,,,,,,,,,,,,,,,,,REDWOOD
1996-09-01,,,3.4,9202,,,,,,,,,,,,,,,,,,,,,,,,,,,,,,,,,,,,,,,,,,,,,,,,,,,,,,REDWOOD
1996-10-01,,,3.0,9044,,,,,,,,,,,,,,,,,,,,,,,,519.0,,,,,,,,,,,,,,,,,,,,,,,,,,,,,,REDWOOD
1996-11-01,,,3.0,9061,,,,,,,,,,,,,,,,,,,,,,,,,,,,,,,,,,,,,,,,,,,,,,,,,,,,,,REDWOOD
1996-12-01,,,3.8,8934,,,,,,,,,,,,,,,,,,,,,,,,,,,,,,,,,,,,,,,,,,,,,,,,,,,,,,REDWOOD
1997-01-01,17.032,,5.2,8850,,22152.0,377287.0,34606.0,,,,,,,,498.0,,,,,,,83.44,,,,,530.0,28.0,31469.0,37727.0,,,,1497.0,9.1,1147.0,1846.0,7.0,,11.3,,,,420.0,12.0,295.0,545.0,8.4,583.0,12.4,,430.0,737.0,9.1,15.6,15.7,REDWOOD
1997-02-01,,,4.8,8870,,,,,,,,,,,,,,,,,,,,,,,,,,,,,,,,,,,,,,,,,,,,,,,,,,,,,,REDWOOD
1997-03-01,,,5.0,8851,,,,,,,,,,,,,,,,,,,,,,,,,,,,,,,,,,,,,,,,,,,,,,,,,,,,,,REDWOOD
1997-04-01,,,4.0,8824,,,,,,,,,,,,,,,,,,,,,,,,532.0,,,,,,,,,,,,,,,,,,,,,,,,,,,,,,REDWOOD
1997-05-01,,,2.6,8968,,,,,,,,,,,,,,,,,,,,,,,,,,,,,,,,,,,,,,,,,,,,,,,,,,,,,,REDWOOD
1997-06-01,,,3.2,9219,,,,,,,,,,,,,,,,,,,,,,,,,,,,,,,,,,,,,,,,,,,,,,,,,,,,,,REDWOOD
1997-07-01,,,2.7,9329,,,,,,,,,,,,,,,,,,,,,,,,551.0,,,,,,,,,,,,,,,,,,,,,,,,,,,,,,REDWOOD
1997-08-01,,,2.7,9351,,,,,,,,,,,,,,,,,,,,,,,,,,,,,,,,,,,,,,,,,,,,,,,,,,,,,,REDWOOD
1997-09-01,,,2.3,9199,,,,,,,,,,,,,,,,,,,,,,,,,,,,,,,,,,,,,,,,,,,,,,,,,,,,,,REDWOOD
1997-10-01,,,1.8,9131,,,,,,,,,,,,,,,,,,,,,,,,551.0,,,,,,,,,,,,,,,,,,,,,,,,,,,,,,REDWOOD
1997-11-01,,,2.0,9114,,,,,,,,,,,,,,,,,,,,,,,,,,,,,,,,,,,,,,,,,,,,,,,,,,,,,,REDWOOD
1997-12-01,,,2.5,9242,,,,,,,,,,,,,,,,,,,,,,,,,,,,,,,,,,,,,,,,,,,,,,,,,,,,,,REDWOOD
1998-01-01,16.964000000000002,,4.5,9023,16271.0,23000.0,390171.0,35258.0,,4629.0,,,,,,434.0,,,,,,,89.27,,,,,536.0,24.0,32126.0,38373.0,3515.0,,,1606.0,9.9,1231.0,1982.0,7.6,,12.2,,,,403.0,11.5,264.0,542.0,7.5,606.0,13.1,,429.0,783.0,9.3,15.4,16.9,REDWOOD
1998-02-01,,,4.1,9082,,,,,,,,,,,,,,,,,,,,,,,,,,,,,,,,,,,,,,,,,,,,,,,,,,,,,,REDWOOD
1998-03-01,,,4.2,9135,,,,,,,,,,,,,,,,,,,,,,,,,,,,,,,,,,,,,,,,,,,,,,,,,,,,,,REDWOOD
1998-04-01,,,2.5,9091,,,,,,,,,,,,,,,,,,,,,,,,535.0,,,,,,,,,,,,,,,,,,,,,,,,,,,,,,REDWOOD
1998-05-01,,,2.2,9227,,,,,,,,,,,,,,,,,,,,,,,,,,,,,,,,,,,,,,,,,,,,,,,,,,,,,,REDWOOD
1998-06-01,,,2.9,9469,,,,,,,,,,,,,,,,,,,,,,,,,,,,,,,,,,,,,,,,,,,,,,,,,,,,,,REDWOOD
1998-07-01,,,2.7,9475,,,,,,,,,,,,,,,,,,,,,,,,537.0,,,,,,,,,,,,,,,,,,,,,,,,,,,,,,REDWOOD
1998-08-01,,,2.4,9236,,,,,,,,,,,,,,,,,,,,,,,,,,,,,,,,,,,,,,,,,,,,,,,,,,,,,,REDWOOD
1998-09-01,,,2.1,9025,,,,,,,,,,,,,,,,,,,,,,,,,,,,,,,,,,,,,,,,,,,,,,,,,,,,,,REDWOOD
1998-10-01,,,1.9,9012,,,,,,,,,,,,,,,,,,,,,,,,529.0,,,,,,,,,,,,,,,,,,,,,,,,,,,,,,REDWOOD
1998-11-01,,,2.1,8918,,,,,,,,,,,,,,,,,,,,,,,,,,,,,,,,,,,,,,,,,,,,,,,,,,,,,,REDWOOD
1998-12-01,,,2.4,9099,,,,,,,,,,,,,,,,,,,,,,,,,,,,,,,,,,,,,,,,,,,,,,,,,,,,,,REDWOOD
1999-01-01,16.928,,3.8,8806,16553.0,23786.0,402648.0,36972.0,,4448.0,,,,,,467.0,,,451.0,,,397.4,94.59,22.75058275058275,,,,523.0,22.0,34603.0,39504.0,3364.0,,,1334.0,8.1,999.0,1669.0,6.0,,10.1,,,,321.0,9.5,201.0,441.0,6.0,437.0,9.8,,293.0,581.0,6.6,13.1,13.1,REDWOOD
1999-02-01,,,4.0,8766,,,,,,,,,,,,,,,,,,,,,,,,,,,,,,,,,,,,,,,,,,,,,,,,,,,,,,REDWOOD
1999-03-01,,,3.6,8763,,,,,,,,,,,,,,,,,,,,,,,,,,,,,,,,,,,,,,,,,,,,,,,,,,,,,,REDWOOD
1999-04-01,,,2.8,8918,,,,,,,,,,,,,,,,,,,,22.085259373394965,,,,528.0,,,,,,,,,,,,,,,,,,,,,,,,,,,,,,REDWOOD
1999-05-01,,,2.3,9011,,,,,,,,,,,,,,,,,,,,,,,,,,,,,,,,,,,,,,,,,,,,,,,,,,,,,,REDWOOD
1999-06-01,,,3.0,9330,,,,,,,,,,,,,,,,,,,,,,,,,,,,,,,,,,,,,,,,,,,,,,,,,,,,,,REDWOOD
1999-07-01,,,3.0,9395,,,,,,,,,,,,,,,,,,,,21.164021164021165,,,,533.0,,,,,,,,,,,,,,,,,,,,,,,,,,,,,,REDWOOD
1999-08-01,,,2.5,9228,,,,,,,,,,,,,,,,,,,,,,,,,,,,,,,,,,,,,,,,,,,,,,,,,,,,,,REDWOOD
1999-09-01,,,2.4,8935,,,,,,,,,,,,,,,,,,,,,,,,,,,,,,,,,,,,,,,,,,,,,,,,,,,,,,REDWOOD
1999-10-01,,,1.8,8960,,,,,,,,,,,,,,,,,,,,21.519721577726216,,,,526.0,,,,,,,,,,,,,,,,,,,,,,,,,,,,,,REDWOOD
1999-11-01,,,1.8,8745,,,,,,,,,,,,,,,,,,,,,,,,,,,,,,,,,,,,,,,,,,,,,,,,,,,,,,REDWOOD
1999-12-01,,,2.8,8598,,,,,,,,,,,,,,,,,,,,,,,,,,,,,,,,,,,,,,,,,,,,,,,,,,,,,,REDWOOD
2000-01-01,16.756,,4.5,8679,16233.0,25153.0,421747.0,39182.0,,4178.0,,,,,,456.0,,,480.7,,,417.4,100.0,22.10408505875769,,,,534.0,35.0,36332.0,42256.0,3158.0,,,1217.0,7.5,940.0,1494.0,5.8,,9.2,,,,264.0,8.4,180.0,348.0,5.7,410.0,9.8,,302.0,518.0,7.2,11.0,12.4,REDWOOD
2000-02-01,,,4.2,8820,,,,,,,,,,,,,,,,,,,,,,,,,,,,,,,,,,,,,,,,,,,,,,,,,,,,,,REDWOOD
2000-03-01,,,4.0,8889,,,,,,,,,,,,,,,,,,,,,,,,,,,,,,,,,,,,,,,,,,,,,,,,,,,,,,REDWOOD
2000-04-01,,,2.9,8830,,,,,,,,,,,,,,,,,,,,21.159257175014073,,,,541.0,,,,,,,,,,,,,,,,,,,,,,,,,,,,,,REDWOOD
2000-05-01,,,2.6,8957,,,,,,,,,,,,,,,,,,,,,,,,,,,,,,,,,,,,,,,,,,,,,,,,,,,,,,REDWOOD
2000-06-01,,,2.8,9092,,,,,,,,,,,,,,,,,,,,,,,,,,,,,,,,,,,,,,,,,,,,,,,,,,,,,,REDWOOD
2000-07-01,,,2.5,9201,,,,,,,,,,,,,,,,,,,,21.620046620046626,,,,540.0,,,,,,,,,,,,,,,,,,,,,,,,,,,,,,REDWOOD
2000-08-01,,,2.7,9104,,,,,,,,,,,,,,,,,,,,,,,,,,,,,,,,,,,,,,,,,,,,,,,,,,,,,,REDWOOD
2000-09-01,,,2.7,8941,,,,,,,,,,,,,,,,,,,,,,,,,,,,,,,,,,,,,,,,,,,,,,,,,,,,,,REDWOOD
2000-10-01,,,2.5,8940,,,,,,,,,,,,,,,,,,,,19.13225300575013,,,,543.0,,,,,,,,,,,,,,,,,,,,,,,,,,,,,,REDWOOD
2000-11-01,,,3.5,8809,,,,,,,,,,,,,,,,,,,,,,,,,,,,,,,,,,,,,,,,,,,,,,,,,,,,,,REDWOOD
2000-12-01,,,3.8,8725,,,,,,,,,,,,,,,,,,,,,,,,,,,,,,,,,,,,,,,,,,,,,,,,,,,,,,REDWOOD
2001-01-01,16.590999999999998,,5.2,8771,16049.0,25885.0,431405.0,38243.0,,4023.0,,,,,,490.0,,,418.3,,,350.3,107.49,18.486012068019747,,,,526.0,33.0,35647.0,41028.0,3074.0,,,1288.0,8.0,991.0,1586.0,6.2,,9.9,,,,286.0,9.3,188.0,384.0,6.1,413.0,10.3,,295.0,531.0,7.3,12.5,13.2,REDWOOD
2001-02-01,,,5.0,8669,,,,,,,,,,,,,,,,,,,,,,,,,,,,,,,,,,,,,,,,,,,,,,,,,,,,,,REDWOOD
2001-03-01,,,5.3,8745,,,,,,,,,,,,,,,,,,,,,,,,,,,,,,,,,,,,,,,,,,,,,,,,,,,,,,REDWOOD
2001-04-01,,,4.7,8973,,,,,,,,,,,,,,,,,,,,18.186968838526916,,,,531.0,,,,,,,,,,,,,,,,,,,,,,,,,,,,,,REDWOOD
2001-05-01,,,3.3,9180,,,,,,,,,,,,,,,,,,,,,,,,,,,,,,,,,,,,,,,,,,,,,,,,,,,,,,REDWOOD
2001-06-01,,,3.8,9290,,,,,,,,,,,,,,,,,,,,,,,,,,,,,,,,,,,,,,,,,,,,,,,,,,,,,,REDWOOD
2001-07-01,,,3.8,9244,,,,,,,,,,,,,,,,,,,,18.505123568414707,,,,530.0,,,,,,,,,,,,,,,,,,,,,,,,,,,,,,REDWOOD
2001-08-01,,,3.4,9305,,,,,,,,,,,,,,,,,,,,,,,,,,,,,,,,,,,,,,,,,,,,,,,,,,,,,,REDWOOD
2001-09-01,,,3.2,9059,,,,,,,,,,,,,,,,,,,,,,,,,,,,,,,,,,,,,,,,,,,,,,,,,,,,,,REDWOOD
2001-10-01,,,3.1,9056,,,,,,,,,,,,,,,,,,,,19.695121951219512,,,,531.0,,,,,,,,,,,,,,,,,,,,,,,,,,,,,,REDWOOD
2001-11-01,,,3.4,8772,,,,,,,,,,,,,,,,,,,,,,,,,,,,,,,,,,,,,,,,,,,,,,,,,,,,,,REDWOOD
2001-12-01,,,4.3,8800,,,,,,,,,,,,,,,,,,,,,,,,,,,,,,,,,,,,,,,,,,,,,,,,,,,,,,REDWOOD
2002-01-01,16.352,,5.4,8678,15950.0,26647.0,439325.0,38266.0,,3869.0,,,,,,635.0,,,416.5,,,349.9,110.08,19.366626065773445,,,,526.0,22.0,35664.0,41059.0,2956.0,,,1292.0,8.1,982.0,1601.0,6.2,,10.0,,,,296.0,10.0,199.0,393.0,6.7,401.0,10.4,,287.0,515.0,7.4,13.3,13.3,REDWOOD
2002-02-01,,,5.2,8763,,,,,,,,,,,,,,,,,,,,,,,,,,,,,,,,,,,,,,,,,,,,,,,,,,,,,,REDWOOD
2002-03-01,,,5.4,8904,,,,,,,,,,,,,,,,,,,,,,,,,,,,,,,,,,,,,,,,,,,,,,,,,,,,,,REDWOOD
2002-04-01,,,4.8,8810,,,,,,,,,,,,,,,,,,,,20.73170731707317,,,,523.0,,,,,,,,,,,,,,,,,,,,,,,,,,,,,,REDWOOD
2002-05-01,,,3.5,8765,,,,,,,,,,,,,,,,,,,,,,,,,,,,,,,,,,,,,,,,,,,,,,,,,,,,,,REDWOOD
2002-06-01,,,3.9,9063,,,,,,,,,,,,,,,,,,,,,,,,,,,,,,,,,,,,,,,,,,,,,,,,,,,,,,REDWOOD
2002-07-01,,,3.7,8931,,,,,,,,,,,,,,,,,,,,20.128205128205128,,,,527.0,,,,,,,,,,,,,,,,,,,,,,,,,,,,,,REDWOOD
2002-08-01,,,3.5,8836,,,,,,,,,,,,,,,,,,,,,,,,,,,,,,,,,,,,,,,,,,,,,,,,,,,,,,REDWOOD
2002-09-01,,,3.2,8893,,,,,,,,,,,,,,,,,,,,,,,,,,,,,,,,,,,,,,,,,,,,,,,,,,,,,,REDWOOD
2002-10-01,,,3.0,8980,,,,,,,,,,,,,,,,,,,,20.249835634451014,,,,519.0,,,,,,,,,,,,,,,,,,,,,,,,,,,,,,REDWOOD
2002-11-01,,,3.2,8692,,,,,,,,,,,,,,,,,,,,,,,,,,,,,,,,,,,,,,,,,,,,,,,,,,,,,,REDWOOD
2002-12-01,,,3.6,8696,,,,,,,,,,,,,,,,,,,,,,,,,,,,,,,,,,,,,,,,,,,,,,,,,,,,,,REDWOOD
2003-01-01,16.169,,5.4,8607,15911.0,28479.0,466259.0,38387.0,,3891.0,,,,,,719.0,,,379.1,,,319.4,109.8,20.259208731241472,,,,516.0,18.0,35969.0,40969.0,2878.0,,,1316.0,8.3,1002.0,1630.0,6.3,,10.2,,,,274.0,9.5,188.0,360.0,6.5,438.0,11.3,,318.0,559.0,8.2,12.5,14.4,REDWOOD
2003-02-01,,,5.1,8447,,,,,,,,,,,,,,,,,,,,,,,,,,,,,,,,,,,,,,,,,,,,,,,,,,,,,,REDWOOD
2003-03-01,,,5.2,8622,,,,,,,,,,,,,,,,,,,,,,,,,,,,,,,,,,,,,,,,,,,,,,,,,,,,,,REDWOOD
2003-04-01,,,4.7,8685,,,,,,,,,,,,,,,,,,,,20.33195020746888,,,,512.0,,,,,,,,,,,,,,,,,,,,,,,,,,,,,,REDWOOD
2003-05-01,,,4.0,8724,,,,,,,,,,,,,,,,,,,,,,,,,,,,,,,,,,,,,,,,,,,,,,,,,,,,,,REDWOOD
2003-06-01,,,4.4,8874,,,,,,,,,,,,,,,,,,,,,,,,,,,,,,,,,,,,,,,,,,,,,,,,,,,,,,REDWOOD
2003-07-01,,,4.6,8696,,,,,,,,,,,,,,,,,,,,20.516399162595953,,,,512.0,,,,,,,,,,,,,,,,,,,,,,,,,,,,,,REDWOOD
2003-08-01,,,4.2,8658,,,,,,,,,,,,,,,,,,,,,,,,,,,,,,,,,,,,,,,,,,,,,,,,,,,,,,REDWOOD
2003-09-01,,,4.4,8467,,,,,,,,,,,,,,,,,,,,,,,,,,,,,,,,,,,,,,,,,,,,,,,,,,,,,,REDWOOD
2003-10-01,,,3.9,8571,,,,,,,,,,,,,,,,,,,,21.22477383437717,,,,506.0,,,,,,,,,,,,,,,,,,,,,,,,,,,,,,REDWOOD
2003-11-01,,,4.2,8519,,,,,,,,,,,,,,,,,,,,,,,,,,,,,,,,,,,,,,,,,,,,,,,,,,,,,,REDWOOD
2003-12-01,,,4.5,8503,,,,,,,,,,,,,,,,,,,,,,,,,,,,,,,,,,,,,,,,,,,,,,,,,,,,,,REDWOOD
2004-01-01,16.05,,5.9,8475,15737.0,31198.0,509146.0,40920.0,,3786.0,,,,,,711.0,,,324.8,,,272.1,114.01,20.980533525594808,,,,489.0,17.0,38385.0,43622.0,2748.0,,,1261.0,8.0,948.0,1573.0,6.0,,10.0,,,,263.0,9.6,173.0,353.0,6.3,404.0,10.7,,288.0,521.0,7.6,12.9,13.8,REDWOOD
2004-02-01,,,5.3,8388,,,,,,,,,,,,,,,,,,,,,,,,,,,,,,,,,,,,,,,,,,,,,,,,,,,,,,REDWOOD
2004-03-01,,,5.7,8461,,,,,,,,,,,,,,,,,,,,,,,,,,,,,,,,,,,,,,,,,,,,,,,,,,,,,,REDWOOD
2004-04-01,,,4.5,8448,,,,,,,,,,,,,,,,,,,,19.834710743801654,,,,501.0,,,,,,,,,,,,,,,,,,,,,,,,,,,,,,REDWOOD
2004-05-01,,,4.2,8549,,,,,,,,,,,,,,,,,,,,,,,,,,,,,,,,,,,,,,,,,,,,,,,,,,,,,,REDWOOD
2004-06-01,,,4.8,8766,,,,,,,,,,,,,,,,,,,,,,,,,,,,,,,,,,,,,,,,,,,,,,,,,,,,,,REDWOOD
2004-07-01,,,4.4,8656,,,,,,,,,,,,,,,,,,,,18.768545994065285,,,,506.0,,,,,,,,,,,,,,,,,,,,,,,,,,,,,,REDWOOD
2004-08-01,,,4.5,8471,,,,,,,,,,,,,,,,,,,,,,,,,,,,,,,,,,,,,,,,,,,,,,,,,,,,,,REDWOOD
2004-09-01,,,4.2,8178,,,,,,,,,,,,,,,,,,,,,,,,,,,,,,,,,,,,,,,,,,,,,,,,,,,,,,REDWOOD
2004-10-01,,,3.2,8234,,,,,,,,,,,,,,,,,,,,20.73699421965318,,,,504.0,,,,,,,,,,,,,,,,,,,,,,,,,,,,,,REDWOOD
2004-11-01,,,3.4,8240,,,,,,,,,,,,,,,,,,,,,,,,,,,,,,,,,,,,,,,,,,,,,,,,,,,,,,REDWOOD
2004-12-01,,,3.8,8242,,,,,,,,,,,,,,,,,,,,,,,,,,,,,,,,,,,,,,,,,,,,,,,,,,,,,,REDWOOD
2005-01-01,15.767999999999999,,4.9,8134,15464.0,32898.0,529653.0,43281.0,,3720.0,,,103.0,,,595.0,,,397.6,,,330.9,121.68,20.72909220872052,,,,495.0,37.0,40887.0,45676.0,2713.0,,,1368.0,8.8,1120.0,1616.0,7.2,,10.5,,,,268.0,9.9,202.0,334.0,7.5,416.0,11.2,,322.0,511.0,8.7,12.3,13.7,REDWOOD
2005-02-01,,,4.9,8034,,,,,,,,,,,,,,,,,,,,,,,,,,,,,,,,,,,,,,,,,,,,,,,,,,,,,,REDWOOD
2005-03-01,,,5.2,8112,,,,,,,,,,,,,,,,,,,,,,,,,,,,,,,,,,,,,,,,,,,,,,,,,,,,,,REDWOOD
2005-04-01,,,4.2,8114,,,,,,,,,,,,,,,,,,,,20.14336917562724,,,,506.0,,,,,,,,,,,,,,,,,,,,,,,,,,,,,,REDWOOD
2005-05-01,,,3.5,8262,,,,,,,,,,,,,,,,,,,,,,,,,,,,,,,,,,,,,,,,,,,,,,,,,,,,,,REDWOOD
2005-06-01,,,3.5,8486,,,,,,,,,,,,,,,,,,,,,,,,,,,,,,,,,,,,,,,,,,,,,,,,,,,,,,REDWOOD
2005-07-01,,,3.1,8583,,,,,,,,,,,,,,,,,,,,20.592485549132945,,,,516.0,,,,,,,,,,,,,,,,,,,,,,,,,,,,,,REDWOOD
2005-08-01,,,3.2,8450,,,,,,,,,,,,,,,,,,,,,,,,,,,,,,,,,,,,,,,,,,,,,,,,,,,,,,REDWOOD
2005-09-01,,,3.4,8212,,,,,,,,,,,,,,,,,,,,,,,,,,,,,,,,,,,,,,,,,,,,,,,,,,,,,,REDWOOD
2005-10-01,,,3.0,8017,,,,,,,,,,,,,,,,,,,,21.629416005767848,,,,520.0,,,,,,,,,,,,,,,,,,,,,,,,,,,,,,REDWOOD
2005-11-01,,,3.5,7988,,,,,,,,,,,,,,,,1.0,,,,,,,,,,,,,,,,,,,,,,,,,,,,,,,,,,,,,,REDWOOD
2005-12-01,,,4.1,8014,,,,,,,,,,,,,,,,,,,,,,,,,,,,,,,,,,,,,,,,,,,,,,,,,,,,,,REDWOOD
2006-01-01,15.72,,5.5,8089,15362.0,33178.0,534797.0,41182.0,,3691.0,,,119.0,,,727.0,,,383.4,,,318.0,127.96,19.870410367170628,,,,535.0,22.0,38884.0,43481.0,2720.0,,,1561.0,10.2,1257.0,1865.0,8.2,,12.1,,,,295.0,10.8,229.0,361.0,8.4,468.0,12.7,,372.0,564.0,10.1,13.3,15.3,REDWOOD
2006-02-01,,,5.3,8095,,,,,,,,,,,,,,,,,,,,,,,,,,,,,,,,,,,,,,,,,,,,,,,,,,,,,,REDWOOD
2006-03-01,,,5.1,8106,,,,,,,,,,,,,,,,,,,,,,,,,,,,,,,,,,,,,,,,,,,,,,,,,,,,,,REDWOOD
2006-04-01,,,4.0,8069,,,,,,,,,,,,,,,,,,,,19.609261939218527,,,,537.0,,,,,,,,,,,,,,,,,,,,,,,,,,,,,,REDWOOD
2006-05-01,,,3.3,8061,,,,,,,,,,,,,,,,,,,,,,,,,,,,,,,,,,,,,,,,,,,,,,,,,,,,,,REDWOOD
2006-06-01,,,3.5,8228,,,,,,,,,,,,,,,,,,,,,,,,,,,,,,,,,,,,,,,,,,,,,,,,,,,,,,REDWOOD
2006-07-01,,,3.6,8160,,,,,,,,,,,,,,,,,,,,20.213523131672602,,,,538.0,,,,,,,,,,,,,,,,,,,,,,,,,,,,,,REDWOOD
2006-08-01,,,3.6,8131,,,,,,,,,,,,,,,,,,,,,,,,,,,,,,,,,,,,,,,,,,,,,,,,,,,,,,REDWOOD
2006-09-01,,,3.5,8013,,,,,,,,,,,,,,,,,,,,,,,,,,,,,,,,,,,,,,,,,,,,,,,,,,,,,,REDWOOD
2006-10-01,,,3.1,8013,,,,,,,,,,,,,,,,,,,,21.387283236994218,,,,541.0,,,,,,,,,,,,,,,,,,,,,,,,,,,,,,REDWOOD
2006-11-01,,,3.7,8024,,,,,,,,,,,,,,,,,,,,,,,,,,,,,,,,,,,,,,,,,,,,,,,,,,,,,,REDWOOD
2006-12-01,,,4.4,8067,,,,,,,,,,,,,,,,,,,,,,,,,,,,,,,,,,,,,,,,,,,,,,,,,,,,,,REDWOOD
2007-01-01,15.603,,5.8,8205,15095.0,35399.0,568266.0,46177.0,,3555.0,,,102.0,,,736.0,,,419.4,,,342.6,130.97,21.041055718475075,,,,507.0,21.0,42731.0,49622.0,2583.0,,,1362.0,9.0,1060.0,1665.0,7.0,,11.0,,,,274.0,10.6,203.0,345.0,7.9,434.0,12.2,,327.0,542.0,9.2,13.4,15.2,REDWOOD
2007-02-01,,,5.4,8243,,,,,,,,,,,,,,,,,,,,,,,,,,,,,,,,,,,,,,,,,,,,,,,,,,,,,,REDWOOD
2007-03-01,,,5.4,8347,,,,,,,,,,,,,,,,,,,,,,,,,,,,,,,,,,,,,,,,,,,,,,,,,,,,,,REDWOOD
2007-04-01,,,4.8,8280,,,,,,,,,,,,,,,,,,,,20.802919708029197,,,,517.0,,,,,,,,,,,,,,,,,,,,,,,,,,,,,,REDWOOD
2007-05-01,,,4.1,8280,,,,,,,,,,,,,,,,,,,,,,,,,,,,,,,,,,,,,,,,,,,,,,,,,,,,,,REDWOOD
2007-06-01,,,4.4,8525,,,,,,,,,,,,,,,,,,,,,,,,,,,,,,,,,,,,,,,,,,,,,,,,,,,,,,REDWOOD
2007-07-01,,,4.5,8435,,,,,,,,,,,,,,,,,,,,21.635311143270627,,,,525.0,,,,,,,,,,,,,,,,,,,,,,,,,,,,,,REDWOOD
2007-08-01,,,4.5,8267,,,,,,,,,,,,,,,,,,,,,,,,,,,,,,,,,,,,,,,,,,,,,,,,,,,,,,REDWOOD
2007-09-01,,,4.6,8157,,,,,,,,,,,,,,,,,,,,,,,,,,,,,,,,,,,,,,,,,,,,,,,,,,,,,,REDWOOD
2007-10-01,,,4.1,8222,,,,,,,,,,,,,,,,,,,,21.814254859611236,,,,533.0,,,,,,,,,,,,,,,,,,,,,,,,,,,,,,REDWOOD
2007-11-01,,,4.0,8140,,,,,,,,,,,,,,,,,,,,,,,,,,,,,,,,,,,,,,,,,,,,,,,,,,,,,,REDWOOD
2007-12-01,,,5.0,8157,,,,,,,,,,,,,,,,,,,,,,,,,,,,,,,,,,,,,,,,,,,,,,,,,,,,,,REDWOOD
2008-01-01,15.592,,6.0,7928,15072.0,41048.0,660988.0,45184.0,,3562.0,,,108.0,,,849.0,,,361.5,,,290.0,132.03,22.114668652271035,,,,516.0,18.0,41424.0,48945.0,2549.0,,,1493.0,9.9,1212.0,1774.0,8.0,60.789999961853,11.8,,,,266.0,10.4,202.0,330.0,7.9,433.0,12.2,,340.0,526.0,9.5,12.9,14.8,REDWOOD
2008-02-01,,,6.1,7885,,,,,,,,,,,,,,,,,,,,,,,,,,,,,,,,,,,,,,,,,,,,,,,,,,,,,,REDWOOD
2008-03-01,,,6.1,7975,,,,,,,,,,,,,,,,,,,,,,,,,,,,,,,,,,,,,,,,,,,,,,,,,,,,,,REDWOOD
2008-04-01,,,5.3,8046,,,,,,,,,,,,,,,,,,,,21.407185628742518,,,,521.0,,,,,,,,,,,,,,,,,,,,,,,,,,,,,,REDWOOD
2008-05-01,,,5.0,8160,,,,,,,,,,,,,,,,,,,,,,,,,,,,,,,,,,,,,,,,,,,,,,,,,,,,,,REDWOOD
2008-06-01,,,5.1,8438,,,,,,,,,,,,,,,,,,,,,,,,,,,,,,,,,,,,,,,,,,,,,,,,,,,,,,REDWOOD
2008-07-01,,,5.3,8236,,,,,,,,,,,,,,,,,,,,22.2473604826546,,,,527.0,,,,,,,,,,,,,,,,,,,,,,,,,,,,,,REDWOOD
2008-08-01,,,5.5,8096,,,,,,,,,,,,,,,,,,,,,,,,,,,,,,,,,,,,,,,,,,,,,,,,,,,,,,REDWOOD
2008-09-01,,,5.0,8041,,,,,,,,,,,,,,,,,,,,,,,,,,,,,,,,,,,,,,,,,,,,,,,,,,,,,,REDWOOD
2008-10-01,,,4.8,8044,,,,,,,,,,,,,,,,,,,,22.62611275964392,,,,528.0,,,,,,,,,,,,,,,,,,,,,,,,,,,,,,REDWOOD
2008-11-01,,,4.9,8016,,,,,,,,,,,,,,,,,,,,,,,,,,,,,,,,,,,,,,,,,,,,,,,,,,,,,,REDWOOD
2008-12-01,,,6.1,8197,,,,,,,,,,,,,,,,,,,,,,,,,,,,,,,,,,,,,,,,,,,,,,,,,,,,,,REDWOOD
2009-01-01,15.452,43.0,7.4,8235,15032.0,41034.0,656993.0,46550.0,,3764.0,-706.0,81.51086811574876,72.0,37.42560314954619,14244.0,1059.0,18.778801843317968,,377.4,,15.574892161237544,282.0,126.97,21.19402985074627,,,,506.0,18.0,43217.0,49883.0,2746.0,286.0,28.19979188345473,1510.0,10.0,1195.0,1825.0,7.9,44.329999923706104,12.1,24.5,269.0,589.0,308.0,11.2,235.0,381.0,8.6,487.0,12.9,63.0,380.0,593.0,10.1,13.9,15.8,REDWOOD
2009-02-01,,,7.9,8246,,,,,,,,,,,,,,,,,,,,,,,,,,,,,,,,,,,,,,,,,,,,,,,,,,,,,,REDWOOD
2009-03-01,,,7.8,8320,,,,,,,,,,,,,,,,,,,,,,,,,,,,,,,,,,,,,,,,,,,,,,,,,,,,,,REDWOOD
2009-04-01,,,6.5,8404,,,,,,,,,,,,,,,,,,,,22.36938925680648,,,,509.0,,,,,,,,,,,,,,,,,,,,,,,,,,,,,,REDWOOD
2009-05-01,,,6.2,8441,,,,,,,,,,,,,,,,,,,,,,,,,,,,,,,,,,,,,,,,,,,,,,,,,,,,,,REDWOOD
2009-06-01,,,6.6,8804,,,,,,,,,,,,,,,,,,,,,,,,,,,,,,,,,,,,,,,,,,,,,,,,,,,,,,REDWOOD
2009-07-01,,,6.5,8749,,,,,,,,,,,,,,,,,,,,22.238478419897586,,,,506.0,,,,,,,,,,,,,,,,,,,,,,,,,,,,,,REDWOOD
2009-08-01,,,6.5,8597,,,,,,,,,,,,,,,,,,,,,,,,,,,,,,,,,,,,,,,,,,,,,,,,,,,,,,REDWOOD
2009-09-01,,,6.2,8410,,,,,,,,,,,,,,,,,,,,,,,,,,,,,,,,,,,,,,,,,,,,,,,,,,,,,,REDWOOD
2009-10-01,,,6.0,8349,,,,,,,,,,,,,,,,,,,,23.429416112342945,,,,507.0,,,,,,,,,,,,,,,,,,,,,,,,,,,,,,REDWOOD
2009-11-01,,,5.9,8316,,,,,,,,,,,,,,,,,,,,,,,,,,,,,,,,,,,,,,,,,,,,,,,,,,,,,,REDWOOD
2009-12-01,,,7.2,8376,,,,,,,,,,,,,,,,,,,,,,,,,,,,,,,,,,,,,,,,,,,,,,,,,,,,,,REDWOOD
2010-01-01,16.08,42.6,8.6,8315,15744.0,42764.0,686239.0,46906.0,11.360290934280027,3947.0,-675.0,80.99684461330416,68.0,42.457951311577695,14321.0,1259.0,9.433962264150944,24.13847117794486,334.1,,16.26735106998265,258.1,122.99,23.60294117647059,16.4,,86.6,494.0,23.0,42944.0,50868.0,2873.0,328.0,26.06659729448491,1509.0,9.6,1176.0,1842.0,7.5,63.0999999046326,11.7,24.4,444.0,662.0,364.0,12.7,276.0,452.0,9.6,547.0,13.9,101.0,417.0,677.0,10.6,15.8,17.2,REDWOOD
2010-02-01,,,8.4,8680,,,,,,,,,,,,,,,,,,,,,,,,,,,,,,,,,,,,,,,,,,,,,,,,,,,,,,REDWOOD
2010-03-01,,,8.3,8777,,,,,,,,,,,,,,,,,,,,,,,,,,,,,,,,,,,,,,,,,,,,,,,,,,,,,,REDWOOD
2010-04-01,,,6.8,8854,,,,,,,,,,,,,,,,,,,,23.397913561847986,,,,498.0,,,,,,,,,,,,,,,,,,,,,,,,,,,,,,REDWOOD
2010-05-01,,,6.0,8821,,,,,,,,,,,,,,,,,,,,,,,,,,,,,,,,,,,,,,,,,,,,,,,,,,,,,,REDWOOD
2010-06-01,,,6.4,8804,,,,,,,,,,,,,,,,,,,,,,,,,,,,,,,,,,,,,,,,,,,,,,,,,,,,,,REDWOOD
2010-07-01,,,6.3,8905,,,,,,,,,,,,,,,,,,,,23.388305847076463,,,,500.0,,,,,,,,,,,,,,,,,,,,,,,,,,,,,,REDWOOD
2010-08-01,,,6.4,8566,,,,,,,,,,,,,,,,,,,,,,,,,,,,,,,,,,,,,,,,,,,,,,,,,,,,,,REDWOOD
2010-09-01,,,5.8,8300,,,,,,,,,,,,,,,,,,,,,,,,,,,,,,,,,,,,,,,,,,,,,,,,,,,,,,REDWOOD
2010-10-01,,,5.6,8308,,,,,,,,,,,,,,,,,,,,22.488755622188908,,,,500.0,,,,,,,,,,,,,,,,,,,,,,,,,,,,,,REDWOOD
2010-11-01,,,5.6,8285,,,,,,,,,,,,,,,,,,,,,,,,,,,,,,,,,,,,,,,,,,,,,,,,,,,,,,REDWOOD
2010-12-01,,,6.5,8346,,,,,,,,,,,,,,,,,,,,,,,,,,,,,,,,,,,,,,,,,,,,,,,,,,,,,,REDWOOD
2011-01-01,16.023,42.8,7.5,8352,15656.0,45066.0,724837.0,47858.0,11.930101465614431,3863.0,-520.0,81.73058392753903,60.0,35.12965074072753,14216.0,1440.0,7.740324594257178,24.68685587442524,368.9,,17.255730659025787,264.3,125.42,21.94756554307116,16.4,,87.1,495.0,17.0,44642.0,51074.0,2826.0,334.0,26.36738906088752,1625.0,10.4,1321.0,1929.0,8.5,61.55199999967589,12.3,24.4,491.0,722.0,376.0,13.3,288.0,464.0,10.2,560.0,14.5,106.0,438.0,682.0,11.3,16.4,17.7,REDWOOD
2011-02-01,,,7.2,8403,,,,,,,,,,,,,,,,,,,,,,,,,,,,,,,,,,,,,,,,,,,,,,,,,,,,,,REDWOOD
2011-03-01,,,7.3,8499,,,,,,,,,,,,,,,,,,,,,,,,,,,,,,,,,,,,,,,,,,,,,,,,,,,,,,REDWOOD
2011-04-01,,,6.0,8360,,,,,,,,,,,,,,,,,,,,21.38643067846608,,,,490.0,,,,,,,,,,,,,,,,,,,,,,,,,,,,,,REDWOOD
2011-05-01,,,5.6,8611,,,,,,,,,,,,,,,,,,,,,,,,,,,,,,,,,,,,,,,,,,,,,,,,,,,,,,REDWOOD
2011-06-01,,,6.1,8645,,,,,,,,,,,,,,,,,,,,,,,,,,,,,,,,,,,,,,,,,,,,,,,,,,,,,,REDWOOD
2011-07-01,,,6.4,8720,,,,,,,,,,,,,,,,,,,,21.6017634092579,,,,493.0,,,,,,,,,,,,,,,,,,,,,,,,,,,,,,REDWOOD
2011-08-01,,,5.9,8467,,,,,,,,,,,,,,,,,,,,,,,,,,,,,,,,,,,,,,,,,,,,,,,,,,,,,,REDWOOD
2011-09-01,,,5.4,8100,,,,,,,,,,,,,,,,1.0,,,,,,,,,,,,,,,,,,,,,,,,,,,,,,,,,,,,,,REDWOOD
2011-10-01,,,5.0,8085,,,,,,,,,,,,,,,,,,,,22.798295454545453,,,,497.0,,,,,,,,,,,,,,,,,,,,,,,,,,,,,,REDWOOD
2011-11-01,,,4.8,8079,,,,,,,,,,,,,,,,,,,,,,,,,,,,,,,,,,,,,,,,,,,,,,,,,,,,,,REDWOOD
2011-12-01,,,5.3,8295,,,,,,,,,,,,,,,,,,,,,,,,,,,,,,,,,,,,,,,,,,,,,,,,,,,,,,REDWOOD
2012-01-01,15.819,42.6,7.2,8004,15537.0,48145.0,764403.0,48775.0,12.275102325176348,3797.0,-244.0,79.55246913580247,44.0,37.31934355144511,14122.0,1380.0,8.018867924528301,24.80781550288277,401.6,,16.99106113033449,296.4,115.68,22.746781115879827,15.8,10.5,87.7,490.0,14.0,45328.0,52222.0,2773.0,338.0,29.757412398921836,1719.0,11.1,1452.0,1986.0,9.4,48.9409999996424,12.8,24.6,526.0,771.0,410.0,14.8,333.0,487.0,12.0,603.0,15.9,91.0,494.0,712.0,13.0,17.6,18.8,REDWOOD
2012-02-01,,,7.1,8053,,,,,,,,,,,,,,,,,,,,,,,,,,,,,,,,,,,,,,,,,,,,,,,,,,,,,,REDWOOD
2012-03-01,,,6.4,8170,,,,,,,,,,,,,,,,,,,,,,,,,,,,,,,,,,,,,,,,,,,,,,,,,,,,,,REDWOOD
2012-04-01,,,4.7,8262,,,,,,,,,,,,,,,,,,,,22.891566265060238,,,,486.0,,,,,,,,,,,,,,,,,,,,,,,,,,,,,,REDWOOD
2012-05-01,,,4.9,8522,,,,,,,,,,,,,,,,,,,,,,,,,,,,,,,,,,,,,,,,,,,,,,,,,,,,,,REDWOOD
2012-06-01,,,5.6,8625,,,,,,,,,,,,,,,,,,,,,,,,,,,,,,,,,,,,,,,,,,,,,,,,,,,,,,REDWOOD
2012-07-01,,,5.7,8626,,,,,,,,,,,,,,,,,,,,22.72727272727273,,,,490.0,,,,,,,,,,,,,,,,,,,,,,,,,,,,,,REDWOOD
2012-08-01,,,5.2,8300,,,,,,,,,,,,,,,,,,,,,,,,,,,,,,,,,,,,,,,,,,,,,,,,,,,,,,REDWOOD
2012-09-01,,,4.8,7985,,,,,,,,,,,,,,,,,,,,,,,,,,,,,,,,,,,,,,,,,,,,,,,,,,,,,,REDWOOD
2012-10-01,,,4.7,7915,,,,,,,,,,,,,,,,,,,,22.90021536252692,,,,492.0,,,,,,,,,,,,,,,,,,,,,,,,,,,,,,REDWOOD
2012-11-01,,,4.5,7901,,,,,,,,,,,,,,,,,,,,,,,,,,,,,,,,,,,,,,,,,,,,,,,,,,,,,,REDWOOD
2012-12-01,,,5.4,8095,,,,,,,,,,,,,,,,,,,,,,,,,,,,,,,,,,,,,,,,,,,,,,,,,,,,,,REDWOOD
2013-01-01,15.686,42.6,7.6,8033,15411.0,51597.0,811256.0,50453.0,10.665528250055685,3800.0,-292.0,80.14952307295695,33.0,35.21922303534238,14021.0,1391.0,7.5294117647058805,21.90938511326861,490.4,,16.99321397632111,395.4,124.04,22.564469914040114,16.4,10.0,88.6,484.0,17.0,46660.0,54246.0,2792.0,365.0,27.721661054994392,1571.0,10.2,1290.0,1852.0,8.4,44.975999999791405,12.0,26.0,542.0,763.0,342.0,12.2,249.0,435.0,8.9,520.0,13.7,90.0,401.0,639.0,10.6,15.5,16.8,REDWOOD
2013-02-01,,,7.1,8005,,,,,,,,,,,,,,,,,,,,,,,,,,,,,,,,,,,,,,,,,,,,,,,,,,,,,,REDWOOD
2013-03-01,,,6.7,8006,,,,,,,,,,,,,,,,,,,,,,,,,,,,,,,,,,,,,,,,,,,,,,,,,,,,,,REDWOOD
2013-04-01,,,5.9,7933,,,,,,,,,,,,,,,,,,,,21.464829586657,,,,486.0,,,,,,,,,,,,,,,,,,,,,,,,,,,,,,REDWOOD
2013-05-01,,,5.1,8147,,,,,,,,,,,,,,,,,,,,,,,,,,,,,,,,,,,,,,,,,,,,,,,,,,,,,,REDWOOD
2013-06-01,,,5.3,8329,,,,,,,,,,,,,,,,,,,,,,,,,,,,,,,,,,,,,,,,,,,,,,,,,,,,,,REDWOOD
2013-07-01,,,5.4,8372,,,,,,,,,,,,,,,,,,,,22.278664731494924,,,,490.0,,,,,,,,,,,,,,,,,,,,,,,,,,,,,,REDWOOD
2013-08-01,,,5.0,8207,,,,,,,,,,,,,,,,1.0,,,,,,,,,,,,,,,,,,,,,,,,,,,,,,,,,,,,,,REDWOOD
2013-09-01,,,4.3,7964,,,,,,,,,,,,,,,,,,,,,,,,,,,,,,,,,,,,,,,,,,,,,,,,,,,,,,REDWOOD
2013-10-01,,,4.1,7810,,,,,,,,,,,,,,,,,,,,22.14960058097313,,,,480.0,,,,,,,,,,,,,,,,,,,,,,,,,,,,,,REDWOOD
2013-11-01,,,4.0,7811,,,,,,,,,,,,,,,,,,,,,,,,,,,,,,,,,,,,,,,,,,,,,,,,,,,,,,REDWOOD
2013-12-01,,,5.0,7990,,,,,,,,,,,,,,,,,,,,,,,,,,,,,,,,,,,,,,,,,,,,,,,,,,,,,,REDWOOD
2014-01-01,15.532,43.2,6.5,7877,15193.0,52058.0,809093.0,49934.0,10.723412139627957,3710.0,-156.0,79.78992413927251,73.0,37.49935828327943,13892.0,1217.0,6.206088992974238,21.807306821855803,403.0,,16.626645450600318,309.5,126.21,20.27818448023426,16.3,10.6,88.0,486.0,28.0,45940.0,53928.0,2716.0,390.0,28.92271662763466,1886.0,12.4,1605.0,2167.0,10.5,51.6469999998808,14.3,26.0,545.0,768.0,460.0,16.9,377.0,543.0,13.8,678.0,18.3,97.0,561.0,795.0,15.2,20.0,21.4,REDWOOD
2014-02-01,,,6.3,7864,,,,,,,,,,,,,,,,,,,,,,,,,,,,,,,,,,,,,,,,,,,,,,,,,,,,,,REDWOOD
2014-03-01,,,5.9,7931,,,,,,,,,,,,,,,,2.0,,,,,,,,,,,,,,,,,,,,,,,,,,,,,,,,,,,,,,REDWOOD
2014-04-01,,,4.6,7784,,,,,,,,,,,,,,,,,,,,19.86656782802076,,,,489.0,,,,,,,,,,,,,,,,,,,,,,,,,,,,,,REDWOOD
2014-05-01,,,4.0,7936,,,,,,,,,,,,,,,,,,,,,,,,,,,,,,,,,,,,,,,,,,,,,,,,,,,,,,REDWOOD
2014-06-01,,,4.4,8135,,,,,,,,,,,,,,,,,,,,,,,,,,,,,,,,,,,,,,,,,,,,,,,,,,,,,,REDWOOD
2014-07-01,,,4.1,8181,,,,,,,,,,,,,,,,,,,,19.696969696969692,,,,492.0,,,,,,,,,,,,,,,,,,,,,,,,,,,,,,REDWOOD
2014-08-01,,,3.7,8080,,,,,,,,,,,,,,,,,,,,,,,,,,,,,,,,,,,,,,,,,,,,,,,,,,,,,,REDWOOD
2014-09-01,,,3.2,7910,,,,,,,,,,,,,,,,,,,,,,,,,,,,,,,,,,,,,,,,,,,,,,,,,,,,,,REDWOOD
2014-10-01,,,3.0,8086,,,,,,,,,,,,,,,,,,,,19.786476868327398,,,,488.0,,,,,,,,,,,,,,,,,,,,,,,,,,,,,,REDWOOD
2014-11-01,,,3.1,8022,,,,,,,,,,,,,,,,,,,,,,,,,,,,,,,,,,,,,,,,,,,,,,,,,,,,,,REDWOOD
2014-12-01,,,4.3,8220,,,,,,,,,,,,,,,,,,,,,,,,,,,,,,,,,,,,,,,,,,,,,,,,,,,,,,REDWOOD
2015-01-01,15.425,43.2,5.5,8261,15151.0,53504.0,828454.0,48520.0,10.918319097010373,3719.0,-155.0,79.66079582517939,43.0,34.42531532938741,13789.0,1082.0,5.042016806722689,22.056136854343134,404.9,,16.437627513844358,332.6,128.23,18.977591036414566,17.0,11.8,88.3,474.0,33.0,44488.0,52552.0,2738.0,417.0,29.78589420654912,1674.0,11.0,1423.0,1925.0,9.3,58.8679999997839,12.7,27.200000000000006,516.0,760.0,390.0,14.2,307.0,473.0,11.2,574.0,15.4,107.0,464.0,684.0,12.5,17.2,18.3,REDWOOD
2015-02-01,,,5.5,8151,,,,,,,,,,,,,,,,1.0,,,,,,,,,,,,,,,,,,,,,,,,,,,,,,,,,,,,,,REDWOOD
2015-03-01,,,5.1,8413,,,,,,,,,,,,,,,,,,,,,,,,,,,,,,,,,,,,,,,,,,,,,,,,,,,,,,REDWOOD
2015-04-01,,,3.7,8121,,,,,,,,,,,,,,,,,,,,18.633540372670808,,,,474.0,,,,,,,,,,,,,,,,,,,,,,,,,,,,,,REDWOOD
2015-05-01,,,3.5,8145,,,,,,,,,,,,,,,,,,,,,,,,,,,,,,,,,,,,,,,,,,,,,,,,,,,,,,REDWOOD
2015-06-01,,,3.7,8542,,,,,,,,,,,,,,,,,,,,,,,,,,,,,,,,,,,,,,,,,,,,,,,,,,,,,,REDWOOD
2015-07-01,,,3.6,8318,,,,,,,,,,,,,,,,,,,,18.852459016393446,,,,467.0,,,,,,,,,,,,,,,,,,,,,,,,,,,,,,REDWOOD
2015-08-01,,,3.2,8173,,,,,,,,,,,,,,,,,,,,,,,,,,,,,,,,,,,,,,,,,,,,,,,,,,,,,,REDWOOD
2015-09-01,,,3.0,8019,,,,,,,,,,,,,,,,,,,,,,,,,,,,,,,,,,,,,,,,,,,,,,,,,,,,,,REDWOOD
2015-10-01,,,2.7,8375,,,,,,,,,,,,,,,,,,,,19.256308100929612,,,,464.0,,,,,,,,,,,,,,,,,,,,,,,,,,,,,,REDWOOD
2015-11-01,,,3.0,8258,,,,,,,,,,,,,,,,,,,,,,,,,,,,,,,,,,,,,,,,,,,,,,,,,,,,,,REDWOOD
2015-12-01,,,4.2,8446,,,,,,,,,,,,,,,,,,,,,,,,,,,,,,,,,,,,,,,,,,,,,,,,,,,,,,REDWOOD
2016-01-01,15.235999999999999,43.5,5.3,8447,14938.0,51227.0,781880.0,54918.0,10.802182611858854,3642.0,,79.48650427913101,64.0,28.417181965117393,13659.0,,3.9954337899543377,20.61323112814531,418.1,,17.350284132303656,297.0,132.3,18.077956989247312,17.8,11.6,88.5,467.0,22.0,50675.0,59161.0,2732.0,451.0,30.01974983541804,1359.0,9.1,1062.0,1656.0,7.1,,11.1,28.5,490.0,736.0,342.0,12.5,255.0,429.0,9.3,500.0,13.7,99.0,382.0,618.0,10.5,15.7,16.9,REDWOOD
2016-02-01,,,5.3,8211,,,,,,,,,,,,,,,,,,,,,,,,,,,,,,,,,,,,,,,,,,,,,,,,,,,,,,REDWOOD
2016-03-01,,,5.3,8430,,,,,,,,,,,,,,,,,,,,,,,,,,,,,,,,,,,,,,,,,,,,,,,,,,,,,,REDWOOD
2016-04-01,,,3.7,8285,,,,,,,,,,,,,,,,,,,,18.9280868385346,,,,470.0,,,,,,,,,,,,,,,,,,,,,,,,,,,,,,REDWOOD
2016-05-01,,,3.1,8240,,,,,,,,,,,,,,,,,,,,,,,,,,,,,,,,,,,,,,,,,,,,,,,,,,,,,,REDWOOD
2016-06-01,,,3.9,8504,,,,,,,,,,,,,,,,,,,,,,,,,,,,,,,,,,,,,,,,,,,,,,,,,,,,,,REDWOOD
2016-07-01,,,3.9,8407,,,,,,,,,,,,,,,,1.0,,,,19.57811470006592,,,,474.0,,,,,,,,,,,,,,,,,,,,,,,,,,,,,,REDWOOD
2016-08-01,,,4.0,8259,,,,,,,,,,,,,,,,,,,,,,,,,,,,,,,,,,,,,,,,,,,,,,,,,,,,,,REDWOOD
2016-09-01,,,3.6,8144,,,,,,,,,,,,,,,,,,,,,,,,,,,,,,,,,,,,,,,,,,,,,,,,,,,,,,REDWOOD
2016-10-01,,,3.5,8364,,,,,,,,,,,,,,,,,,,,20.053297801465693,,,,477.0,,,,,,,,,,,,,,,,,,,,,,,,,,,,,,REDWOOD
2016-11-01,,,3.2,8415,,,,,,,,,,,,,,,,,,,,,,,,,,,,,,,,,,,,,,,,,,,,,,,,,,,,,,REDWOOD
2016-12-01,,,4.3,8509,,,,,,,,,,,,,,,,,,,,,,,,,,,,,,,,,,,,,,,,,,,,,,,,,,,,,,REDWOOD
2017-01-01,15.272,,5.8,7869,,,,,,,,,69.0,,,,,,,,,,144.74,18.825100133511352,,,,481.0,15.0,,,,,,,,,,,,,,,,,,,,,,,,,,,,,REDWOOD
2017-02-01,,,5.8,7723,,,,,,,,,,,,,,,,,,,,,,,,,,,,,,,,,,,,,,,,,,,,,,,,,,,,,,REDWOOD
2017-03-01,,,5.3,7777,,,,,,,,,,,,,,,,,,,,,,,,,,,,,,,,,,,,,,,,,,,,,,,,,,,,,,REDWOOD
2017-04-01,,,3.7,7758,,,,,,,,,,,,,,,,,,,,19.263642340565422,,,,488.0,,,,,,,,,,,,,,,,,,,,,,,,,,,,,,REDWOOD
2017-05-01,,,3.3,7732,,,,,,,,,,,,,,,,,,,,,,,,,,,,,,,,,,,,,,,,,,,,,,,,,,,,,,REDWOOD
2017-06-01,,,3.8,7871,,,,,,,,,,,,,,,,,,,,,,,,,,,,,,,,,,,,,,,,,,,,,,,,,,,,,,REDWOOD
2017-07-01,,,3.8,7771,,,,,,,,,,,,,,,,,,,,19.069767441860467,,,,493.0,,,,,,,,,,,,,,,,,,,,,,,,,,,,,,REDWOOD
2017-08-01,,,4.3,7477,,,,,,,,,,,,,,,,,,,,,,,,,,,,,,,,,,,,,,,,,,,,,,,,,,,,,,REDWOOD
2017-09-01,,,3.3,7419,,,,,,,,,,,,,,,,,,,,,,,,,,,,,,,,,,,,,,,,,,,,,,,,,,,,,,REDWOOD
2017-10-01,,,2.7,7705,,,,,,,,,,,,,,,,,,,,19.427811044577513,,,,503.0,,,,,,,,,,,,,,,,,,,,,,,,,,,,,,REDWOOD
2017-11-01,,,3.1,7638,,,,,,,,,,,,,,,,,,,,,,,,,,,,,,,,,,,,,,,,,,,,,,,,,,,,,,REDWOOD
2017-12-01,,,4.3,7678,,,,,,,,,,,,,,,,,,,,,,,,,,,,,,,,,,,,,,,,,,,,,,,,,,,,,,REDWOOD
2018-01-01,,,5.8,7435,,,,,,,,,,,,,,,,,,,,18.01200800533689,,,,511.0,,,,,,,,,,,,,,,,,,,,,,,,,,,,,,REDWOOD
2018-02-01,,,5.8,7476,,,,,,,,,,,,,,,,,,,,,,,,,,,,,,,,,,,,,,,,,,,,,,,,,,,,,,REDWOOD
2018-03-01,,,5.2,7507,,,,,,,,,,,,,,,,,,,,,,,,,,,,,,,,,,,,,,,,,,,,,,,,,,,,,,REDWOOD
2018-04-01,,,4.3,7536,,,,,,,,,,,,,,,,,,,,17.874069058903178,,,,,,,,,,,,,,,,,,,,,,,,,,,,,,,,,,REDWOOD
2018-05-01,,,2.9,7649,,,,,,,,,,,,,,,,,,,,,,,,,,,,,,,,,,,,,,,,,,,,,,,,,,,,,,REDWOOD
2018-06-01,,,3.4,7711,,,,,,,,,,,,,,,,,,,,,,,,,,,,,,,,,,,,,,,,,,,,,,,,,,,,,,REDWOOD
2018-07-01,,,3.4,7684,,,,,,,,,,,,,,,,,,,,,,,,,,,,,,,,,,,,,,,,,,,,,,,,,,,,,,REDWOOD
2018-08-01,,,2.9,7194,,,,,,,,,,,,,,,,,,,,,,,,,,,,,,,,,,,,,,,,,,,,,,,,,,,,,,REDWOOD
