DATE,MNSTEE7URN,PUAAMN27147A647NCEN,PCPI27147,S1701ACS027147,MNSTEE7POP,PPAAMN27147A156NCEN,RACEDISPARITY027147,CBR27147MNA647NCEN,PI27147,2020RATIO027147,B14005DCYACS027147,DP04ACS027147,MNSTEE7LFN,CDC20N2U027147,USPTOISSUED027147,B01002001E027147,B080ACS027147,CDC20N2UAA027147,ATNHPIUS27147A,EQFXSUBPRIME027147,MHIMN27147A052NCEN,HC01ESTVC1727147,HC01ESTVC1627147,ENU2714720510,BPPRIV027147,MHICILBMN27147A052NCEN,MHICIUBMN27147A052NCEN,PUA0T17MN27147A647NCEN,PUA5T17RMN27147A647NCEN,HOWNRATEACS027147,NETMIGNACS027147,B03002012E027147,S1101SPHOUSE027147,PEAAMN27147A647NCEN,PECILBAAMN27147A647NCEN,PECIUBAAMN27147A647NCEN,PPCILBAAMN27147A156NCEN,DMPCRATE027147,PPCIUBAAMN27147A156NCEN,FBITC027147,S1501ACSTOTAL027147,B03002003E027147,B03002006E027147,B03002005E027147,PE5T17MN27147A647NCEN,PP5T17MN27147A156NCEN,PECILB5T17MN27147A647NCEN,PECIUB5T17MN27147A647NCEN,PPCILB5T17MN27147A156NCEN,PEU18MN27147A647NCEN,PPU18MN27147A156NCEN,B03002004E027147,PECILBU18MN27147A647NCEN,PECIUBU18MN27147A647NCEN,PPCILBU18MN27147A156NCEN,PPCIUB5T17MN27147A156NCEN,PPCIUBU18MN27147A156NCEN,county
1991-01-01,4.9,,18314.0,,31.08,,,,569209.0,,,,16769,,,,,,68.01,,,,,735.0,149.0,,,,,,,,,,,,,,,,,,,,,,,,,,,,,,,,,STEELE
1991-02-01,5.2,,,,,,,,,,,,16694,,,,,,,,,,,,,,,,,,,,,,,,,,,,,,,,,,,,,,,,,,,,,STEELE
1991-03-01,7.0,,,,,,,,,,,,16963,,,,,,,,,,,,,,,,,,,,,,,,,,,,,,,,,,,,,,,,,,,,,STEELE
1991-04-01,5.5,,,,,,,,,,,,16692,,,,,,,,,,,742.0,,,,,,,,,,,,,,,,,,,,,,,,,,,,,,,,,,STEELE
1991-05-01,4.5,,,,,,,,,,,,16688,,,,,,,,,,,,,,,,,,,,,,,,,,,,,,,,,,,,,,,,,,,,,STEELE
1991-06-01,4.9,,,,,,,,,,,,16865,,,,,,,,,,,,,,,,,,,,,,,,,,,,,,,,,,,,,,,,,,,,,STEELE
1991-07-01,4.4,,,,,,,,,,,,16890,,1.0,,,,,,,,,745.0,,,,,,,,,,,,,,,,,,,,,,,,,,,,,,,,,,STEELE
1991-08-01,4.3,,,,,,,,,,,,16943,,,,,,,,,,,,,,,,,,,,,,,,,,,,,,,,,,,,,,,,,,,,,STEELE
1991-09-01,4.8,,,,,,,,,,,,16978,,,,,,,,,,,,,,,,,,,,,,,,,,,,,,,,,,,,,,,,,,,,,STEELE
1991-10-01,3.8,,,,,,,,,,,,16977,,,,,,,,,,,759.0,,,,,,,,,,,,,,,,,,,,,,,,,,,,,,,,,,STEELE
1991-11-01,4.3,,,,,,,,,,,,16889,,,,,,,,,,,,,,,,,,,,,,,,,,,,,,,,,,,,,,,,,,,,,STEELE
1991-12-01,4.7,,,,,,,,,,,,16817,,,,,,,,,,,,,,,,,,,,,,,,,,,,,,,,,,,,,,,,,,,,,STEELE
1992-01-01,5.6,,19232.0,,31.439,,,,604626.0,,,,16788,,,,,,70.68,,,,,751.0,121.0,,,,,,,,,,,,,,,,,,,,,,,,,,,,,,,,,STEELE
1992-02-01,5.8,,,,,,,,,,,,16652,,,,,,,,,,,,,,,,,,,,,,,,,,,,,,,,,,,,,,,,,,,,,STEELE
1992-03-01,5.2,,,,,,,,,,,,16702,,,,,,,,,,,,,,,,,,,,,,,,,,,,,,,,,,,,,,,,,,,,,STEELE
1992-04-01,4.5,,,,,,,,,,,,16840,,,,,,,,,,,764.0,,,,,,,,,,,,,,,,,,,,,,,,,,,,,,,,,,STEELE
1992-05-01,4.6,,,,,,,,,,,,16931,,,,,,,,,,,,,,,,,,,,,,,,,,,,,,,,,,,,,,,,,,,,,STEELE
1992-06-01,5.0,,,,,,,,,,,,17091,,,,,,,,,,,,,,,,,,,,,,,,,,,,,,,,,,,,,,,,,,,,,STEELE
1992-07-01,4.4,,,,,,,,,,,,17163,,,,,,,,,,,775.0,,,,,,,,,,,,,,,,,,,,,,,,,,,,,,,,,,STEELE
1992-08-01,4.6,,,,,,,,,,,,17251,,,,,,,,,,,,,,,,,,,,,,,,,,,,,,,,,,,,,,,,,,,,,STEELE
1992-09-01,4.6,,,,,,,,,,,,17192,,,,,,,,,,,,,,,,,,,,,,,,,,,,,,,,,,,,,,,,,,,,,STEELE
1992-10-01,3.9,,,,,,,,,,,,17121,,,,,,,,,,,781.0,,,,,,,,,,,,,,,,,,,,,,,,,,,,,,,,,,STEELE
1992-11-01,3.9,,,,,,,,,,,,17139,,,,,,,,,,,,,,,,,,,,,,,,,,,,,,,,,,,,,,,,,,,,,STEELE
1992-12-01,4.2,,,,,,,,,,,,17023,,,,,,,,,,,,,,,,,,,,,,,,,,,,,,,,,,,,,,,,,,,,,STEELE
1993-01-01,5.2,,19290.0,,31.643,7.7,,1409.0,610409.0,,,,17320,,,,,,73.82,,36253.0,,,779.0,126.0,33986.0,38507.0,,,,,,,2412.0,1906.0,2918.0,6.1,,9.3,,,,,,560.0,8.1,423.0,697.0,6.1,887.0,9.5,,690.0,1084.0,7.4,10.1,11.7,STEELE
1993-02-01,5.1,,,,,,,,,,,,17065,,,,,,,,,,,,,,,,,,,,,,,,,,,,,,,,,,,,,,,,,,,,,STEELE
1993-03-01,4.9,,,,,,,,,,,,17321,,,,,,,,,,,,,,,,,,,,,,,,,,,,,,,,,,,,,,,,,,,,,STEELE
1993-04-01,4.6,,,,,,,,,,,,17291,,,,,,,,,,,775.0,,,,,,,,,,,,,,,,,,,,,,,,,,,,,,,,,,STEELE
1993-05-01,4.1,,,,,,,,,,,,17428,,,,,,,,,,,,,,,,,,,,,,,,,,,,,,,,,,,,,,,,,,,,,STEELE
1993-06-01,4.6,,,,,,,,,,,,17633,,,,,,,,,,,,,,,,,,,,,,,,,,,,,,,,,,,,,,,,,,,,,STEELE
1993-07-01,4.0,,,,,,,,,,,,17897,,,,,,,,,,,776.0,,,,,,,,,,,,,,,,,,,,,,,,,,,,,,,,,,STEELE
1993-08-01,3.5,,,,,,,,,,,,17955,,,,,,,,,,,,,,,,,,,,,,,,,,,,,,,,,,,,,,,,,,,,,STEELE
1993-09-01,3.4,,,,,,,,,,,,17772,,,,,,,,,,,,,,,,,,,,,,,,,,,,,,,,,,,,,,,,,,,,,STEELE
1993-10-01,3.4,,,,,,,,,,,,17471,,,,,,,,,,,787.0,,,,,,,,,,,,,,,,,,,,,,,,,,,,,,,,,,STEELE
1993-11-01,3.1,,,,,,,,,,,,17608,,,,,,,,,,,,,,,,,,,,,,,,,,,,,,,,,,,,,,,,,,,,,STEELE
1993-12-01,3.3,,,,,,,,,,,,17428,,,,,,,,,,,,,,,,,,,,,,,,,,,,,,,,,,,,,,,,,,,,,STEELE
1994-01-01,4.9,,20981.0,,31.818,,,,667574.0,,,,17603,,,,,,74.99,,,,,792.0,106.0,,,,,,,,,,,,,,,,,,,,,,,,,,,,,,,,,STEELE
1994-02-01,4.5,,,,,,,,,,,,17564,,,,,,,,,,,,,,,,,,,,,,,,,,,,,,,,,,,,,,,,,,,,,STEELE
1994-03-01,4.4,,,,,,,,,,,,17640,,,,,,,,,,,,,,,,,,,,,,,,,,,,,,,,,,,,,,,,,,,,,STEELE
1994-04-01,3.7,,,,,,,,,,,,17550,,,,,,,,,,,793.0,,,,,,,,,,,,,,,,,,,,,,,,,,,,,,,,,,STEELE
1994-05-01,3.2,,,,,,,,,,,,17769,,,,,,,,,,,,,,,,,,,,,,,,,,,,,,,,,,,,,,,,,,,,,STEELE
1994-06-01,3.9,,,,,,,,,,,,18118,,,,,,,,,,,,,,,,,,,,,,,,,,,,,,,,,,,,,,,,,,,,,STEELE
1994-07-01,3.7,,,,,,,,,,,,18268,,,,,,,,,,,779.0,,,,,,,,,,,,,,,,,,,,,,,,,,,,,,,,,,STEELE
1994-08-01,3.5,,,,,,,,,,,,18369,,,,,,,,,,,,,,,,,,,,,,,,,,,,,,,,,,,,,,,,,,,,,STEELE
1994-09-01,3.5,,,,,,,,,,,,18236,,,,,,,,,,,,,,,,,,,,,,,,,,,,,,,,,,,,,,,,,,,,,STEELE
1994-10-01,3.1,,,,,,,,,,,,18038,,,,,,,,,,,796.0,,,,,,,,,,,,,,,,,,,,,,,,,,,,,,,,,,STEELE
1994-11-01,3.1,,,,,,,,,,,,17940,,,,,,,,,,,,,,,,,,,,,,,,,,,,,,,,,,,,,,,,,,,,,STEELE
1994-12-01,3.3,,,,,,,,,,,,17758,,,,,,,,,,,,,,,,,,,,,,,,,,,,,,,,,,,,,,,,,,,,,STEELE
1995-01-01,4.8,,21788.0,,32.007,6.2,,1272.0,697355.0,,,,17850,,,,,,79.91,,39802.0,,,799.0,130.0,36702.0,42886.0,,,,,,,1951.0,1547.0,2355.0,4.9,,7.5,,,,,,462.0,6.7,358.0,566.0,5.2,720.0,7.8,,562.0,879.0,6.1,8.3,9.5,STEELE
1995-02-01,4.5,,,,,,,,,,,,17843,,,,,,,,,,,,,,,,,,,,,,,,,,,,,,,,,,,,,,,,,,,,,STEELE
1995-03-01,4.2,,,,,,,,,,,,17934,,,,,,,,,,,,,,,,,,,,,,,,,,,,,,,,,,,,,,,,,,,,,STEELE
1995-04-01,4.0,,,,,,,,,,,,18151,,,,,,,,,,,800.0,,,,,,,,,,,,,,,,,,,,,,,,,,,,,,,,,,STEELE
1995-05-01,3.4,,,,,,,,,,,,18099,,,,,,,,,,,,,,,,,,,,,,,,,,,,,,,,,,,,,,,,,,,,,STEELE
1995-06-01,4.0,,,,,,,,,,,,18633,,,,,,,,,,,,,,,,,,,,,,,,,,,,,,,,,,,,,,,,,,,,,STEELE
1995-07-01,3.9,,,,,,,,,,,,18438,,,,,,,,,,,786.0,,,,,,,,,,,,,,,,,,,,,,,,,,,,,,,,,,STEELE
1995-08-01,3.9,,,,,,,,,,,,18389,,,,,,,,,,,,,,,,,,,,,,,,,,,,,,,,,,,,,,,,,,,,,STEELE
1995-09-01,3.9,,,,,,,,,,,,18563,,,,,,,,,,,,,,,,,,,,,,,,,,,,,,,,,,,,,,,,,,,,,STEELE
1995-10-01,3.1,,,,,,,,,,,,18273,,,,,,,,,,,817.0,,,,,,,,,,,,,,,,,,,,,,,,,,,,,,,,,,STEELE
1995-11-01,3.3,,,,,,,,,,,,18233,,,,,,,,,,,,,,,,,,,,,,,,,,,,,,,,,,,,,,,,,,,,,STEELE
1995-12-01,3.3,,,,,,,,,,,,18149,,,,,,,,,,,,,,,,,,,,,,,,,,,,,,,,,,,,,,,,,,,,,STEELE
1996-01-01,4.4,,23790.0,,32.111999999999995,,,,763960.0,,,,18384,,,,,,82.71,,,,,827.0,126.0,,,,,,,,,,,,,,,,,,,,,,,,,,,,,,,,,STEELE
1996-02-01,4.1,,,,,,,,,,,,18302,,,,,,,,,,,,,,,,,,,,,,,,,,,,,,,,,,,,,,,,,,,,,STEELE
1996-03-01,4.4,,,,,,,,,,,,18553,,,,,,,,,,,,,,,,,,,,,,,,,,,,,,,,,,,,,,,,,,,,,STEELE
1996-04-01,3.6,,,,,,,,,,,,18570,,,,,,,,,,,817.0,,,,,,,,,,,,,,,,,,,,,,,,,,,,,,,,,,STEELE
1996-05-01,3.6,,,,,,,,,,,,18760,,,,,,,,,,,,,,,,,,,,,,,,,,,,,,,,,,,,,,,,,,,,,STEELE
1996-06-01,4.4,,,,,,,,,,,,19175,,,,,,,,,,,,,,,,,,,,,,,,,,,,,,,,,,,,,,,,,,,,,STEELE
1996-07-01,4.2,,,,,,,,,,,,19376,,,,,,,,,,,821.0,,,,,,,,,,,,,,,,,,,,,,,,,,,,,,,,,,STEELE
1996-08-01,3.3,,,,,,,,,,,,19265,,,,,,,,,,,,,,,,,,,,,,,,,,,,,,,,,,,,,,,,,,,,,STEELE
1996-09-01,3.2,,,,,,,,,,,,19181,,,,,,,,,,,,,,,,,,,,,,,,,,,,,,,,,,,,,,,,,,,,,STEELE
1996-10-01,2.7,,,,,,,,,,,,19203,,,,,,,,,,,823.0,,,,,,,,,,,,,,,,,,,,,,,,,,,,,,,,,,STEELE
1996-11-01,2.7,,,,,,,,,,,,18900,,,,,,,,,,,,,,,,,,,,,,,,,,,,,,,,,,,,,,,,,,,,,STEELE
1996-12-01,2.9,,,,,,,,,,,,18821,,,,,,,,,,,,,,,,,,,,,,,,,,,,,,,,,,,,,,,,,,,,,STEELE
1997-01-01,4.0,,24416.0,,32.349000000000004,7.3,,1119.0,789838.0,,,,18810,,,,,,87.05,,43657.0,,,832.0,158.0,40552.0,46744.0,,,,,,,2318.0,1789.0,2847.0,5.6,,9.0,,,,,,649.0,9.6,462.0,836.0,6.8,978.0,10.6,,729.0,1227.0,7.9,12.4,13.3,STEELE
1997-02-01,3.6,,,,,,,,,,,,18643,,,,,,,,,,,,,,,,,,,,,,,,,,,,,,,,,,,,,,,,,,,,,STEELE
1997-03-01,3.5,,,,,,,,,,,,18928,,,,,,,,,,,,,,,,,,,,,,,,,,,,,,,,,,,,,,,,,,,,,STEELE
1997-04-01,3.3,,,,,,,,,,,,18859,,,,,,,,,,,836.0,,,,,,,,,,,,,,,,,,,,,,,,,,,,,,,,,,STEELE
1997-05-01,3.2,,,,,,,,,,,,18854,,,,,,,,,,,,,,,,,,,,,,,,,,,,,,,,,,,,,,,,,,,,,STEELE
1997-06-01,3.3,,,,,,,,,,,,19359,,,,,,,,,,,,,,,,,,,,,,,,,,,,,,,,,,,,,,,,,,,,,STEELE
1997-07-01,2.9,,,,,,,,,,,,19190,,,,,,,,,,,862.0,,,,,,,,,,,,,,,,,,,,,,,,,,,,,,,,,,STEELE
1997-08-01,3.0,,,,,,,,,,,,19482,,,,,,,,,,,,,,,,,,,,,,,,,,,,,,,,,,,,,,,,,,,,,STEELE
1997-09-01,3.2,,,,,,,,,,,,19540,,,,,,,,,,,,,,,,,,,,,,,,,,,,,,,,,,,,,,,,,,,,,STEELE
1997-10-01,2.6,,,,,,,,,,,,19131,,,,,,,,,,,858.0,,,,,,,,,,,,,,,,,,,,,,,,,,,,,,,,,,STEELE
1997-11-01,2.5,,,,,,,,,,,,19053,,,,,,,,,,,,,,,,,,,,,,,,,,,,,,,,,,,,,,,,,,,,,STEELE
1997-12-01,2.3,,,,,,,,,,,,19138,,,,,,,,,,,,,,,,,,,,,,,,,,,,,,,,,,,,,,,,,,,,,STEELE
1998-01-01,3.2,32182.0,26280.0,,32.766,7.2,,1030.0,861105.0,,,,18982,,,,,,91.19,,45164.0,,,856.0,192.0,42069.0,48243.0,9267.0,6912.0,,,,,2307.0,1785.0,2829.0,5.5,,8.8,,,,,,607.0,8.8,403.0,811.0,5.8,907.0,9.8,,654.0,1160.0,7.1,11.7,12.5,STEELE
1998-02-01,3.1,,,,,,,,,,,,19048,,,,,,,,,,,,,,,,,,,,,,,,,,,,,,,,,,,,,,,,,,,,,STEELE
1998-03-01,3.3,,,,,,,,,,,,19411,,,,,,,,,,,,,,,,,,,,,,,,,,,,,,,,,,,,,,,,,,,,,STEELE
1998-04-01,2.4,,,,,,,,,,,,19524,,,,,,,,,,,855.0,,,,,,,,,,,,,,,,,,,,,,,,,,,,,,,,,,STEELE
1998-05-01,2.1,,,,,,,,,,,,19750,,,,,,,,,,,,,,,,,,,,,,,,,,,,,,,,,,,,,,,,,,,,,STEELE
1998-06-01,2.5,,,,,,,,,,,,20264,,,,,,,,,,,,,,,,,,,,,,,,,,,,,,,,,,,,,,,,,,,,,STEELE
1998-07-01,2.2,,,,,,,,,,,,20269,,,,,,,,,,,863.0,,,,,,,,,,,,,,,,,,,,,,,,,,,,,,,,,,STEELE
1998-08-01,2.0,,,,,,,,,,,,20031,,,,,,,,,,,,,,,,,,,,,,,,,,,,,,,,,,,,,,,,,,,,,STEELE
1998-09-01,2.0,,,,,,,,,,,,19961,,,,,,,,,,,,,,,,,,,,,,,,,,,,,,,,,,,,,,,,,,,,,STEELE
1998-10-01,1.9,,,,,,,,,,,,19650,,,,,,,,,,,864.0,,,,,,,,,,,,,,,,,,,,,,,,,,,,,,,,,,STEELE
1998-11-01,1.8,,,,,,,,,,,,19580,,,,,,,,,,,,,,,,,,,,,,,,,,,,,,,,,,,,,,,,,,,,,STEELE
1998-12-01,1.8,,,,,,,,,,,,19626,,,,,,,,,,,,,,,,,,,,,,,,,,,,,,,,,,,,,,,,,,,,,STEELE
1999-01-01,2.7,33468.0,26296.0,,33.288000000000004,6.1,,1015.0,875349.0,,,,19674,271.0,,,,277.4,95.17,26.641975308641968,45920.0,,,868.0,185.0,43036.0,48996.0,9365.0,6930.0,,,,,2048.0,1544.0,2552.0,4.6,,7.6,,,,,,512.0,7.4,323.0,701.0,4.7,721.0,7.7,,489.0,952.0,5.2,10.1,10.2,STEELE
1999-02-01,2.6,,,,,,,,,,,,19669,,,,,,,,,,,,,,,,,,,,,,,,,,,,,,,,,,,,,,,,,,,,,STEELE
1999-03-01,2.7,,,,,,,,,,,,19799,,,,,,,,,,,,,,,,,,,,,,,,,,,,,,,,,,,,,,,,,,,,,STEELE
1999-04-01,2.8,,,,,,,,,,,,19694,,,,,,,27.33366434955313,,,,883.0,,,,,,,,,,,,,,,,,,,,,,,,,,,,,,,,,,STEELE
1999-05-01,2.2,,,,,,,,,,,,19822,,,,,,,,,,,,,,,,,,,,,,,,,,,,,,,,,,,,,,,,,,,,,STEELE
1999-06-01,2.9,,,,,,,,,,,,20464,,,,,,,,,,,,,,,,,,,,,,,,,,,,,,,,,,,,,,,,,,,,,STEELE
1999-07-01,3.0,,,,,,,,,,,,19172,,,,,,,26.28712871287129,,,,882.0,,,,,,,,,,,,,,,,,,,,,,,,,,,,,,,,,,STEELE
1999-08-01,2.5,,,,,,,,,,,,19293,,,,,,,,,,,,,,,,,,,,,,,,,,,,,,,,,,,,,,,,,,,,,STEELE
1999-09-01,2.4,,,,,,,,,,,,19296,,,,,,,,,,,,,,,,,,,,,,,,,,,,,,,,,,,,,,,,,,,,,STEELE
1999-10-01,1.8,,,,,,,,,,,,19711,,,,,,,26.936619718309856,,,,886.0,,,,,,,,,,,,,,,,,,,,,,,,,,,,,,,,,,STEELE
1999-11-01,1.9,,,,,,,,,,,,19558,,,,,,,,,,,,,,,,,,,,,,,,,,,,,,,,,,,,,,,,,,,,,STEELE
1999-12-01,2.4,,,,,,,,,,,,19470,,,,,,,,,,,,,,,,,,,,,,,,,,,,,,,,,,,,,,,,,,,,,STEELE
2000-01-01,3.4,33880.0,27434.0,,33.79,6.1,,1264.0,927063.0,,,,19413,255.0,,,,259.1,100.0,27.80561122244489,47956.0,,,882.0,182.0,44503.0,51677.0,9128.0,6746.0,,,,,2070.0,1604.0,2536.0,4.7,,7.5,,,,,,396.0,5.9,271.0,521.0,4.0,649.0,7.1,,482.0,816.0,5.3,7.7,8.9,STEELE
2000-02-01,3.3,,,,,,,,,,,,19303,,,,,,,,,,,,,,,,,,,,,,,,,,,,,,,,,,,,,,,,,,,,,STEELE
2000-03-01,3.4,,,,,,,,,,,,19441,,,,,,,,,,,,,,,,,,,,,,,,,,,,,,,,,,,,,,,,,,,,,STEELE
2000-04-01,2.6,,,,,,,,,,,,19383,,,,,,,29.150197628458496,,,,900.0,,,,,,,,,,,,,,,,,,,,,,,,,,,,,,,,,,STEELE
2000-05-01,2.6,,,,,,,,,,,,19480,,,,,,,,,,,,,,,,,,,,,,,,,,,,,,,,,,,,,,,,,,,,,STEELE
2000-06-01,2.9,,,,,,,,,,,,19735,,,,,,,,,,,,,,,,,,,,,,,,,,,,,,,,,,,,,,,,,,,,,STEELE
2000-07-01,2.9,,,,,,,,,,,,19534,,,,,,,27.8564453125,,,,917.0,,,,,,,,,,,,,,,,,,,,,,,,,,,,,,,,,,STEELE
2000-08-01,2.9,,,,,,,,,,,,19548,,,,,,,,,,,,,,,,,,,,,,,,,,,,,,,,,,,,,,,,,,,,,STEELE
2000-09-01,2.7,,,,,,,,,,,,19590,,,,,,,,,,,,,,,,,,,,,,,,,,,,,,,,,,,,,,,,,,,,,STEELE
2000-10-01,2.6,,,,,,,,,,,,19584,,,,,,,26.12505921364282,,,,918.0,,,,,,,,,,,,,,,,,,,,,,,,,,,,,,,,,,STEELE
2000-11-01,3.0,,,,,,,,,,,,19715,,,,,,,,,,,,,,,,,,,,,,,,,,,,,,,,,,,,,,,,,,,,,STEELE
2000-12-01,2.8,,,,,,,,,,,,19430,,,,,,,,,,,,,,,,,,,,,,,,,,,,,,,,,,,,,,,,,,,,,STEELE
2001-01-01,4.0,34008.0,28391.0,,34.169000000000004,6.5,,1442.0,969651.0,,,,19766,311.4,,,,315.4,106.64,26.31189948263119,47400.0,,,911.0,188.0,44260.0,50762.0,9036.0,6708.0,,,,,2211.0,1708.0,2714.0,5.0,,8.0,,,,,,453.0,6.8,300.0,606.0,4.5,680.0,7.5,,489.0,870.0,5.4,9.0,9.6,STEELE
2001-02-01,4.1,,,,,,,,,,,,19671,,,,,,,,,,,,,,,,,,,,,,,,,,,,,,,,,,,,,,,,,,,,,STEELE
2001-03-01,4.1,,,,,,,,,,,,20026,,,,,,,,,,,,,,,,,,,,,,,,,,,,,,,,,,,,,,,,,,,,,STEELE
2001-04-01,4.0,,,,,,,,,,,,19866,,,,,,,26.429980276134124,,,,913.0,,,,,,,,,,,,,,,,,,,,,,,,,,,,,,,,,,STEELE
2001-05-01,3.2,,,,,,,,,,,,19952,,,,,,,,,,,,,,,,,,,,,,,,,,,,,,,,,,,,,,,,,,,,,STEELE
2001-06-01,3.8,,,,,,,,,,,,20107,,,,,,,,,,,,,,,,,,,,,,,,,,,,,,,,,,,,,,,,,,,,,STEELE
2001-07-01,3.9,,,,,,,,,,,,19682,,,,,,,25.6064016004001,,,,922.0,,,,,,,,,,,,,,,,,,,,,,,,,,,,,,,,,,STEELE
2001-08-01,4.0,,,,,,,,,,,,19478,,,,,,,,,,,,,,,,,,,,,,,,,,,,,,,,,,,,,,,,,,,,,STEELE
2001-09-01,3.6,,,,,,,,,,,,19442,,,,,,,,,,,,,,,,,,,,,,,,,,,,,,,,,,,,,,,,,,,,,STEELE
2001-10-01,3.4,,,,,,,,,,,,19401,,,,,,,26.581657675331048,,,,916.0,,,,,,,,,,,,,,,,,,,,,,,,,,,,,,,,,,STEELE
2001-11-01,3.5,,,,,,,,,,,,19350,,,,,,,,,,,,,,,,,,,,,,,,,,,,,,,,,,,,,,,,,,,,,STEELE
2001-12-01,4.1,,,,,,,,,,,,19154,,,,,,,,,,,,,,,,,,,,,,,,,,,,,,,,,,,,,,,,,,,,,STEELE
2002-01-01,5.3,34494.0,28584.0,,34.361,6.3,,1466.0,980940.0,,,,19396,300.5,,,,300.8,110.98,26.51496413554291,47986.0,,,920.0,246.0,44798.0,51402.0,8990.0,6674.0,,,,,2172.0,1657.0,2686.0,4.8,,7.8,,,,,,443.0,6.6,302.0,584.0,4.5,646.0,7.2,,468.0,824.0,5.2,8.7,9.2,STEELE
2002-02-01,5.5,,,,,,,,,,,,19306,,,,,,,,,,,,,,,,,,,,,,,,,,,,,,,,,,,,,,,,,,,,,STEELE
2002-03-01,5.7,,,,,,,,,,,,19450,,,,,,,,,,,,,,,,,,,,,,,,,,,,,,,,,,,,,,,,,,,,,STEELE
2002-04-01,5.2,,,,,,,,,,,,19352,,,,,,,26.216013968570717,,,,931.0,,,,,,,,,,,,,,,,,,,,,,,,,,,,,,,,,,STEELE
2002-05-01,4.2,,,,,,,,,,,,19414,,,,,,,,,,,,,,,,,,,,,,,,,,,,,,,,,,,,,,,,,,,,,STEELE
2002-06-01,4.9,,,,,,,,,,,,19805,,,,,,,,,,,,,,,,,,,,,,,,,,,,,,,,,,,,,,,,,,,,,STEELE
2002-07-01,4.3,,,,,,,,,,,,19691,,,,,,,27.02967868530782,,,,934.0,,,,,,,,,,,,,,,,,,,,,,,,,,,,,,,,,,STEELE
2002-08-01,4.1,,,,,,,,,,,,19665,,,,,,,,,,,,,,,,,,,,,,,,,,,,,,,,,,,,,,,,,,,,,STEELE
2002-09-01,3.6,,,,,,,,,,,,19808,,,,,,,,,,,,,,,,,,,,,,,,,,,,,,,,,,,,,,,,,,,,,STEELE
2002-10-01,3.4,,,,,,,,,,,,19665,,,,,,,27.261306532663315,,,,933.0,,,,,,,,,,,,,,,,,,,,,,,,,,,,,,,,,,STEELE
2002-11-01,3.6,,,,,,,,,,,,19584,,,,,,,,,,,,,,,,,,,,,,,,,,,,,,,,,,,,,,,,,,,,,STEELE
2002-12-01,4.0,,,,,,,,,,,,19263,,,,,,,,,,,,,,,,,,,,,,,,,,,,,,,,,,,,,,,,,,,,,STEELE
2003-01-01,5.7,34878.0,28792.0,,34.739000000000004,6.8,,1532.0,998187.0,,,,19282,287.8,,,,284.7,113.58,26.828025477707016,48720.0,,,933.0,264.0,45741.0,51893.0,8873.0,6591.0,,,,,2377.0,1813.0,2940.0,5.2,,8.4,,,,,,462.0,7.0,318.0,606.0,4.8,752.0,8.5,,548.0,956.0,6.2,9.2,10.8,STEELE
2003-02-01,5.9,,,,,,,,,,,,19169,,,,,,,,,,,,,,,,,,,,,,,,,,,,,,,,,,,,,,,,,,,,,STEELE
2003-03-01,5.5,,,,,,,,,,,,19268,,,,,,,,,,,,,,,,,,,,,,,,,,,,,,,,,,,,,,,,,,,,,STEELE
2003-04-01,4.9,,,,,,,,,,,,19394,,,,,,,25.969994826694254,,,,940.0,,,,,,,,,,,,,,,,,,,,,,,,,,,,,,,,,,STEELE
2003-05-01,4.4,,,,,,,,,,,,19487,,,,,,,,,,,,,,,,,,,,,,,,,,,,,,,,,,,,,,,,,,,,,STEELE
2003-06-01,5.5,,,,,,,,,,,,19726,,,,,,,,,,,,,,,,,,,,,,,,,,,,,,,,,,,,,,,,,,,,,STEELE
2003-07-01,5.1,,,,,,,,,,,,19554,,,,,,,25.840390043623298,,,,955.0,,,,,,,,,,,,,,,,,,,,,,,,,,,,,,,,,,STEELE
2003-08-01,4.9,,,,,,,,,,,,19505,,,,,,,,,,,,,,,,,,,,,,,,,,,,,,,,,,,,,,,,,,,,,STEELE
2003-09-01,4.6,,,,,,,,,,,,19504,,,,,,,,,,,,,,,,,,,,,,,,,,,,,,,,,,,,,,,,,,,,,STEELE
2003-10-01,4.2,,,,,,,,,,,,19396,,,,,,,26.169405815423517,,,,959.0,,,,,,,,,,,,,,,,,,,,,,,,,,,,,,,,,,STEELE
2003-11-01,4.2,,,,,,,,,,,,19470,,,,,,,,,,,,,,,,,,,,,,,,,,,,,,,,,,,,,,,,,,,,,STEELE
2003-12-01,4.4,,,,,,,,,,,,19394,,,,,,,,,,,,,,,,,,,,,,,,,,,,,,,,,,,,,,,,,,,,,STEELE
2004-01-01,5.7,35499.0,30809.0,,35.147,7.0,,1766.0,1081084.0,,,,19494,241.8,,,,240.4,120.41,26.24584717607973,51066.0,,,944.0,248.0,47927.0,54409.0,8997.0,6445.0,,,,,2500.0,1881.0,3119.0,5.3,,8.8,,,,,,534.0,8.3,352.0,716.0,5.5,837.0,9.3,,598.0,1077.0,6.6,11.1,12.0,STEELE
2004-02-01,5.4,,,,,,,,,,,,19357,,,,,,,,,,,,,,,,,,,,,,,,,,,,,,,,,,,,,,,,,,,,,STEELE
2004-03-01,5.6,,,,,,,,,,,,19633,,,,,,,,,,,,,,,,,,,,,,,,,,,,,,,,,,,,,,,,,,,,,STEELE
2004-04-01,4.4,,,,,,,,,,,,19563,,,,,,,26.115956900974854,,,,946.0,,,,,,,,,,,,,,,,,,,,,,,,,,,,,,,,,,STEELE
2004-05-01,4.3,,,,,,,,,,,,19577,,,,,,,,,,,,,,,,,,,,,,,,,,,,,,,,,,,,,,,,,,,,,STEELE
2004-06-01,5.2,,,,,,,,,,,,19881,,,,,,,,,,,,,,,,,,,,,,,,,,,,,,,,,,,,,,,,,,,,,STEELE
2004-07-01,4.9,,,,,,,,,,,,19716,,,,,,,26.166275736252278,,,,964.0,,,,,,,,,,,,,,,,,,,,,,,,,,,,,,,,,,STEELE
2004-08-01,4.7,,,,,,,,,,,,19559,,,,,,,,,,,,,,,,,,,,,,,,,,,,,,,,,,,,,,,,,,,,,STEELE
2004-09-01,4.3,,,,,,,,,,,,19410,,,,,,,,,,,,,,,,,,,,,,,,,,,,,,,,,,,,,,,,,,,,,STEELE
2004-10-01,3.5,,,,,,,,,,,,19819,,,,,,,26.632911392405067,,,,966.0,,,,,,,,,,,,,,,,,,,,,,,,,,,,,,,,,,STEELE
2004-11-01,3.6,,,,,,,,,,,,19711,,,,,,,,,,,,,,,,,,,,,,,,,,,,,,,,,,,,,,,,,,,,,STEELE
2004-12-01,3.8,,,,,,,,,,,,19624,,,,,,,,,,,,,,,,,,,,,,,,,,,,,,,,,,,,,,,,,,,,,STEELE
2005-01-01,5.3,34976.0,31064.0,,35.592,6.7,,1709.0,1104897.0,,,,19642,220.7,,,,216.7,129.03,26.37222364054123,51296.0,,,955.0,199.0,47182.0,55410.0,8834.0,6363.0,,,,,2329.0,1895.0,2762.0,5.4,,7.9,213.0,,,,,506.0,8.0,381.0,631.0,6.0,803.0,9.1,,621.0,985.0,7.0,9.9,11.1,STEELE
2005-02-01,5.0,,,,,,,,,,,,19454,,,,,,,,,,,,,,,,,,,,,,,,,,,,,,,,,,,,,,,,,,,,,STEELE
2005-03-01,5.1,,,,,,,,,,,,19597,,,,,,,,,,,,,,,,,,,,,,,,,,,,,,,,,,,,,,,,,,,,,STEELE
2005-04-01,4.2,,,,,,,,,,,,19496,,,,,,,26.24309392265193,,,,983.0,,,,,,,,,,,,,,,,,,,,,,,,,,,,,,,,,,STEELE
2005-05-01,3.8,,,,,,,,,,,,19579,,,,,,,,,,,,,,,,,,,,,,,,,,,,,,,,,,,,,,,,,,,,,STEELE
2005-06-01,4.1,,,,,,,,,,,,19787,,,,,,,,,,,,,,,,,,,,,,,,,,,,,,,,,,,,,,,,,,,,,STEELE
2005-07-01,3.8,,,,,,,,,,,,19774,,,,,,,25.804889857177443,,,,1003.0,,,,,,,,,,,,,,,,,,,,,,,,,,,,,,,,,,STEELE
2005-08-01,3.6,,,,,,,,,,,,19614,,,,,,,,,,,,,,,,,,,,,,,,,,,,,,,,,,,,,,,,,,,,,STEELE
2005-09-01,3.6,,,,,,,,,,,,19630,,,,,,,,,,,,,,,,,,,,,,,,,,,,,,,,,,,,,,,,,,,,,STEELE
2005-10-01,3.4,,,,,,,,,,,,19785,,,,,,,26.37019230769231,,,,1024.0,,,,,,,,,,,,,,,,,,,,,,,,,,,,,,,,,,STEELE
2005-11-01,3.6,,,,,,,,,,,,19849,,,,,,,,,,,,,,,,,,,,,,,,,,,,,,,,,,,,,,,,,,,,,STEELE
2005-12-01,4.1,,,,,,,,,,,,19816,,,,,,,,,,,,,,,,,,,,,,,,,,,,,,,,,,,,,,,,,,,,,STEELE
2006-01-01,4.9,35678.0,32488.0,,36.071,7.2,,1725.0,1170857.0,,,,19986,239.0,,,,228.6,133.09,26.4892578125,52490.0,,,1012.0,209.0,49480.0,55500.0,9086.0,6554.0,,,,,2575.0,2088.0,3061.0,5.9,,8.6,193.0,,,,,538.0,8.2,414.0,662.0,6.3,843.0,9.3,,666.0,1020.0,7.3,10.1,11.2,STEELE
2006-02-01,4.9,,,,,,,,,,,,19795,,,,,,,,,,,,,,,,,,,,,,,,,,,,,,,,,,,,,,,,,,,,,STEELE
2006-03-01,4.7,,,,,,,,,,,,19961,,,,,,,,,,,,,,,,,,,,,,,,,,,,,,,,,,,,,,,,,,,,,STEELE
2006-04-01,3.9,,,,,,,,,,,,19706,,,,,,,26.39125151883353,,,,1005.0,,,,,,,,,,,,,,,,,,,,,,,,,,,,,,,,,,STEELE
2006-05-01,3.3,,,,,,,,,,,,19711,,,,,,,,,,,,,,,,,,,,,,,,,,,,,,,,,,,,,,,,,,,,,STEELE
2006-06-01,3.9,,,,,,,,,,,,20141,,,,,,,,,,,,,,,,,,,,,,,,,,,,,,,,,,,,,,,,,,,,,STEELE
2006-07-01,3.9,,,,,,,,,,,,19915,,,,,,,26.371511068334932,,,,1002.0,,,,,,,,,,,,,,,,,,,,,,,,,,,,,,,,,,STEELE
2006-08-01,3.6,,,,,,,,,,,,20015,,,,,,,,,,,,,,,,,,,,,,,,,,,,,,,,,,,,,,,,,,,,,STEELE
2006-09-01,3.5,,,,,,,,,,,,20165,,,,,,,,,,,,,,,,,,,,,,,,,,,,,,,,,,,,,,,,,,,,,STEELE
2006-10-01,3.3,,,,,,,,,,,,20786,,,,,,,26.28189249442656,,,,1017.0,,,,,,,,,,,,,,,,,,,,,,,,,,,,,,,,,,STEELE
2006-11-01,3.4,,,,,,,,,,,,20148,,,,,,,,,,,,,,,,,,,,,,,,,,,,,,,,,,,,,,,,,,,,,STEELE
2006-12-01,4.2,,,,,,,,,,,,19831,,,,,,,,,,,,,,,,,,,,,,,,,,,,,,,,,,,,,,,,,,,,,STEELE
2007-01-01,5.5,35842.0,33566.0,,36.394,7.1,,2005.0,1219852.0,,,,20154,237.2,,,,226.3,133.62,26.6484878532474,53333.0,,,976.0,116.0,49579.0,57087.0,9270.0,6575.0,,,,,2536.0,2007.0,3065.0,5.6,,8.6,157.0,,,,,534.0,8.1,395.0,673.0,6.0,864.0,9.3,,654.0,1074.0,7.1,10.2,11.6,STEELE
2007-02-01,5.1,,,,,,,,,,,,19967,,,,,,,,,,,,,,,,,,,,,,,,,,,,,,,,,,,,,,,,,,,,,STEELE
2007-03-01,5.0,,,,,,,,,,,,20185,,,,,,,,,,,,,,,,,,,,,,,,,,,,,,,,,,,,,,,,,,,,,STEELE
2007-04-01,4.4,,,,,,,,,,,,20112,,,,,,,26.526054590570716,,,,993.0,,,,,,,,,,,,,,,,,,,,,,,,,,,,,,,,,,STEELE
2007-05-01,3.8,,,,,,,,,,,,19985,,,,,,,,,,,,,,,,,,,,,,,,,,,,,,,,,,,,,,,,,,,,,STEELE
2007-06-01,4.3,,,,,,,,,,,,20443,,,,,,,,,,,,,,,,,,,,,,,,,,,,,,,,,,,,,,,,,,,,,STEELE
2007-07-01,4.2,,,,,,,,,,,,20462,,,,,,,26.561342878301648,,,,997.0,,,,,,,,,,,,,,,,,,,,,,,,,,,,,,,,,,STEELE
2007-08-01,4.0,,,,,,,,,,,,20566,,,,,,,,,,,,,,,,,,,,,,,,,,,,,,,,,,,,,,,,,,,,,STEELE
2007-09-01,4.0,,,,,,,,,,,,20806,,,,,,,,,,,,,,,,,,,,,,,,,,,,,,,,,,,,,,,,,,,,,STEELE
2007-10-01,3.6,,,,,,,,,,,,21002,,,,,,,27.47060295221416,,,,1003.0,,,,,,,,,,,,,,,,,,,,,,,,,,,,,,,,,,STEELE
2007-11-01,3.5,,,,,,,,,,,,20503,,,,,,,,,,,,,,,,,,,,,,,,,,,,,,,,,,,,,,,,,,,,,STEELE
2007-12-01,4.2,,,,,,,,,,,,20629,,,,,,,,,,,,,,,,,,,,,,,,,,,,,,,,,,,,,,,,,,,,,STEELE
2008-01-01,5.0,36050.0,36696.0,,36.633,7.7,,2106.0,1341528.0,,,,20449,271.3,,,,249.1,129.76,28.216412114936578,56435.0,,,985.0,81.0,53303.0,59567.0,9155.0,6465.0,,,,,2774.0,2256.0,3292.0,6.3,60.7399998903275,9.1,115.0,,,,,523.0,8.1,398.0,648.0,6.2,912.0,10.0,,722.0,1102.0,7.9,10.0,12.0,STEELE
2008-02-01,5.2,,,,,,,,,,,,20153,,,,,,,,,,,,,,,,,,,,,,,,,,,,,,,,,,,,,,,,,,,,,STEELE
2008-03-01,5.2,,,,,,,,,,,,20393,,,,,,,,,,,,,,,,,,,,,,,,,,,,,,,,,,,,,,,,,,,,,STEELE
2008-04-01,4.9,,,,,,,,,,,,20467,,,,,,,28.003120124804997,,,,991.0,,,,,,,,,,,,,,,,,,,,,,,,,,,,,,,,,,STEELE
2008-05-01,4.8,,,,,,,,,,,,20574,,,,,,,,,,,,,,,,,,,,,,,,,,,,,,,,,,,,,,,,,,,,,STEELE
2008-06-01,4.9,,,,,,,,,,,,20861,,,,,,,,,,,,,,,,,,,,,,,,,,,,,,,,,,,,,,,,,,,,,STEELE
2008-07-01,5.1,,,,,,,,,,,,20830,,,,,,,27.594099694811806,,,,1002.0,,,,,,,,,,,,,,,,,,,,,,,,,,,,,,,,,,STEELE
2008-08-01,5.1,,,,,,,,,,,,20898,,,,,,,,,,,,,,,,,,,,,,,,,,,,,,,,,,,,,,,,,,,,,STEELE
2008-09-01,4.9,,,,,,,,,,,,20961,,,,,,,,,,,,,,,,,,,,,,,,,,,,,,,,,,,,,,,,,,,,,STEELE
2008-10-01,4.5,,,,,,,,,,,,21451,,,,,,,29.053539710733318,,,,994.0,,,,,,,,,,,,,,,,,,,,,,,,,,,,,,,,,,STEELE
2008-11-01,5.0,,,,,,,,,,,,21438,,,,,,,,,,,,,,,,,,,,,,,,,,,,,,,,,,,,,,,,,,,,,STEELE
2008-12-01,6.3,,,,,,,,,,,,21086,,,,,,,,,,,,,,,,,,,,,,,,,,,,,,,,,,,,,,,,,,,,,STEELE
2009-01-01,8.1,36250.0,35848.0,,36.689,7.7,54.012687601270564,2951.0,1315042.0,,5.836194212849437,,20530,258.5,,37.2,17.453380588876776,240.5,123.17,28.61901101716629,57980.0,,,946.0,38.0,53329.0,62632.0,9650.0,6860.0,80.88622688073649,-254.0,2000.0,28.018679119412948,2808.0,2179.0,3438.0,6.0,58.8199999332428,9.5,76.0,31.0,32529.0,303.0,19.0,692.0,10.1,527.0,857.0,7.7,1051.0,10.9,981.0,809.0,1293.0,8.4,12.5,13.4,STEELE
2009-02-01,9.1,,,,,,,,,,,,20423,,,,,,,,,,,,,,,,,,,,,,,,,,,,,,,,,,,,,,,,,,,,,STEELE
2009-03-01,9.7,,,,,,,,,,,,20474,,,,,,,,,,,,,,,,,,,,,,,,,,,,,,,,,,,,,,,,,,,,,STEELE
2009-04-01,9.0,,,,,,,,,,,,20471,,,,,,,27.96414852752881,,,,962.0,,,,,,,,,,,,,,,,,,,,,,,,,,,,,,,,,,STEELE
2009-05-01,8.7,,,,,,,,,,,,20553,,,,,,,,,,,,,,,,,,,,,,,,,,,,,,,,,,,,,,,,,,,,,STEELE
2009-06-01,9.1,,,,,,,,,,,,20691,,,,,,,,,,,,,,,,,,,,,,,,,,,,,,,,,,,,,,,,,,,,,STEELE
2009-07-01,9.1,,,,,,,,,,,,20820,,,,,,,27.85260482846252,,,,957.0,,,,,,,,,,,,,,,,,,,,,,,,,,,,,,,,,,STEELE
2009-08-01,8.6,,,,,,,,,,,,20882,,,,,,,,,,,,,,,,,,,,,,,,,,,,,,,,,,,,,,,,,,,,,STEELE
2009-09-01,8.4,,,,,,,,,,,,20987,,,,,,,,,,,,,,,,,,,,,,,,,,,,,,,,,,,,,,,,,,,,,STEELE
2009-10-01,7.7,,,,,,,,,,,,21360,,,,,,,28.374870197300105,,,,955.0,,,,,,,,,,,,,,,,,,,,,,,,,,,,,,,,,,STEELE
2009-11-01,7.6,,,,,,,,,,,,21293,,,,,,,,,,,,,,,,,,,,,,,,,,,,,,,,,,,,,,,,,,,,,STEELE
2009-12-01,8.1,,,,,,,,,,,,21265,,,,,,,,,,,,,,,,,,,,,,,,,,,,,,,,,,,,,,,,,,,,,STEELE
2010-01-01,9.4,36057.0,36925.0,,36.493,10.4,53.178969786112646,3638.0,1347925.0,9.535837353549276,5.175983436853001,31.15812119039082,20701,268.5,,38.0,17.5155211252129,236.6,117.22,27.801380775358467,51069.0,22.0,89.4,921.0,41.0,48198.0,53940.0,9480.0,6826.0,81.325267926196,-267.0,2136.0,26.738319806975213,3733.0,3136.0,4330.0,8.7,60.9899998903275,12.1,117.0,31.8,32634.0,289.0,35.0,801.0,11.7,624.0,978.0,9.1,1292.0,13.6,935.0,1034.0,1550.0,10.9,14.3,16.3,STEELE
2010-02-01,9.4,,,,,,,,,,,,20714,,,,,,,,,,,,,,,,,,,,,,,,,,,,,,,,,,,,,,,,,,,,,STEELE
2010-03-01,9.6,,,,,,,,,,,,20781,,,,,,,,,,,,,,,,,,,,,,,,,,,,,,,,,,,,,,,,,,,,,STEELE
2010-04-01,8.2,,,,,,,,,,,,20938,,,,,,,27.67810026385224,,,,925.0,,,,,,,,,,,,,,,,,,,,,,,,,,,,,,,,,,STEELE
2010-05-01,7.6,,,,,,,,,,,,21050,,,,,,,,,,,,,,,,,,,,,,,,,,,,,,,,,,,,,,,,,,,,,STEELE
2010-06-01,7.7,,,,,,,,,,,,21025,,,,,,,,,,,,,,,,,,,,,,,,,,,,,,,,,,,,,,,,,,,,,STEELE
2010-07-01,7.5,,,,,,,,,,,,21242,,,,,,,27.49276506182584,,,,928.0,,,,,,,,,,,,,,,,,,,,,,,,,,,,,,,,,,STEELE
2010-08-01,7.1,,,,,,,,,,,,21520,,,,,,,,,,,,,,,,,,,,,,,,,,,,,,,,,,,,,,,,,,,,,STEELE
2010-09-01,7.1,,,,,,,,,,,,20981,,,,,,,,,,,,,,,,,,,,,,,,,,,,,,,,,,,,,,,,,,,,,STEELE
2010-10-01,6.4,,,,,,,,,,,,21671,,,,,,,28.060015793629898,,,,931.0,,,,,,,,,,,,,,,,,,,,,,,,,,,,,,,,,,STEELE
2010-11-01,6.4,,,,,,,,,,,,21551,,,,,,,,,,,,,,,,,,,,,,,,,,,,,,,,,,,,,,,,,,,,,STEELE
2010-12-01,7.1,,,,,,,,,,,,20576,,,,,,,,,,,,,,,,,,,,,,,,,,,,,,,,,,,,,,,,,,,,,STEELE
2011-01-01,7.9,36040.0,39107.0,,36.566,9.6,50.95472513406586,3885.0,1429837.0,10.226536076662908,6.480985538296733,30.819245773732124,20757,254.1,,38.3,17.47566371681416,222.8,109.28,27.74535809018568,54971.0,23.7,90.8,918.0,29.0,51666.0,58276.0,9414.0,6788.0,80.57435726024346,-427.0,2209.0,26.766453885097953,3476.0,2878.0,4074.0,7.9,60.18899999978021,11.3,115.0,33.6,32612.0,287.0,28.0,873.0,12.9,679.0,1067.0,10.0,1280.0,13.6,941.0,1015.0,1545.0,10.8,15.8,16.4,STEELE
2011-02-01,7.7,,,,,,,,,,,,20603,,,,,,,,,,,,,,,,,,,,,,,,,,,,,,,,,,,,,,,,,,,,,STEELE
2011-03-01,7.7,,,,,,,,,,,,20473,,,,,,,,,,,,,,,,,,,,,,,,,,,,,,,,,,,,,,,,,,,,,STEELE
2011-04-01,6.9,,,,,,,,,,,,20661,,,,,,,26.529535864978904,,,,921.0,,,,,,,,,,,,,,,,,,,,,,,,,,,,,,,,,,STEELE
2011-05-01,6.4,,,,,,,,,,,,20915,,,,,,,,,,,,,,,,,,,,,,,,,,,,,,,,,,,,,,,,,,,,,STEELE
2011-06-01,6.9,,,,,,,,,,,,21054,,,,,,,,,,,,,,,,,,,,,,,,,,,,,,,,,,,,,,,,,,,,,STEELE
2011-07-01,7.0,,,,,,,,,,,,21449,,,,,,,25.87731047414948,,,,926.0,,,,,,,,,,,,,,,,,,,,,,,,,,,,,,,,,,STEELE
2011-08-01,6.1,,,,,,,,,,,,21512,,,,,,,,,,,,,,,,,,,,,,,,,,,,,,,,,,,,,,,,,,,,,STEELE
2011-09-01,5.6,,,,,,,,,,,,21676,,,,,,,,,,,,,,,,,,,,,,,,,,,,,,,,,,,,,,,,,,,,,STEELE
2011-10-01,5.1,,,,,,,,,,,,21783,,,,,,,27.469624933967253,,,,932.0,,,,,,,,,,,,,,,,,,,,,,,,,,,,,,,,,,STEELE
2011-11-01,5.0,,,,,,,,,,,,21567,,,,,,,,,,,,,,,,,,,,,,,,,,,,,,,,,,,,,,,,,,,,,STEELE
2011-12-01,5.6,,,,,,,,,,,,20969,,,,,,,,,,,,,,,,,,,,,,,,,,,,,,,,,,,,,,,,,,,,,STEELE
2012-01-01,6.5,35843.0,41232.0,8.6,36.306999999999995,8.3,39.94486691318319,4285.0,1496502.0,10.344575799721836,6.313536650615302,29.49279001363082,20884,321.8,,38.8,17.899522873982598,280.8,107.26,26.325606181721287,56940.0,24.8,91.8,926.0,37.0,53302.0,60578.0,9290.0,6722.0,80.56716251601759,-534.0,2290.0,27.95936395759717,2975.0,2358.0,3592.0,6.6,46.9469999996945,10.0,118.0,34.7,32498.0,272.0,37.0,774.0,11.5,585.0,963.0,8.7,1177.0,12.7,779.0,908.0,1446.0,9.8,14.3,15.6,STEELE
2012-02-01,6.8,,,,,,,,,,,,20793,,,,,,,,,,,,,,,,,,,,,,,,,,,,,,,,,,,,,,,,,,,,,STEELE
2012-03-01,6.7,,,,,,,,,,,,20972,,,,,,,,,,,,,,,,,,,,,,,,,,,,,,,,,,,,,,,,,,,,,STEELE
2012-04-01,5.4,,,,,,,,,,,,20914,,,,,,,26.235639861074013,,,,919.0,,,,,,,,,,,,,,,,,,,,,,,,,,,,,,,,,,STEELE
2012-05-01,5.2,,,,,,,,,,,,20995,,,,,,,,,,,,,,,,,,,,,,,,,,,,,,,,,,,,,,,,,,,,,STEELE
2012-06-01,5.7,,,,,,,,,,,,21356,,,,,,,,,,,,,,,,,,,,,,,,,,,,,,,,,,,,,,,,,,,,,STEELE
2012-07-01,5.5,,,,,,,,,,,,22176,,,,,,,26.891425537563048,,,,920.0,,,,,,,,,,,,,,,,,,,,,,,,,,,,,,,,,,STEELE
2012-08-01,5.5,,,,,,,,,,,,22180,,,,,,,,,,,,,,,,,,,,,,,,,,,,,,,,,,,,,,,,,,,,,STEELE
2012-09-01,4.6,,,,,,,,,,,,22336,,,,,,,,,,,,,,,,,,,,,,,,,,,,,,,,,,,,,,,,,,,,,STEELE
2012-10-01,4.4,,,,,,,,,,,,22192,,,,,,,26.894142933906497,,,,919.0,,,,,,,,,,,,,,,,,,,,,,,,,,,,,,,,,,STEELE
2012-11-01,4.3,,,,,,,,,,,,21833,,,,,,,,,,,,,,,,,,,,,,,,,,,,,,,,,,,,,,,,,,,,,STEELE
2012-12-01,4.8,,,,,,,,,,,,22213,,,,,,,,,,,,,,,,,,,,,,,,,,,,,,,,,,,,,,,,,,,,,STEELE
2013-01-01,6.2,35934.0,41051.0,10.3,36.361999999999995,10.7,42.88687215630579,4106.0,1493231.0,11.15709006593725,5.6246888999502245,29.14326341983647,20917,298.0,,39.4,17.286409414959827,260.6,110.35,25.858854860186423,53932.0,24.9,92.4,888.0,34.0,50484.0,57380.0,9127.0,6648.0,80.5352865816298,-752.0,2415.0,27.317620650953984,3853.0,3231.0,4475.0,9.0,52.4639999996871,12.4,116.0,34.3,32328.0,270.0,37.0,888.0,13.4,687.0,1089.0,10.4,1310.0,14.4,834.0,1049.0,1571.0,11.5,16.4,17.3,STEELE
2013-02-01,5.8,,,,,,,,,,,,20802,,,,,,,,,,,,,,,,,,,,,,,,,,,,,,,,,,,,,,,,,,,,,STEELE
2013-03-01,5.5,,,,,,,,,,,,20959,,,,,,,,,,,,,,,,,,,,,,,,,,,,,,,,,,,,,,,,,,,,,STEELE
2013-04-01,4.9,,,,,,,,,,,,20956,,,,,,,25.56508183943881,,,,896.0,,,,,,,,,,,,,,,,,,,,,,,,,,,,,,,,,,STEELE
2013-05-01,4.3,,,,,,,,,,,,21084,,,,,,,,,,,,,,,,,,,,,,,,,,,,,,,,,,,,,,,,,,,,,STEELE
2013-06-01,4.7,,,,,,,,,,,,21509,,,,,,,,,,,,,,,,,,,,,,,,,,,,,,,,,,,,,,,,,,,,,STEELE
2013-07-01,4.5,,,,,,,,,,,,21500,,,,,,,25.530851861104175,,,,902.0,,,,,,,,,,,,,,,,,,,,,,,,,,,,,,,,,,STEELE
2013-08-01,4.3,,,,,,,,,,,,21785,,,,,,,,,,,,,,,,,,,,,,,,,,,,,,,,,,,,,,,,,,,,,STEELE
2013-09-01,3.8,,,,,,,,,,,,21600,,,,,,,,,,,,,,,,,,,,,,,,,,,,,,,,,,,,,,,,,,,,,STEELE
2013-10-01,3.5,,,,,,,,,,,,22170,,,,,,,25.02475247524752,,,,884.0,,,,,,,,,,,,,,,,,,,,,,,,,,,,,,,,,,STEELE
2013-11-01,3.3,,,,,,,,,,,,21561,,,,,,,,,,,,,,,,,,,,,,,,,,,,,,,,,,,,,,,,,,,,,STEELE
2013-12-01,3.9,,,,,,,,,,,,21891,,,,,,,,,,,,,,,,,,,,,,,,,,,,,,,,,,,,,,,,,,,,,STEELE
2014-01-01,5.0,36064.0,41352.0,11.0,36.489000000000004,10.9,35.896958334561404,3690.0,1511279.0,11.492987737719364,2.6455026455026456,29.09375444586712,20675,282.2,,39.7,17.6982719157702,230.6,112.06,24.411983164149547,57850.0,24.8,91.7,888.0,47.0,52521.0,63179.0,9062.0,6624.0,80.74253700142152,-704.0,2508.0,29.1866028708134,3931.0,3312.0,4550.0,9.2,41.334999999962704,12.6,110.0,33.7,32175.0,277.0,27.0,1001.0,15.1,819.0,1183.0,12.4,1533.0,16.9,853.0,1280.0,1786.0,14.1,17.8,19.7,STEELE
2014-02-01,5.1,,,,,,,,,,,,20633,,,,,,,,,,,,,,,,,,,,,,,,,,,,,,,,,,,,,,,,,,,,,STEELE
2014-03-01,5.0,,,,,,,,,,,,20749,,,,,,,,,,,,,,,,,,,,,,,,,,,,,,,,,,,,,,,,,,,,,STEELE
2014-04-01,4.2,,,,,,,,,,,,20782,,,,,,,23.78942140551279,,,,887.0,,,,,,,,,,,,,,,,,,,,,,,,,,,,,,,,,,STEELE
2014-05-01,3.5,,,,,,,,,,,,20861,,,,,,,,,,,,,,,,,,,,,,,,,,,,,,,,,,,,,,,,,,,,,STEELE
2014-06-01,3.9,,,,,,,,,,,,21158,,,,,,,,,,,,,,,,,,,,,,,,,,,,,,,,,,,,,,,,,,,,,STEELE
2014-07-01,3.8,,,,,,,,,,,,21073,,,,,,,23.794447150511452,,,,898.0,,,,,,,,,,,,,,,,,,,,,,,,,,,,,,,,,,STEELE
2014-08-01,3.5,,,,,,,,,,,,21636,,,,,,,,,,,,,,,,,,,,,,,,,,,,,,,,,,,,,,,,,,,,,STEELE
2014-09-01,3.0,,,,,,,,,,,,21372,,,,,,,,,,,,,,,,,,,,,,,,,,,,,,,,,,,,,,,,,,,,,STEELE
2014-10-01,2.5,,,,,,,,,,,,22430,,,,,,,24.252006810994892,,,,895.0,,,,,,,,,,,,,,,,,,,,,,,,,,,,,,,,,,STEELE
2014-11-01,2.7,,,,,,,,,,,,22194,,,,,,,,,,,,,,,,,,,,,,,,,,,,,,,,,,,,,,,,,,,,,STEELE
2014-12-01,3.3,,,,,,,,,,,,22077,,,,,,,,,,,,,,,,,,,,,,,,,,,,,,,,,,,,,,,,,,,,,STEELE
2015-01-01,4.3,36249.0,42191.0,10.4,36.621,9.4,29.699403967482237,3491.0,1547707.0,11.136493751309084,2.2552537160430552,26.84056731523056,20881,293.1,,39.8,17.890772128060263,241.4,113.51,23.672083434392434,60970.0,25.4,91.8,868.0,34.0,57107.0,64833.0,9134.0,6633.0,80.05399087164645,-886.0,2600.0,29.965792474344354,3410.0,2791.0,4029.0,7.7,40.7559999995865,11.1,98.0,34.7,32087.0,319.0,35.0,833.0,12.6,657.0,1009.0,9.9,1209.0,13.2,905.0,974.0,1444.0,10.6,15.3,15.8,STEELE
2015-02-01,4.3,,,,,,,,,,,,20838,,,,,,,,,,,,,,,,,,,,,,,,,,,,,,,,,,,,,,,,,,,,,STEELE
2015-03-01,4.0,,,,,,,,,,,,20895,,,,,,,,,,,,,,,,,,,,,,,,,,,,,,,,,,,,,,,,,,,,,STEELE
2015-04-01,3.2,,,,,,,,,,,,20788,,,,,,,22.54475084663764,,,,869.0,,,,,,,,,,,,,,,,,,,,,,,,,,,,,,,,,,STEELE
2015-05-01,3.2,,,,,,,,,,,,21196,,,,,,,,,,,,,,,,,,,,,,,,,,,,,,,,,,,,,,,,,,,,,STEELE
2015-06-01,3.5,,,,,,,,,,,,21153,,,,,,,,,,,,,,,,,,,,,,,,,,,,,,,,,,,,,,,,,,,,,STEELE
2015-07-01,3.5,,,,,,,,,,,,21158,,,,,,,22.563482466747278,,,,870.0,,,,,,,,,,,,,,,,,,,,,,,,,,,,,,,,,,STEELE
2015-08-01,3.1,,,,,,,,,,,,21654,,,,,,,,,,,,,,,,,,,,,,,,,,,,,,,,,,,,,,,,,,,,,STEELE
2015-09-01,2.8,,,,,,,,,,,,21040,,,,,,,,,,,,,,,,,,,,,,,,,,,,,,,,,,,,,,,,,,,,,STEELE
2015-10-01,2.5,,,,,,,,,,,,22012,,,,,,,23.13593862383121,,,,875.0,,,,,,,,,,,,,,,,,,,,,,,,,,,,,,,,,,STEELE
2015-11-01,2.5,,,,,,,,,,,,21862,,,,,,,,,,,,,,,,,,,,,,,,,,,,,,,,,,,,,,,,,,,,,STEELE
2015-12-01,3.2,,,,,,,,,,,,20957,,,,,,,,,,,,,,,,,,,,,,,,,,,,,,,,,,,,,,,,,,,,,STEELE
2016-01-01,4.0,36286.0,43470.0,9.4,36.703,9.1,27.660771395437173,,1599923.0,11.065758861365811,2.9177718832891246,25.773195876288657,21148,268.7,,39.5,17.96135401974612,216.5,121.76,22.992088228242626,60619.0,24.8,92.4,884.0,65.0,57159.0,64079.0,9131.0,6740.0,79.97553244731134,,2636.0,29.02319044272663,3315.0,2711.0,3919.0,7.4,,10.8,93.0,34.8,32026.0,338.0,48.0,744.0,11.0,567.0,921.0,8.4,1118.0,12.2,1047.0,877.0,1359.0,9.6,13.6,14.8,STEELE
2016-02-01,4.1,,,,,,,,,,,,20989,,,,,,,,,,,,,,,,,,,,,,,,,,,,,,,,,,,,,,,,,,,,,STEELE
2016-03-01,4.1,,,,,,,,,,,,21098,,,,,,,,,,,,,,,,,,,,,,,,,,,,,,,,,,,,,,,,,,,,,STEELE
2016-04-01,3.2,,,,,,,,,,,,20966,,,,,,,22.116301239275497,,,,886.0,,,,,,,,,,,,,,,,,,,,,,,,,,,,,,,,,,STEELE
2016-05-01,2.8,,,,,,,,,,,,21033,,,,,,,,,,,,,,,,,,,,,,,,,,,,,,,,,,,,,,,,,,,,,STEELE
2016-06-01,3.8,,,,,,,,,,,,21165,,,,,,,,,,,,,,,,,,,,,,,,,,,,,,,,,,,,,,,,,,,,,STEELE
2016-07-01,3.8,,,,,,,,,,,,21018,,,,,,,22.222222222222218,,,,890.0,,,,,,,,,,,,,,,,,,,,,,,,,,,,,,,,,,STEELE
2016-08-01,3.8,,,,,,,,,,,,21128,,,,,,,,,,,,,,,,,,,,,,,,,,,,,,,,,,,,,,,,,,,,,STEELE
2016-09-01,3.2,,,,,,,,,,,,21338,,,,,,,,,,,,,,,,,,,,,,,,,,,,,,,,,,,,,,,,,,,,,STEELE
2016-10-01,3.1,,,,,,,,,,,,21878,,,,,,,22.566995768688287,,,,900.0,,,,,,,,,,,,,,,,,,,,,,,,,,,,,,,,,,STEELE
2016-11-01,2.9,,,,,,,,,,,,21659,,,,,,,,,,,,,,,,,,,,,,,,,,,,,,,,,,,,,,,,,,,,,STEELE
2016-12-01,3.7,,,,,,,,,,,,21809,,,,,,,,,,,,,,,,,,,,,,,,,,,,,,,,,,,,,,,,,,,,,STEELE
2017-01-01,4.7,,,,36.887,,,,,,,,20574,,,,,,128.53,22.209220688041192,,,,903.0,135.0,,,,,,,,,,,,,,,75.0,,,,,,,,,,,,,,,,,,STEELE
2017-02-01,4.3,,,,,,,,,,,,20337,,,,,,,,,,,,,,,,,,,,,,,,,,,,,,,,,,,,,,,,,,,,,STEELE
2017-03-01,3.9,,,,,,,,,,,,20467,,,,,,,,,,,,,,,,,,,,,,,,,,,,,,,,,,,,,,,,,,,,,STEELE
2017-04-01,3.3,,,,,,,,,,,,20571,,,,,,,21.749244010234943,,,,911.0,,,,,,,,,,,,,,,,,,,,,,,,,,,,,,,,,,STEELE
2017-05-01,3.0,,,,,,,,,,,,20619,,,,,,,,,,,,,,,,,,,,,,,,,,,,,,,,,,,,,,,,,,,,,STEELE
2017-06-01,3.5,,,,,,,,,,,,20917,,,,,,,,,,,,,,,,,,,,,,,,,,,,,,,,,,,,,,,,,,,,,STEELE
2017-07-01,3.5,,,,,,,,,,,,20663,,,,,,,22.022160664819946,,,,919.0,,,,,,,,,,,,,,,,,,,,,,,,,,,,,,,,,,STEELE
2017-08-01,3.5,,,,,,,,,,,,20643,,,,,,,,,,,,,,,,,,,,,,,,,,,,,,,,,,,,,,,,,,,,,STEELE
2017-09-01,2.7,,,,,,,,,,,,20486,,,,,,,,,,,,,,,,,,,,,,,,,,,,,,,,,,,,,,,,,,,,,STEELE
2017-10-01,2.3,,,,,,,,,,,,20450,,,,,,,22.379078916917383,,,,922.0,,,,,,,,,,,,,,,,,,,,,,,,,,,,,,,,,,STEELE
2017-11-01,2.4,,,,,,,,,,,,20453,,,,,,,,,,,,,,,,,,,,,,,,,,,,,,,,,,,,,,,,,,,,,STEELE
2017-12-01,3.3,,,,,,,,,,,,20549,,,,,,,,,,,,,,,,,,,,,,,,,,,,,,,,,,,,,,,,,,,,,STEELE
2018-01-01,4.4,,,,,,,,,,,,19968,,,,,,,21.925890960585324,,,,931.0,,,,,,,,,,,,,,,,,,,,,,,,,,,,,,,,,,STEELE
2018-02-01,4.2,,,,,,,,,,,,19920,,,,,,,,,,,,,,,,,,,,,,,,,,,,,,,,,,,,,,,,,,,,,STEELE
2018-03-01,4.2,,,,,,,,,,,,19975,,,,,,,,,,,,,,,,,,,,,,,,,,,,,,,,,,,,,,,,,,,,,STEELE
2018-04-01,3.4,,,,,,,,,,,,20029,,,,,,,21.92613370733988,,,,,,,,,,,,,,,,,,,,,,,,,,,,,,,,,,,,,,STEELE
2018-05-01,2.7,,,,,,,,,,,,20089,,,,,,,,,,,,,,,,,,,,,,,,,,,,,,,,,,,,,,,,,,,,,STEELE
2018-06-01,3.1,,,,,,,,,,,,20110,,,,,,,,,,,,,,,,,,,,,,,,,,,,,,,,,,,,,,,,,,,,,STEELE
2018-07-01,3.1,,,,,,,,,,,,19998,,,,,,,,,,,,,,,,,,,,,,,,,,,,,,,,,,,,,,,,,,,,,STEELE
2018-08-01,2.7,,,,,,,,,,,,19871,,,,,,,,,,,,,,,,,,,,,,,,,,,,,,,,,,,,,,,,,,,,,STEELE
