DATE,MNWRIG0URN,NETMIGNACS027171,PUAAMN27171A647NCEN,CBR27171MNA647NCEN,B01002001E027171,S1701ACS027171,MNWRIG0POP,PI27171,MHIMN27171A052NCEN,PCPI27171,ATNHPIUS27171A,BPPRIV027171,ENU2717120510,MNWRIG0LFN,EQFXSUBPRIME027171,2020RATIO027171,DP04ACS027171,CDC20N2U027171,B080ACS027171,B14005DCYACS027171,PEAAMN27171A647NCEN,PPAAMN27171A156NCEN,PECIUBAAMN27171A647NCEN,HOWNRATEACS027171,DMPCRATE027171,RACEDISPARITY027171,FBITC027171,PEU18MN27171A647NCEN,PUA0T17MN27171A647NCEN,PUA5T17RMN27171A647NCEN,USPTOISSUED027171,B03002003E027171,B03002005E027171,MHICILBMN27171A052NCEN,MHICIUBMN27171A052NCEN,MWACL27171,HC01ESTVC1727171,HC01ESTVC1627171,B03002006E027171,B03002012E027171,CDC20N2UAA027171,PECILBAAMN27171A647NCEN,PPCILBAAMN27171A156NCEN,S1101SPHOUSE027171,PPCIUBAAMN27171A156NCEN,S1501ACSTOTAL027171,B03002004E027171,PPU18MN27171A156NCEN,PECILBU18MN27171A647NCEN,PECIUBU18MN27171A647NCEN,PPCILBU18MN27171A156NCEN,PE5T17MN27171A647NCEN,PP5T17MN27171A156NCEN,PECILB5T17MN27171A647NCEN,PECIUB5T17MN27171A647NCEN,PPCILB5T17MN27171A156NCEN,PPCIUB5T17MN27171A156NCEN,PPCIUBU18MN27171A156NCEN,county
1991-01-01,8.6,,,,,,70.76899999999999,1204533.0,,17021.0,61.19,458.0,1452.0,38646,,,,,,,,,,,,,,,,,,,,,,,,,,,,,,,,,,,,,,,,,,,,,WRIGHT
1991-02-01,8.7,,,,,,,,,,,,,38811,,,,,,,,,,,,,,,,,,,,,,,,,,,,,,,,,,,,,,,,,,,,,WRIGHT
1991-03-01,8.7,,,,,,,,,,,,,39034,,,,,,,,,,,,,,,,,,,,,,,,,,,,,,,,,,,,,,,,,,,,,WRIGHT
1991-04-01,7.0,,,,,,,,,,,,1468.0,38528,,,,,,,,,,,,,,,,,,,,,,,,,,,,,,,,,,,,,,,,,,,,,WRIGHT
1991-05-01,5.3,,,,,,,,,,,,,37905,,,,,,,,,,,,,,,,,,,,,,,,,,,,,,,,,,,,,,,,,,,,,WRIGHT
1991-06-01,5.5,,,,,,,,,,,,,38263,,,,,,,,,,,,,,,,,,,,,,,,,,,,,,,,,,,,,,,,,,,,,WRIGHT
1991-07-01,5.1,,,,,,,,,,,,1469.0,38601,,,,,,,,,,,,,,,,,,,,,,,,,,,,,,,,,,,,,,,,,,,,,WRIGHT
1991-08-01,4.7,,,,,,,,,,,,,38273,,,,,,,,,,,,,,,,,,,,,,,,,,,,,,,,,,,,,,,,,,,,,WRIGHT
1991-09-01,4.7,,,,,,,,,,,,,37743,,,,,,,,,,,,,,,,,,,,,,,,,,,,,,,,,,,,,,,,,,,,,WRIGHT
1991-10-01,4.3,,,,,,,,,,,,1483.0,37831,,,,,,,,,,,,,,,,,,,,,,,,,,,,,,,,,,,,,,,,,,,,,WRIGHT
1991-11-01,5.8,,,,,,,,,,,,,38633,,,,,,,,,,,,,,,,,,,,,,,,,,,,,,,,,,,,,,,,,,,,,WRIGHT
1991-12-01,6.5,,,,,,,,,,,,,38751,,,,,,,,,,,,,,,,,,,,,,,,,,,,,,,,,,,,,,,,,,,,,WRIGHT
1992-01-01,8.4,,,,,,72.429,1327899.0,,18334.0,62.6,617.0,1473.0,39475,,,,,,,,,,,,,,,,,,,,,,,,,,,,,,,,,,,,,,,,,,,,,WRIGHT
1992-02-01,8.3,,,,,,,,,,,,,39632,,,,,,,,,,,,,,,,,,,,,,,,,,,,,,,,,,,,,,,,,,,,,WRIGHT
1992-03-01,8.5,,,,,,,,,,,,,40058,,,,,,,,,,,,,,,,,,,,,,,,,,,,,,,,,,,,,,,,,,,,,WRIGHT
1992-04-01,6.5,,,,,,,,,,,,1477.0,39341,,,,,,,,,,,,,,,,,,,,,,,,,,,,,,,,,,,,,,,,,,,,,WRIGHT
1992-05-01,5.0,,,,,,,,,,,,,38804,,,,,,,,,,,,,,,,,,,,,,,,,,,,,,,,,,,,,,,,,,,,,WRIGHT
1992-06-01,5.5,,,,,,,,,,,,,39172,,,,,,,,,,,,,,,,,,,,,,,,,,,,,,,,,,,,,,,,,,,,,WRIGHT
1992-07-01,4.4,,,,,,,,,,,,1484.0,39457,,,,,,,,,,,,,,,,,,,,,,,,,,,,,,,,,,,,,,,,,,,,,WRIGHT
1992-08-01,4.5,,,,,,,,,,,,,39380,,,,,,,,,,,,,,,,,,,,,,,,,,,,,,,,,,,,,,,,,,,,,WRIGHT
1992-09-01,4.6,,,,,,,,,,,,,38925,,,,,,,,,,,,,,,,,1.0,,,,,,,,,,,,,,,,,,,,,,,,,,,,WRIGHT
1992-10-01,3.8,,,,,,,,,,,,1493.0,38872,,,,,,,,,,,,,,,,,,,,,,,,,,,,,,,,,,,,,,,,,,,,,WRIGHT
1992-11-01,5.2,,,,,,,,,,,,,39626,,,,,,,,,,,,,,,,,,,,,,,,,,,,,,,,,,,,,,,,,,,,,WRIGHT
1992-12-01,6.4,,,,,,,,,,,,,40104,,,,,,,,,,,,,,,,,,,,,,,,,,,,,,,,,,,,,,,,,,,,,WRIGHT
1993-01-01,8.5,,,3149.0,,,74.332,1397716.0,39488.0,18804.0,63.79,750.0,1516.0,40724,,,,,,,5588.0,7.2,6747.0,,,,,2323.0,,,,,,37233.0,41732.0,,,,,,,4428.0,5.7,,8.7,,,9.1,1809.0,2837.0,7.1,1444.0,7.7,1092.0,1796.0,5.8,9.6,11.1,WRIGHT
1993-02-01,8.2,,,,,,,,,,,,,40860,,,,,,,,,,,,,,,,,,,,,,,,,,,,,,,,,,,,,,,,,,,,,WRIGHT
1993-03-01,8.0,,,,,,,,,,,,,40932,,,,,,,,,,,,,,,,,,,,,,,,,,,,,,,,,,,,,,,,,,,,,WRIGHT
1993-04-01,6.6,,,,,,,,,,,,1516.0,40576,,,,,,,,,,,,,,,,,,,,,,,,,,,,,,,,,,,,,,,,,,,,,WRIGHT
1993-05-01,4.9,,,,,,,,,,,,,39994,,,,,,,,,,,,,,,,,,,,,,,,,,,,,,,,,,,,,,,,,,,,,WRIGHT
1993-06-01,5.5,,,,,,,,,,,,,40461,,,,,,,,,,,,,,,,,,,,,,,,,,,,,,,,,,,,,,,,,,,,,WRIGHT
1993-07-01,4.3,,,,,,,,,,,,1544.0,40664,,,,,,,,,,,,,,,,,,,,,,,,,,,,,,,,,,,,,,,,,,,,,WRIGHT
1993-08-01,4.1,,,,,,,,,,,,,40567,,,,,,,,,,,,,,,,,,,,,,,,,,,,,,,,,,,,,,,,,,,,,WRIGHT
1993-09-01,4.4,,,,,,,,,,,,,39940,,,,,,,,,,,,,,,,,,,,,,,,,,,,,,,,,,,,,,,,,,,,,WRIGHT
1993-10-01,4.1,,,,,,,,,,,,1573.0,40387,,,,,,,,,,,,,,,,,,,,,,,,,,,,,,,,,,,,,,,,,,,,,WRIGHT
1993-11-01,4.4,,,,,,,,,,,,,40756,,,,,,,,,,,,,,,,,,,,,,,,,,,,,,,,,,,,,,,,,,,,,WRIGHT
1993-12-01,5.6,,,,,,,,,,,,,41233,,,,,,,,,,,,,,,,,,,,,,,,,,,,,,,,,,,,,,,,,,,,,WRIGHT
1994-01-01,7.5,,,,,,76.277,1528741.0,,20042.0,67.19,802.0,1620.0,42160,,,,,,,,,,,,,,,,,,,,,,,,,,,,,,,,,,,,,,,,,,,,,WRIGHT
1994-02-01,7.2,,,,,,,,,,,,,42220,,,,,,,,,,,,,,,,,,,,,,,,,,,,,,,,,,,,,,,,,,,,,WRIGHT
1994-03-01,6.7,,,,,,,,,,,,,42237,,,,,,,,,,,,,,,,,,,,,,,,,,,,,,,,,,,,,,,,,,,,,WRIGHT
1994-04-01,5.2,,,,,,,,,,,,1650.0,42006,,,,,,,,,,,,,,,,,,,,,,,,,,,,,,,,,,,,,,,,,,,,,WRIGHT
1994-05-01,3.2,,,,,,,,,,,,,41197,,,,,,,,,,,,,,,,,,,,,,,,,,,,,,,,,,,,,,,,,,,,,WRIGHT
1994-06-01,3.2,,,,,,,,,,,,,41383,,,,,,,,,,,,,,,,,,,,,,,,,,,,,,,,,,,,,,,,,,,,,WRIGHT
1994-07-01,2.8,,,,,,,,,,,,1626.0,41908,,,,,,,,,,,,,,,,,,,,,,,,,,,,,,,,,,,,,,,,,,,,,WRIGHT
1994-08-01,2.9,,,,,,,,,,,,,41688,,,,,,,,,,,,,,,,,,,,,,,,,,,,,,,,,,,,,,,,,,,,,WRIGHT
1994-09-01,2.9,,,,,,,,,,,,,41053,,,,,,,,,,,,,,,,,,,,,,,,,,,,,,,,,,,,,,,,,,,,,WRIGHT
1994-10-01,2.6,,,,,,,,,,,,1671.0,41476,,,,,,,,,,,,,,,,,,,,,,,,,,,,,,,,,,,,,,,,,,,,,WRIGHT
1994-11-01,2.7,,,,,,,,,,,,,41633,,,,,,,,,,,,,,,,,,,,,,,,,,,,,,,,,,,,,,,,,,,,,WRIGHT
1994-12-01,4.6,,,,,,,,,,,,,42585,,,,,,,,,,,,,,,,,,,,,,,,,,,,,,,,,,,,,,,,,,,,,WRIGHT
1995-01-01,6.4,,,2553.0,,,78.438,1629035.0,44072.0,20768.0,73.07,806.0,1687.0,43486,,,,,,,4636.0,5.7,5596.0,,,,,1940.0,,,,,,41021.0,47106.0,,,,,,,3676.0,4.5,,6.8,,,7.3,1503.0,2378.0,5.6,1247.0,6.3,957.0,1537.0,4.9,7.8,8.9,WRIGHT
1995-02-01,6.2,,,,,,,,,,,,,43643,,,,,,,,,,,,,,,,,,,,,,,,,,,,,,,,,,,,,,,,,,,,,WRIGHT
1995-03-01,5.8,,,,,,,,,,,,,43578,,,,,,,,,,,,,,,,,,,,,,,,,,,,,,,,,,,,,,,,,,,,,WRIGHT
1995-04-01,5.0,,,,,,,,,,,,1721.0,43315,,,,,,,,,,,,,,,,,,,,,,,,,,,,,,,,,,,,,,,,,,,,,WRIGHT
1995-05-01,3.0,,,,,,,,,,,,,42660,,,,,,,,,,,,,,,,,,,,,,,,,,,,,,,,,,,,,,,,,,,,,WRIGHT
1995-06-01,3.1,,,,,,,,,,,,,42865,,,,,,,,,,,,,,,,,1.0,,,,,,,,,,,,,,,,,,,,,,,,,,,,WRIGHT
1995-07-01,3.0,,,,,,,,,,,,1684.0,43585,,,,,,,,,,,,,,,,,,,,,,,,,,,,,,,,,,,,,,,,,,,,,WRIGHT
1995-08-01,2.6,,,,,,,,,,,,,43305,,,,,,,,,,,,,,,,,,,,,,,,,,,,,,,,,,,,,,,,,,,,,WRIGHT
1995-09-01,2.8,,,,,,,,,,,,,42731,,,,,,,,,,,,,,,,,,,,,,,,,,,,,,,,,,,,,,,,,,,,,WRIGHT
1995-10-01,2.5,,,,,,,,,,,,1771.0,43153,,,,,,,,,,,,,,,,,,,,,,,,,,,,,,,,,,,,,,,,,,,,,WRIGHT
1995-11-01,3.1,,,,,,,,,,,,,43519,,,,,,,,,,,,,,,,,,,,,,,,,,,,,,,,,,,,,,,,,,,,,WRIGHT
1995-12-01,4.7,,,,,,,,,,,,,44081,,,,,,,,,,,,,,,,,,,,,,,,,,,,,,,,,,,,,,,,,,,,,WRIGHT
1996-01-01,6.0,,,,,,80.92399999999999,1778224.0,,21974.0,76.47,938.0,1775.0,44874,,,,,,,,,,,,,,,,,,,,,,,,,,,,,,,,,,,,,,,,,,,,,WRIGHT
1996-02-01,5.8,,,,,,,,,,,,,44918,,,,,,,,,,,,,,,,,,,,,,,,,,,,,,,,,,,,,,,,,,,,,WRIGHT
1996-03-01,5.9,,,,,,,,,,,,,45122,,,,,,,,,,,,,,,,,1.0,,,,,,,,,,,,,,,,,,,,,,,,,,,,WRIGHT
1996-04-01,5.1,,,,,,,,,,,,1816.0,44988,,,,,,,,,,,,,,,,,,,,,,,,,,,,,,,,,,,,,,,,,,,,,WRIGHT
1996-05-01,3.2,,,,,,,,,,,,,44256,,,,,,,,,,,,,,,,,,,,,,,,,,,,,,,,,,,,,,,,,,,,,WRIGHT
1996-06-01,3.3,,,,,,,,,,,,,44715,,,,,,,,,,,,,,,,,,,,,,,,,,,,,,,,,,,,,,,,,,,,,WRIGHT
1996-07-01,3.3,,,,,,,,,,,,1843.0,45321,,,,,,,,,,,,,,,,,,,,,,,,,,,,,,,,,,,,,,,,,,,,,WRIGHT
1996-08-01,2.8,,,,,,,,,,,,,44816,,,,,,,,,,,,,,,,,,,,,,,,,,,,,,,,,,,,,,,,,,,,,WRIGHT
1996-09-01,2.9,,,,,,,,,,,,,44423,,,,,,,,,,,,,,,,,,,,,,,,,,,,,,,,,,,,,,,,,,,,,WRIGHT
1996-10-01,2.7,,,,,,,,,,,,1857.0,44760,,,,,,,,,,,,,,,,,,,,,,,,,,,,,,,,,,,,,,,,,,,,,WRIGHT
1996-11-01,3.5,,,,,,,,,,,,,45349,,,,,,,,,,,,,,,,,,,,,,,,,,,,,,,,,,,,,,,,,,,,,WRIGHT
1996-12-01,4.5,,,,,,,,,,,,,45751,,,,,,,,,,,,,,,,,,,,,,,,,,,,,,,,,,,,,,,,,,,,,WRIGHT
1997-01-01,5.7,,,1787.0,,,83.10600000000001,1916645.0,47713.0,23063.0,80.66,833.0,1904.0,46191,,,,,,,5091.0,5.9,6252.0,,,,,2189.0,,,,,,44624.0,50786.0,,,,,,,3930.0,4.6,,7.3,,,7.8,1617.0,2761.0,5.8,1517.0,7.5,1068.0,1966.0,5.3,9.7,9.9,WRIGHT
1997-02-01,5.1,,,,,,,,,,,,,46083,,,,,,,,,,,,,,,,,,,,,,,,,,,,,,,,,,,,,,,,,,,,,WRIGHT
1997-03-01,5.1,,,,,,,,,,,,,46368,,,,,,,,,,,,,,,,,,,,,,,,,,,,,,,,,,,,,,,,,,,,,WRIGHT
1997-04-01,4.2,,,,,,,,,,,,1935.0,46141,,,,,,,,,,,,,,,,,,,,,,,,,,,,,,,,,,,,,,,,,,,,,WRIGHT
1997-05-01,2.4,,,,,,,,,,,,,45504,,,,,,,,,,,,,,,,,,,,,,,,,,,,,,,,,,,,,,,,,,,,,WRIGHT
1997-06-01,3.0,,,,,,,,,,,,,46035,,,,,,,,,,,,,,,,,,,,,,,,,,,,,,,,,,,,,,,,,,,,,WRIGHT
1997-07-01,2.4,,,,,,,,,,,,1981.0,46507,,,,,,,,,,,,,,,,,,,,,,,,,,,,,,,,,,,,,,,,,,,,,WRIGHT
1997-08-01,2.3,,,,,,,,,,,,,46200,,,,,,,,,,,,,,,,,,,,,,,,,,,,,,,,,,,,,,,,,,,,,WRIGHT
1997-09-01,2.5,,,,,,,,,,,,,45820,,,,,,,,,,,,,,,,,,,,,,,,,,,,,,,,,,,,,,,,,,,,,WRIGHT
1997-10-01,2.2,,,,,,,,,,,,1977.0,46000,,,,,,,,,,,,,,,,,,,,,,,,,,,,,,,,,,,,,,,,,,,,,WRIGHT
1997-11-01,2.5,,,,,,,,,,,,,46429,,,,,,,,,,,,,,,,,,,,,,,,,,,,,,,,,,,,,,,,,,,,,WRIGHT
1997-12-01,3.2,,,,,,,,,,,,,46530,,,,,,,,,,,,,,,,,,,,,,,,,,,,,,,,,,,,,,,,,,,,,WRIGHT
1998-01-01,4.7,,88576.0,1720.0,,,85.09100000000001,2093557.0,50181.0,24604.0,84.04,1077.0,1978.0,47231,,,,,,,5152.0,5.8,6318.0,,,,,2127.0,28687.0,21244.0,,,,47109.0,53236.0,,,,,,,3986.0,4.5,,7.1,,,7.4,1516.0,2737.0,5.3,1402.0,6.6,922.0,1882.0,4.3,8.9,9.5,WRIGHT
1998-02-01,4.5,,,,,,,,,,,,,47214,,,,,,,,,,,,,,,,,,,,,,,,,,,,,,,,,,,,,,,,,,,,,WRIGHT
1998-03-01,4.5,,,,,,,,,,,,,47625,,,,,,,,,,,,,,,,,,,,,,,,,,,,,,,,,,,,,,,,,,,,,WRIGHT
1998-04-01,2.9,,,,,,,,,,,,1980.0,47076,,,,,,,,,,,,,,,,,,,,,,,,,,,,,,,,,,,,,,,,,,,,,WRIGHT
1998-05-01,2.0,,,,,,,,,,,,,46769,,,,,,,,,,,,,,,,,,,,,,,,,,,,,,,,,,,,,,,,,,,,,WRIGHT
1998-06-01,2.3,,,,,,,,,,,,,47085,,,,,,,,,,,,,,,,,,,,,,,,,,,,,,,,,,,,,,,,,,,,,WRIGHT
1998-07-01,2.0,,,,,,,,,,,,2009.0,47454,,,,,,,,,,,,,,,,,,,,,,,,,,,,,,,,,,,,,,,,,,,,,WRIGHT
1998-08-01,2.0,,,,,,,,,,,,,47474,,,,,,,,,,,,,,,,,,,,,,,,,,,,,,,,,,,,,,,,,,,,,WRIGHT
1998-09-01,2.1,,,,,,,,,,,,,46959,,,,,,,,,,,,,,,,,,,,,,,,,,,,,,,,,,,,,,,,,,,,,WRIGHT
1998-10-01,1.8,,,,,,,,,,,,2009.0,47475,,,,,,,,,,,,,,,,,,,,,,,,,,,,,,,,,,,,,,,,,,,,,WRIGHT
1998-11-01,2.2,,,,,,,,,,,,,47918,,,,,,,,,,,,,,,,,,,,,,,,,,,,,,,,,,,,,,,,,,,,,WRIGHT
1998-12-01,3.1,,,,,,,,,,,,,48113,,,,,,,,,,,,,,,,,,,,,,,,,,,,,,,,,,,,,,,,,,,,,WRIGHT
1999-01-01,4.3,,89982.0,1517.0,,,87.891,2266094.0,53235.0,25783.0,89.62,1242.0,2031.0,48842,30.429594272076372,,,238.9,,,4393.0,4.9,5476.0,,,,,1724.0,27891.0,20103.0,,,,49845.0,56854.0,,,,,,302.2,3310.0,3.7,,6.1,,,6.2,1164.0,2283.0,4.2,1171.0,5.8,735.0,1607.0,3.7,8.0,8.2,WRIGHT
1999-02-01,4.0,,,,,,,,,,,,,48816,,,,,,,,,,,,,,,,,,,,,,,,,,,,,,,,,,,,,,,,,,,,,WRIGHT
1999-03-01,4.0,,,,,,,,,,,,,49157,,,,,,,,,,,,,,,,,,,,,,,,,,,,,,,,,,,,,,,,,,,,,WRIGHT
1999-04-01,2.8,,,,,,,,,,,,2052.0,48859,30.424242424242426,,,,,,,,,,,,,,,,,,,,,,,,,,,,,,,,,,,,,,,,,,,,WRIGHT
1999-05-01,2.3,,,,,,,,,,,,,48743,,,,,,,,,,,,,,,,,,,,,,,,,,,,,,,,,,,,,,,,,,,,,WRIGHT
1999-06-01,2.8,,,,,,,,,,,,,49027,,,,,,,,,,,,,,,,,,,,,,,,,,,,,,,,,,,,,,,,,,,,,WRIGHT
1999-07-01,2.4,,,,,,,,,,,,2059.0,49922,28.908735013457303,,,,,,,,,,,,,,,,,,,,,,,,,,,,,,,,,,,,,,,,,,,,WRIGHT
1999-08-01,2.1,,,,,,,,,,,,,49608,,,,,,,,,,,,,,,,,,,,,,,,,,,,,,,,,,,,,,,,,,,,,WRIGHT
1999-09-01,2.0,,,,,,,,,,,,,49020,,,,,,,,,,,,,,,,,,,,,,,,,,,,,,,,,,,,,,,,,,,,,WRIGHT
1999-10-01,1.7,,,,,,,,,,,,2087.0,49328,29.22981366459627,,,,,,,,,,,,,,,,,,,,,,,,,,,,,,,,,,,,,,,,,,,,WRIGHT
1999-11-01,2.2,,,,,,,,,,,,,49636,,,,,,,,,,,,,,,,,,,,,,,,,,,,,,,,,,,,,,,,,,,,,WRIGHT
1999-12-01,3.1,,,,,,,,,,,,,49752,,,,,,,,,,,,,,,,,,,,,,,,,,,,,,,,,,,,,,,,,,,,,WRIGHT
2000-01-01,4.5,,93455.0,1471.0,,,90.76799999999999,2502073.0,56064.0,27560.0,100.0,1442.0,2116.0,52341,29.50577821490042,,,230.9,,,4071.0,4.4,4984.0,,,,,1439.0,27699.0,19984.0,,,,51995.0,60452.0,,,,,,284.1,3158.0,3.4,,5.3,,,5.2,1063.0,1815.0,3.8,879.0,4.4,600.0,1158.0,3.0,5.8,6.6,WRIGHT
2000-02-01,4.4,,,,,,,,,,,,,52294,,,,,,,,,,,,,,,,,1.0,,,,,,,,,,,,,,,,,,,,,,,,,,,,WRIGHT
2000-03-01,4.3,,,,,,,,,,,,,52485,,,,,,,,,,,,,,,,,,,,,,,,,,,,,,,,,,,,,,,,,,,,,WRIGHT
2000-04-01,3.0,,,,,,,,,,,,2188.0,52287,29.045092838196286,,,,,,,,,,,,,,,,,,,,,,,,,,,,,,,,,,,,,,,,,,,,WRIGHT
2000-05-01,2.6,,,,,,,,,,,,,52077,,,,,,,,,,,,,,,,,,,,,,,,,,,,,,,,,,,,,,,,,,,,,WRIGHT
2000-06-01,2.8,,,,,,,,,,,,,52671,,,,,,,,,,,,,,,,,,,,,,,,,,,,,,,,,,,,,,,,,,,,,WRIGHT
2000-07-01,2.6,,,,,,,,,,,,2216.0,52791,28.73361423220973,,,,,,,,,,,,,,,,1.0,,,,,,,,,,,,,,,,,,,,,,,,,,,,WRIGHT
2000-08-01,2.6,,,,,,,,,,,,,52733,,,,,,,,,,,,,,,,,,,,,,,,,,,,,,,,,,,,,,,,,,,,,WRIGHT
2000-09-01,2.7,,,,,,,,,,,,,52378,,,,,,,,,,,,,,,,,,,,,,,,,,,,,,,,,,,,,,,,,,,,,WRIGHT
2000-10-01,2.4,,,,,,,,,,,,2241.0,52586,27.301408450704226,,,,,,,,,,,,,,,,,,,,,,,,,,,,,,,,,,,,,,,,,,,,WRIGHT
2000-11-01,3.1,,,,,,,,,,,,,53163,,,,,,,,,,,,,,,,,,,,,,,,,,,,,,,,,,,,,,,,,,,,,WRIGHT
2000-12-01,3.6,,,,,,,,,,,,,53367,,,,,,,,,,,,,,,,,,,,,,,,,,,,,,,,,,,,,,,,,,,,,WRIGHT
2001-01-01,4.7,,97895.0,1692.0,,,93.757,2750282.0,56027.0,29283.0,108.66,1690.0,2284.0,54394,27.67011671438009,,,226.8,,,4473.0,4.6,5483.0,,,,,1461.0,28257.0,20722.0,,,,52280.0,60042.0,,,,,,279.6,3464.0,3.5,,5.6,,,5.2,1049.0,1872.0,3.7,954.0,4.6,631.0,1277.0,3.0,6.2,6.6,WRIGHT
2001-02-01,4.6,,,,,,,,,,,,,54484,,,,,,,,,,,,,,,,,,,,,,,,,,,,,,,,,,,,,,,,,,,,,WRIGHT
2001-03-01,4.8,,,,,,,,,,,,,54667,,,,,,,,,,,,,,,,,,,,,,,,,,,,,,,,,,,,,,,,,,,,,WRIGHT
2001-04-01,4.1,,,,,,,,,,,,2306.0,54232,27.880358492603392,,,,,,,,,,,,,,,,,,,,,,,,,,,,,,,,,,,,,,,,,,,,WRIGHT
2001-05-01,2.9,,,,,,,,,,,,,53427,,,,,,,,,,,,,,,,,,,,,,,,,,,,,,,,,,,,,,,,,,,,,WRIGHT
2001-06-01,3.4,,,,,,,,,,,,,53912,,,,,,,,,,,,,,,,,,,,,,,,,,,,,,,,,,,,,,,,,,,,,WRIGHT
2001-07-01,3.1,,,,,,,,,,,,2312.0,54258,28.015102481121897,,,,,,,,,,,,,,,,,,,,,,,,,,,,,,,,,,,,,,,,,,,,WRIGHT
2001-08-01,3.3,,,,,,,,,,,,,53719,,,,,,,,,,,,,,,,,,,,,,,,,,,,,,,,,,,,,,,,,,,,,WRIGHT
2001-09-01,3.4,,,,,,,,,,,,,53583,,,,,,,,,,,,,,,,,,,,,,,,,,,,,,,,,,,,,,,,,,,,,WRIGHT
2001-10-01,3.2,,,,,,,,,,,,2316.0,53796,27.996602611742226,,,,,,,,,,,,,,,,,,,,,,,,,,,,,,,,,,,,,,,,,,,,WRIGHT
2001-11-01,3.6,,,,,,,,,,,,,54259,,,,,,,,,,,,,,,,,,,,,,,,,,,,,,,,,,,,,,,,,,,,,WRIGHT
2001-12-01,4.6,,,,,,,,,,,,,54427,,,,,,,,,,,,,,,,,,,,,,,,,,,,,,,,,,,,,,,,,,,,,WRIGHT
2002-01-01,6.0,,102519.0,1986.0,,,98.113,2980494.0,58023.0,30279.0,116.52,1875.0,2350.0,56484,27.77483864141361,,,244.7,,,4626.0,4.5,5711.0,,,,,1443.0,28913.0,21293.0,,,,54138.0,62188.0,,,,,,295.6,3541.0,3.5,,5.6,,,5.0,1044.0,1843.0,3.6,970.0,4.6,660.0,1280.0,3.1,6.0,6.4,WRIGHT
2002-02-01,5.9,,,,,,,,,,,,,56627,,,,,,,,,,,,,,,,,,,,,,,,,,,,,,,,,,,,,,,,,,,,,WRIGHT
2002-03-01,6.2,,,,,,,,,,,,,56711,,,,,,,,,,,,,,,,,,,,,,,,,,,,,,,,,,,,,,,,,,,,,WRIGHT
2002-04-01,5.4,,,,,,,,,,,,2401.0,56506,27.6830905898151,,,,,,,,,,,,,,,,,,,,,,,,,,,,,,,,,,,,,,,,,,,,WRIGHT
2002-05-01,4.3,,,,,,,,,,,,,56111,,,,,,,,,,,,,,,,,,,,,,,,,,,,,,,,,,,,,,,,,,,,,WRIGHT
2002-06-01,4.6,,,,,,,,,,,,,56448,,,,,,,,,,,,,,,,,,,,,,,,,,,,,,,,,,,,,,,,,,,,,WRIGHT
2002-07-01,4.2,,,,,,,,,,,,2412.0,56742,27.72843287391527,,,,,,,,,,,,,,,,,,,,,,,,,,,,,,,,,,,,,,,,,,,,WRIGHT
2002-08-01,4.1,,,,,,,,,,,,,56473,,,,,,,,,,,,,,,,,,,,,,,,,,,,,,,,,,,,,,,,,,,,,WRIGHT
2002-09-01,4.1,,,,,,,,,,,,,55988,,,,,,,,,,,,,,,,,,,,,,,,,,,,,,,,,,,,,,,,,,,,,WRIGHT
2002-10-01,3.8,,,,,,,,,,,,2415.0,56017,27.875743284806234,,,,,,,,,,,,,,,,,,,,,,,,,,,,,,,,,,,,,,,,,,,,WRIGHT
2002-11-01,4.3,,,,,,,,,,,,,56439,,,,,,,,,,,,,,,,,,,,,,,,,,,,,,,,,,,,,,,,,,,,,WRIGHT
2002-12-01,5.3,,,,,,,,,,,,,56633,,,,,,,,,,,,,,,,,,,,,,,,,,,,,,,,,,,,,,,,,,,,,WRIGHT
2003-01-01,6.8,,106850.0,2264.0,,,102.35,3221738.0,60326.0,31323.0,122.21,1819.0,2515.0,59054,27.629950495049506,,,235.1,,,4992.0,4.7,6152.0,,,,,1671.0,29916.0,21747.0,,,,56612.0,64284.0,,,,,,286.4,3833.0,3.6,,5.8,,,5.6,1223.0,2119.0,4.1,1094.0,5.0,751.0,1437.0,3.5,6.6,7.1,WRIGHT
2003-02-01,6.5,,,,,,,,,,,,,59154,,,,,,,,,,,,,,,,,,,,,,,,,,,,,,,,,,,,,,,,,,,,,WRIGHT
2003-03-01,6.4,,,,,,,,,,,,,59044,,,,,,,,,,,,,,,,,,,,,,,,,,,,,,,,,,,,,,,,,,,,,WRIGHT
2003-04-01,5.4,,,,,,,,,,,,2555.0,58846,27.29704702129849,,,,,,,,,,,,,,,,,,,,,,,,,,,,,,,,,,,,,,,,,,,,WRIGHT
2003-05-01,4.3,,,,,,,,,,,,,58284,,,,,,,,,,,,,,,,,,,,,,,,,,,,,,,,,,,,,,,,,,,,,WRIGHT
2003-06-01,4.7,,,,,,,,,,,,,58817,,,,,,,,,,,,,,,,,,,,,,,,,,,,,,,,,,,,,,,,,,,,,WRIGHT
2003-07-01,4.4,,,,,,,,,,,,2577.0,59286,27.471645086821237,,,,,,,,,,,,,,,,,,,,,,,,,,,,,,,,,,,,,,,,,,,,WRIGHT
2003-08-01,4.3,,,,,,,,,,,,,58981,,,,,,,,,,,,,,,,,,,,,,,,,,,,,,,,,,,,,,,,,,,,,WRIGHT
2003-09-01,4.5,,,,,,,,,,,,,58725,,,,,,,,,,,,,,,,,,,,,,,,,,,,,,,,,,,,,,,,,,,,,WRIGHT
2003-10-01,4.2,,,,,,,,,,,,2571.0,58683,27.735343715901198,,,,,,,,,,,,,,,,,,,,,,,,,,,,,,,,,,,,,,,,,,,,WRIGHT
2003-11-01,4.5,,,,,,,,,,,,,58949,,,,,,,,,,,,,,,,,,,,,,,,,,,,,,,,,,,,,,,,,,,,,WRIGHT
2003-12-01,5.6,,,,,,,,,,,,,59307,,,,,,,,,,,,,,,,,,,,,,,,,,,,,,,,,,,,,,,,,,,,,WRIGHT
2004-01-01,6.9,,110757.0,2520.0,,,106.26899999999999,3489965.0,63448.0,32617.0,131.97,2118.0,2555.0,61195,27.342123525329637,,,209.2,,,5618.0,5.1,6966.0,,,,2100.0,1964.0,30472.0,21483.0,,,,59549.0,67603.0,,,,,,245.0,4271.0,3.9,,6.3,,,6.4,1413.0,2515.0,4.6,1266.0,5.9,843.0,1689.0,3.9,7.9,8.3,WRIGHT
2004-02-01,6.8,,,,,,,,,,,,,61350,,,,,,,,,,,,,,,,,,,,,,,,,,,,,,,,,,,,,,,,,,,,,WRIGHT
2004-03-01,7.1,,,,,,,,,,,,,61661,,,,,,,,,,,,,,,,,,,,,,,,,,,,,,,,,,,,,,,,,,,,,WRIGHT
2004-04-01,5.1,,,,,,,,,,,,2639.0,60975,27.075214341387372,,,,,,,,,,,,,,,,1.0,,,,,,,,,,,,,,,,,,,,,,,,,,,,WRIGHT
2004-05-01,4.1,,,,,,,,,,,,,60484,,,,,,,,,,,,,,,,,,,,,,,,,,,,,,,,,,,,,,,,,,,,,WRIGHT
2004-06-01,4.7,,,,,,,,,,,,,60985,,,,,,,,,,,,,,,,,,,,,,,,,,,,,,,,,,,,,,,,,,,,,WRIGHT
2004-07-01,4.2,,,,,,,,,,,,2707.0,61241,26.813373630525128,,,,,,,,,,,,,,,,,,,,,,,,,,,,,,,,,,,,,,,,,,,,WRIGHT
2004-08-01,4.1,,,,,,,,,,,,,61010,,,,,,,,,,,,,,,,,,,,,,,,,,,,,,,,,,,,,,,,,,,,,WRIGHT
2004-09-01,4.0,,,,,,,,,,,,,60671,,,,,,,,,,,,,,,,,,,,,,,,,,,,,,,,,,,,,,,,,,,,,WRIGHT
2004-10-01,3.6,,,,,,,,,,,,2744.0,60938,27.209515096065868,,,,,,,,,,,,,,,,,,,,,,,,,,,,,,,,,,,,,,,,,,,,WRIGHT
2004-11-01,3.7,,,,,,,,,,,,,61000,,,,,,,,,,,,,,,,,,,,,,,,,,,,,,,,,,,,,,,,,,,,,WRIGHT
2004-12-01,4.8,,,,,,,,,,,,,61380,,,,,,,,,,,,,,,,,,,,,,,,,,,,,,,,,,,,,,,,,,,,,WRIGHT
2005-01-01,6.1,,109437.0,2402.0,,,109.71799999999999,3682360.0,60018.0,33272.0,142.73,2141.0,2718.0,62944,26.71151922902082,,,238.9,,,5473.0,5.0,6350.0,,,,2056.0,1822.0,29942.0,21215.0,,,,58128.0,61908.0,,,,,,275.5,4596.0,4.2,,5.8,,,6.1,1449.0,2196.0,4.8,1118.0,5.3,848.0,1388.0,4.0,6.5,7.3,WRIGHT
2005-02-01,6.1,,,,,,,,,,,,,62952,,,,,,,,,,,,,,,,,,,,,,,,,,,,,,,,,,,,,,,,,,,,,WRIGHT
2005-03-01,6.0,,,,,,,,,,,,,63129,,,,,,,,,,,,,,,,,,,,,,,,,,,,,,,,,,,,,,,,,,,,,WRIGHT
2005-04-01,4.6,,,,,,,,,,,,2829.0,63003,26.417467876718483,,,,,,,,,,,,,,,,,,,,,,,,,,,,,,,,,,,,,,,,,,,,WRIGHT
2005-05-01,3.6,,,,,,,,,,,,,62319,,,,,,,,,,,,,,,,,,,,,,,,,,,,,,,,,,,,,,,,,,,,,WRIGHT
2005-06-01,3.7,,,,,,,,,,,,,62324,,,,,,,,,,,,,,,,,,,,,,,,,,,,,,,,,,,,,,,,,,,,,WRIGHT
2005-07-01,3.3,,,,,,,,,,,,2902.0,62760,26.68414154652687,,,,,,,,,,,,,,,,,,,,,,,,,,,,,,,,,,,,,,,,,,,,WRIGHT
2005-08-01,3.1,,,,,,,,,,,,,62449,,,,,,,,,,,,,,,,,,,,,,,,,,,,,,,,,,,,,,,,,,,,,WRIGHT
2005-09-01,3.4,,,,,,,,,,,,,62334,,,,,,,,,,,,,,,,,,,,,,,,,,,,,,,,,,,,,,,,,,,,,WRIGHT
2005-10-01,3.1,,,,,,,,,,,,2961.0,62742,26.88218514996975,,,,,,,,,,,,,,,,,,,,,,,,,,,,,,,,,,,,,,,,,,,,WRIGHT
2005-11-01,3.5,,,,,,,,,,,,,62950,,,,,,,,,,,,,,,,,,,,,,,,,,,,,,,,,,,,,,,,,,,,,WRIGHT
2005-12-01,4.4,,,,,,,,,,,,,63179,,,,,,,,,,,,,,,,,,,,,,,,,,,,,,,,,,,,,,,,,,,,,WRIGHT
2006-01-01,5.7,,113812.0,2616.0,,,114.005,3959665.0,62311.0,34374.0,147.01,1303.0,2967.0,64900,26.984815618221266,,,213.3,,,6984.0,6.1,8151.0,,,,2139.0,2152.0,31306.0,21948.0,,,,60126.0,64495.0,,,,,,246.8,5817.0,5.1,,7.2,,,6.9,1736.0,2567.0,5.5,1243.0,5.7,986.0,1500.0,4.5,6.8,8.2,WRIGHT
2006-02-01,6.0,,,,,,,,,,,,,65026,,,,,,,,,,,,,,,,,,,,,,,,,,,,,,,,,,,,,,,,,,,,,WRIGHT
2006-03-01,5.8,,,,,,,,,,,,,65016,,,,,,,,,,,,,,,,,,,,,,,,,,,,,,,,,,,,,,,,,,,,,WRIGHT
2006-04-01,4.4,,,,,,,,,,,,2948.0,64550,26.890318094907013,,,,,,,,,,,,,,,,2.0,,,,,,,,,,,,,,,,,,,,,,,,,,,,WRIGHT
2006-05-01,3.3,,,,,,,,,,,,,63993,,,,,,,,,,,,,,,,,,,,,,,,,,,,,,,,,,,,,,,,,,,,,WRIGHT
2006-06-01,3.6,,,,,,,,,,,,,64490,,,,,,,,,,,,,,,,,,,,,,,,,,,,,,,,,,,,,,,,,,,,,WRIGHT
2006-07-01,3.5,,,,,,,,,,,,2931.0,64959,26.96677201674212,,,,,,,,,,,,,,,,,,,,,,,,,,,,,,,,,,,,,,,,,,,,WRIGHT
2006-08-01,3.3,,,,,,,,,,,,,64445,,,,,,,,,,,,,,,,,,,,,,,,,,,,,,,,,,,,,,,,,,,,,WRIGHT
2006-09-01,3.7,,,,,,,,,,,,,64138,,,,,,,,,,,,,,,,,,,,,,,,,,,,,,,,,,,,,,,,,,,,,WRIGHT
2006-10-01,3.4,,,,,,,,,,,,2974.0,64425,27.09258626580116,,,,,,,,,,,,,,,,,,,,,,,,,,,,,,,,,,,,,,,,,,,,WRIGHT
2006-11-01,3.7,,,,,,,,,,,,,64791,,,,,,,,,,,,,,,,,,,,,,,,,,,,,,,,,,,,,,,,,,,,,WRIGHT
2006-12-01,4.8,,,,,,,,,,,,,65315,,,,,,,,,,,,,,,,,,,,,,,,,,,,,,,,,,,,,,,,,,,,,WRIGHT
2007-01-01,6.4,,116378.0,3131.0,,,117.306,4290023.0,67391.0,36162.0,144.28,779.0,2859.0,66512,26.902034535818085,,,227.2,,,5833.0,5.0,6828.0,,,,2177.0,1986.0,33467.0,22883.0,,,,65042.0,69739.0,,,,,,258.0,4839.0,4.2,,5.9,,,5.9,1527.0,2445.0,4.6,1227.0,5.4,920.0,1534.0,4.0,6.7,7.3,WRIGHT
2007-02-01,6.1,,,,,,,,,,,,,66235,,,,,,,,,,,,,,,,,,,,,,,,,,,,,,,,,,,,,,,,,,,,,WRIGHT
2007-03-01,6.1,,,,,,,,,,,,,66259,,,,,,,,,,,,,,,,,,,,,,,,,,,,,,,,,,,,,,,,,,,,,WRIGHT
2007-04-01,5.5,,,,,,,,,,,,2917.0,66246,26.291435302036014,,,,,,,,,,,,,,,,,,,,,,,,,,,,,,,,,,,,,,,,,,,,WRIGHT
2007-05-01,4.3,,,,,,,,,,,,,65554,,,,,,,,,,,,,,,,,,,,,,,,,,,,,,,,,,,,,,,,,,,,,WRIGHT
2007-06-01,4.7,,,,,,,,,,,,,66056,,,,,,,,,,,,,,,,,,,,,,,,,,,,,,,,,,,,,,,,,,,,,WRIGHT
2007-07-01,4.4,,,,,,,,,,,,2959.0,66372,27.20545439427954,,,,,,,,,,,,,,,,,,,,,,,,,,,,,,,,,,,,,,,,,,,,WRIGHT
2007-08-01,4.3,,,,,,,,,,,,,65966,,,,,,,,,,,,,,,,,,,,,,,,,,,,,,,,,,,,,,,,,,,,,WRIGHT
2007-09-01,4.6,,,,,,,,,,,,,65773,,,,,,,,,,,,,,,,,,,,,,,,,,,,,,,,,,,,,,,,,,,,,WRIGHT
2007-10-01,4.2,,,,,,,,,,,,3004.0,65756,27.771216467015357,,,,,,,,,,,,,,,,,,,,,,,,,,,,,,,,,,,,,,,,,,,,WRIGHT
2007-11-01,4.3,,,,,,,,,,,,,65998,,,,,,,,,,,,,,,,,,,,,,,,,,,,,,,,,,,,,,,,,,,,,WRIGHT
2007-12-01,5.7,,,,,,,,,,,,,66561,,,,,,,,,,,,,,,,,,,,,,,,,,,,,,,,,,,,,,,,,,,,,WRIGHT
2008-01-01,6.8,,118751.0,3437.0,,,120.069,4564337.0,66825.0,37550.0,134.25,354.0,2888.0,67350,28.101243953006218,,,215.0,,,6631.0,5.6,7820.0,,64.17999982833861,,2021.0,2179.0,33854.0,23069.0,,,,62647.0,71002.0,,,,,,241.2,5442.0,4.6,,6.6,,,6.4,1735.0,2622.0,5.1,1182.0,5.1,924.0,1440.0,4.0,6.2,7.7,WRIGHT
2008-02-01,6.6,,,,,,,,,,,,,67363,,,,,,,,,,,,,,,,,,,,,,,,,,,,,,,,,,,,,,,,,,,,,WRIGHT
2008-03-01,6.6,,,,,,,,,,,,,67368,,,,,,,,,,,,,,,,,,,,,,,,,,,,,,,,,,,,,,,,,,,,,WRIGHT
2008-04-01,6.0,,,,,,,,,,,,2919.0,67336,27.31618286111594,,,,,,,,,,,,,,,,,,,,,,,,,,,,,,,,,,,,,,,,,,,,WRIGHT
2008-05-01,5.3,,,,,,,,,,,,,66789,,,,,,,,,,,,,,,,,,,,,,,,,,,,,,,,,,,,,,,,,,,,,WRIGHT
2008-06-01,5.5,,,,,,,,,,,,,67157,,,,,,,,,,,,,,,,,,,,,,,,,,,,,,,,,,,,,,,,,,,,,WRIGHT
2008-07-01,5.5,,,,,,,,,,,,2945.0,67863,28.28610447251621,,,,,,,,,,,,,,,,,,,,,,,,,,,,,,,,,,,,,,,,,,,,WRIGHT
2008-08-01,5.5,,,,,,,,,,,,,67600,,,,,,,,,,,,,,,,,,,,,,,,,,,,,,,,,,,,,,,,,,,,,WRIGHT
2008-09-01,5.6,,,,,,,,,,,,,67180,,,,,,,,,,,,,,,,,,,,,,,,,,,,,,,,,,,,,,,,,,,,,WRIGHT
2008-10-01,5.5,,,,,,,,,,,,2951.0,67267,28.86702849389416,,,,,,,,,,,,,,,,,,,,,,,,,,,,,,,,,,,,,,,,,,,,WRIGHT
2008-11-01,6.3,,,,,,,,,,,,,67763,,,,,,,,,,,,,,,,,,,,,,,,,,,,,,,,,,,,,,,,,,,,,WRIGHT
2008-12-01,7.9,,,,,,,,,,,,,68238,,,,,,,,,,,,,,,,,,,,,,,,,,,,,,,,,,,,,,,,,,,,,WRIGHT
2009-01-01,9.7,-255.0,120845.0,5081.0,33.9,,121.681,4404321.0,67171.0,35715.0,121.43,227.0,2802.0,68576,28.719308751817948,,,253.3,29.641123860366765,4.0829552819183395,7487.0,6.2,8851.0,88.3555632793153,66.9899997711182,32.34906449638929,1868.0,2633.0,35458.0,24473.0,,109994.0,334.0,63592.0,70751.0,27.12,,,1090.0,2408.0,272.4,6123.0,5.1,21.381320775871735,7.3,34.3,1135.0,7.4,2089.0,3178.0,5.9,1679.0,6.9,1316.0,2042.0,5.4,8.3,9.0,WRIGHT
2009-02-01,10.1,,,,,,,,,,,,,68748,,,,,,,,,,,,,,,,,,,,,,,,,,,,,,,,,,,,,,,,,,,,,WRIGHT
2009-03-01,10.3,,,,,,,,,,,,,68681,,,,,,,,,,,,,,,,,,,,,,,,,,,,,,,,,,,,,,,,,,,,,WRIGHT
2009-04-01,9.3,,,,,,,,,,,,2853.0,68377,28.149339654588555,,,,,,,,,,,,,,,,,,,,,,,,,,,,,,,,,,,,,,,,,,,,WRIGHT
2009-05-01,8.7,,,,,,,,,,,,,68085,,,,,,,,,,,,,,,,,,,,,,,,,,,,,,,,,,,,,,,,,,,,,WRIGHT
2009-06-01,9.1,,,,,,,,,,,,,68229,,,,,,,,,,,,,,,,,,,,,,,,,,,,,,,,,,,,,,,,,,,,,WRIGHT
2009-07-01,8.7,,,,,,,,,,,,2869.0,68650,28.706889317781318,,,,,,,,,,,,,,,,,,,,,,,,,,,,,,,,,,,,,,,,,,,,WRIGHT
2009-08-01,8.4,,,,,,,,,,,,,67918,,,,,,,,,,,,,,,,,,,,,,,,,,,,,,,,,,,,,,,,,,,,,WRIGHT
2009-09-01,8.4,,,,,,,,,,,,,67403,,,,,,,,,,,,,,,,,,,,,,,,,,,,,,,,,,,,,,,,,,,,,WRIGHT
2009-10-01,7.8,,,,,,,,,,,,2896.0,67325,29.756424206913863,,,,,,,,,,,,,,,,,,,,,,,,,,,,,,,,,,,,,,,,,,,,WRIGHT
2009-11-01,8.0,,,,,,,,,,,,,67561,,,,,,,,,,,,,,,,,,,,,,,,,,,,,,,,,,,,,,,,,,,,,WRIGHT
2009-12-01,8.8,,,,,,,,,,,,,67584,,,,,,,,,,,,,,,,,,,,,,,,,,,,,,,,,,,,,,,,,,,,,WRIGHT
2010-01-01,9.8,211.0,123990.0,6174.0,34.1,,125.094,4531411.0,66714.0,36213.0,109.99,193.0,2787.0,70167,29.06635349383441,8.19511823810007,35.122006841505126,213.9,29.667242651993018,3.963221306277743,7210.0,5.8,8623.0,88.56989894934082,57.4899998903275,31.165458317718304,1736.0,2667.0,36964.0,26158.0,,113439.0,360.0,62800.0,70628.0,24.0,23.8,93.0,1165.0,2804.0,228.4,5797.0,4.7,21.913043478260864,6.9,35.4,1241.0,7.2,2050.0,3284.0,5.5,1766.0,6.8,1343.0,2189.0,5.2,8.4,8.9,WRIGHT
2010-02-01,9.8,,,,,,,,,,,,,70044,,,,,,,,,,,,,,,,,,,,,,,,,,,,,,,,,,,,,,,,,,,,,WRIGHT
2010-03-01,9.8,,,,,,,,,,,,,70230,,,,,,,,,,,,,,,,,,,,,,,,,,,,,,,,,,,,,,,,,,,,,WRIGHT
2010-04-01,8.3,,,,,,,,,,,,2794.0,69994,28.737945492662483,,,,,,,,,,,,,,,,,,,,,,,,,,,,,,,,,,,,,,,,,,,,WRIGHT
2010-05-01,7.7,,,,,,,,,,,,,69798,,,,,,,,,,,,,,,,,,,,,,,,,,,,,,,,,,,,,,,,,,,,,WRIGHT
2010-06-01,7.7,,,,,,,,,,,,,70274,,,,,,,,,,,,,,,,,,,,,,,,,,,,,,,,,,,,,,,,,,,,,WRIGHT
2010-07-01,7.6,,,,,,,,,,,,2809.0,70575,28.58573216520651,,,,,,,,,,,,,,,,1.0,,,,,,,,,,,,,,,,,,,,,,,,,,,,WRIGHT
2010-08-01,7.3,,,,,,,,,,,,,70256,,,,,,,,,,,,,,,,,1.0,,,,,,,,,,,,,,,,,,,,,,,,,,,,WRIGHT
2010-09-01,7.1,,,,,,,,,,,,,69897,,,,,,,,,,,,,,,,,,,,,,,,,,,,,,,,,,,,,,,,,,,,,WRIGHT
2010-10-01,6.8,,,,,,,,,,,,2810.0,69877,29.492897258011233,,,,,,,,,,,,,,,,,,,,,,,,,,,,,,,,,,,,,,,,,,,,WRIGHT
2010-11-01,7.0,,,,,,,,,,,,,70033,,,,,,,,,,,,,,,,,1.0,,,,,,,,,,,,,,,,,,,,,,,,,,,,WRIGHT
2010-12-01,7.5,,,,,,,,,,,,,69998,,,,,,,,,,,,,,,,,,,,,,,,,,,,,,,,,,,,,,,,,,,,,WRIGHT
2011-01-01,8.6,-1160.0,125282.0,7409.0,34.4,,126.226,4866334.0,68387.0,38514.0,102.79,167.0,2777.0,70190,28.9388801587958,8.459101844426623,33.80425416118645,232.9,29.746875573576283,5.086071987480438,8658.0,6.9,10093.0,88.45391233101189,55.7849999996834,25.217768395743853,1716.0,3169.0,36903.0,26328.0,,115299.0,346.0,64617.0,72157.0,23.78,25.4,93.3,1201.0,2969.0,239.5,7223.0,5.8,21.51891681060901,8.0,36.7,1120.0,8.6,2535.0,3803.0,6.9,1970.0,7.5,1501.0,2439.0,5.7,9.3,10.3,WRIGHT
2011-02-01,8.4,,,,,,,,,,,,,70203,,,,,,,,,,,,,,,,,,,,,,,,,,,,,,,,,,,,,,,,,,,,,WRIGHT
2011-03-01,8.2,,,,,,,,,,,,,70317,,,,,,,,,,,,,,,,,,,,,,,,,,,,,,,,,,,,,,,,,,,,,WRIGHT
2011-04-01,7.2,,,,,,,,,,,,2817.0,70199,28.692017702016066,,,,,,,,,,,,,,,,,,,,,,,,,,,,,,,,,,,,,,,,,,,,WRIGHT
2011-05-01,6.6,,,,,,,,,,,,,70067,,,,,,,,,,,,,,,,,,,,,,,,,,,,,,,,,,,,,,,,,,,,,WRIGHT
2011-06-01,6.9,,,,,,,,,,,,,70383,,,,,,,,,,,,,,,,,,,,,,,,,,,,,,,,,,,,,,,,,,,,,WRIGHT
2011-07-01,6.9,,,,,,,,,,,,2815.0,70687,29.083211203387073,,,,,,,,,,,,,,,,,,,,,,,,,,,,,,,,,,,,,,,,,,,,WRIGHT
2011-08-01,6.2,,,,,,,,,,,,,70372,,,,,,,,,,,,,,,,,1.0,,,,,,,,,,,,,,,,,,,,,,,,,,,,WRIGHT
2011-09-01,5.9,,,,,,,,,,,,,70281,,,,,,,,,,,,,,,,,,,,,,,,,,,,,,,,,,,,,,,,,,,,,WRIGHT
2011-10-01,5.5,,,,,,,,,,,,2843.0,70276,29.432943294329434,,,,,,,,,,,,,,,,,,,,,,,,,,,,,,,,,,,,,,,,,,,,WRIGHT
2011-11-01,5.4,,,,,,,,,,,,,70245,,,,,,,,,,,,,,,,,,,,,,,,,,,,,,,,,,,,,,,,,,,,,WRIGHT
2011-12-01,6.2,,,,,,,,,,,,,70363,,,,,,,,,,,,,,,,,,,,,,,,,,,,,,,,,,,,,,,,,,,,,WRIGHT
2012-01-01,7.4,-1387.0,126234.0,7692.0,34.6,6.1,127.257,5111093.0,72216.0,40126.0,100.61,351.0,2868.0,70255,28.60063793244459,8.800859236795553,32.30232768770945,219.0,29.816190912662037,4.947320201557488,8858.0,7.0,10203.0,87.6427468824,54.9129999997094,23.362534124707466,1828.0,3054.0,36776.0,26687.0,,116620.0,427.0,69013.0,75419.0,24.81,26.3,93.6,1122.0,3100.0,219.6,7513.0,5.9,21.76370830977953,8.1,38.3,1115.0,8.3,2488.0,3620.0,6.8,1847.0,6.9,1438.0,2256.0,5.4,8.4,9.8,WRIGHT
2012-02-01,7.3,,,,,,,,,,,,,70442,,,,,,,,,,,,,,,,,,,,,,,,,,,,,,,,,,,,,,,,,,,,,WRIGHT
2012-03-01,7.2,,,,,,,,,,,,,70462,,,,,,,,,,,,,,,,,1.0,,,,,,,,,,,,,,,,,,,,,,,,,,,,WRIGHT
2012-04-01,5.8,,,,,,,,,,,,2884.0,69841,28.412438625204587,,,,,,,,,,,,,,,,,,,,,,,,,,,,,,,,,,,,,,,,,,,,WRIGHT
2012-05-01,5.4,,,,,,,,,,,,,69831,,,,,,,,,,,,,,,,,,,,,,,,,,,,,,,,,,,,,,,,,,,,,WRIGHT
2012-06-01,5.8,,,,,,,,,,,,,70278,,,,,,,,,,,,,,,,,,,,,,,,,,,,,,,,,,,,,,,,,,,,,WRIGHT
2012-07-01,5.7,,,,,,,,,,,,2897.0,70508,28.37387130887497,,,,,,,,,,,,,,,,,,,,,,,,,,,,,,,,,,,,,,,,,,,,WRIGHT
2012-08-01,5.4,,,,,,,,,,,,,70184,,,,,,,,,,,,,,,,,,,,,,,,,,,,,,,,,,,,,,,,,,,,,WRIGHT
2012-09-01,5.0,,,,,,,,,,,,,70109,,,,,,,,,,,,,,,,,,,,,,,,,,,,,,,,,,,,,,,,,,,,,WRIGHT
2012-10-01,4.9,,,,,,,,,,,,2924.0,70546,29.25006028454305,,,,,,,,,,,,,,,,,,,,,,,,,,,,,,,,,,,,,,,,,,,,WRIGHT
2012-11-01,4.8,,,,,,,,,,,,,70507,,,,,,,,,,,,,,,,,,,,,,,,,,,,,,,,,,,,,,,,,,,,,WRIGHT
2012-12-01,5.6,,,,,,,,,,,,,70494,,,,,,,,,,,,,,,,,,,,,,,,,,,,,,,,,,,,,,,,,,,,,WRIGHT
2013-01-01,6.9,-662.0,127162.0,7170.0,34.8,6.5,128.208,5253817.0,71999.0,40919.0,106.41,538.0,2803.0,70750,28.03276155153763,8.4760394469498,30.21309151459238,246.0,30.111742700286644,4.2460615153788455,8993.0,7.1,10422.0,86.82376262949226,42.8629999998957,26.601157369364447,1675.0,2984.0,36606.0,26852.0,,117728.0,456.0,68372.0,75626.0,24.27,26.5,93.5,1412.0,3219.0,240.1,7564.0,6.0,23.28889384726948,8.2,38.9,1247.0,8.2,2407.0,3561.0,6.6,1938.0,7.2,1504.0,2372.0,5.6,8.8,9.8,WRIGHT
2013-02-01,6.4,,,,,,,,,,,,,70587,,,,,,,,,,,,,,,,,,,,,,,,,,,,,,,,,,,,,,,,,,,,,WRIGHT
2013-03-01,6.2,,,,,,,,,,,,,70518,,,,,,,,,,,,,,,,,,,,,,,,,,,,,,,,,,,,,,,,,,,,,WRIGHT
2013-04-01,5.4,,,,,,,,,,,,2854.0,70576,27.710936294925194,,,,,,,,,,,,,,,,,,,,,,,,,,,,,,,,,,,,,,,,,,,,WRIGHT
2013-05-01,4.6,,,,,,,,,,,,,70252,,,,,,,,,,,,,,,,,,,,,,,,,,,,,,,,,,,,,,,,,,,,,WRIGHT
2013-06-01,5.0,,,,,,,,,,,,,70709,,,,,,,,,,,,,,,,,,,,,,,,,,,,,,,,,,,,,,,,,,,,,WRIGHT
2013-07-01,4.9,,,,,,,,,,,,2885.0,71041,27.32781554832989,,,,,,,,,,,,,,,,,,,,,,,,,,,,,,,,,,,,,,,,,,,,WRIGHT
2013-08-01,4.6,,,,,,,,,,,,,70553,,,,,,,,,,,,,,,,,,,,,,,,,,,,,,,,,,,,,,,,,,,,,WRIGHT
2013-09-01,4.1,,,,,,,,,,,,,70309,,,,,,,,,,,,,,,,,,,,,,,,,,,,,,,,,,,,,,,,,,,,,WRIGHT
2013-10-01,3.9,,,,,,,,,,,,2869.0,70257,27.44261330194232,,,,,,,,,,,,,,,,,,,,,,,,,,,,,,,,,,,,,,,,,,,,WRIGHT
2013-11-01,3.9,,,,,,,,,,,,,70505,,,,,,,,,,,,,,,,,,,,,,,,,,,,,,,,,,,,,,,,,,,,,WRIGHT
2013-12-01,4.7,,,,,,,,,,,,,70650,,,,,,,,,,,,,,,,,,,,,,,,,,,,,,,,,,,,,,,,,,,,,WRIGHT
2014-01-01,5.7,-181.0,128689.0,6442.0,35.3,6.3,129.80200000000002,5529554.0,76489.0,42525.0,114.56,549.0,2866.0,70991,26.434336023477627,8.556807099668424,28.020894050127787,269.8,30.10677091627122,4.6366676801459406,7700.0,6.0,9049.0,86.68255375748171,37.905999999959,24.766670000949894,1602.0,2453.0,36787.0,27177.0,,118814.0,484.0,72483.0,80495.0,25.97,27.4,94.1,1401.0,3368.0,257.3,6351.0,5.0,23.673307225154662,7.0,39.9,1324.0,6.7,1866.0,3040.0,5.1,1593.0,5.9,1175.0,2011.0,4.4,7.4,8.3,WRIGHT
2014-02-01,5.8,,,,,,,,,,,,,71147,,,,,,,,,,,,,,,,,,,,,,,,,,,,,,,,,,,,,,,,,,,,,WRIGHT
2014-03-01,5.7,,,,,,,,,,,,,71258,,,,,,,,,,,,,,,,,,,,,,,,,,,,,,,,,,,,,,,,,,,,,WRIGHT
2014-04-01,4.5,,,,,,,,,,,,2880.0,70984,25.47148879520745,,,,,,,,,,,,,,,,,,,,,,,,,,,,,,,,,,,,,,,,,,,,WRIGHT
2014-05-01,3.7,,,,,,,,,,,,,70852,,,,,,,,,,,,,,,,,,,,,,,,,,,,,,,,,,,,,,,,,,,,,WRIGHT
2014-06-01,4.0,,,,,,,,,,,,,71386,,,,,,,,,,,,,,,,,1.0,,,,,,,,,,,,,,,,,,,,,,,,,,,,WRIGHT
2014-07-01,3.9,,,,,,,,,,,,2902.0,71859,24.851764008301217,,,,,,,,,,,,,,,,,,,,,,,,,,,,,,,,,,,,,,,,,,,,WRIGHT
2014-08-01,3.7,,,,,,,,,,,,,71310,,,,,,,,,,,,,,,,,,,,,,,,,,,,,,,,,,,,,,,,,,,,,WRIGHT
2014-09-01,3.3,,,,,,,,,,,,,70829,,,,,,,,,,,,,,,,,,,,,,,,,,,,,,,,,,,,,,,,,,,,,WRIGHT
2014-10-01,2.9,,,,,,,,,,,,2917.0,70954,25.59942049981891,,,,,,,,,,,,,,,,,,,,,,,,,,,,,,,,,,,,,,,,,,,,WRIGHT
2014-11-01,3.4,,,,,,,,,,,,,71361,,,,,,,,,,,,,,,,,,,,,,,,,,,,,,,,,,,,,,,,,,,,,WRIGHT
2014-12-01,4.0,,,,,,,,,,,,,71385,,,,,,,,,,,,,,,,,,,,,,,,,,,,,,,,,,,,,,,,,,,,,WRIGHT
2015-01-01,4.9,-42.0,130097.0,5633.0,35.6,6.2,130.968,5817443.0,76407.0,44322.0,118.9,533.0,2854.0,71628,24.85863418877773,8.721437042893852,26.46274509803921,223.8,30.352248174491773,4.085257548845471,6629.0,5.1,8079.0,85.39290613364687,34.839999999850995,22.14661952888833,1828.0,2264.0,36973.0,27419.0,,119786.0,470.0,72801.0,80013.0,25.43,27.3,94.0,1309.0,3435.0,210.8,5179.0,4.0,23.93123727663425,6.2,40.1,1296.0,6.1,1757.0,2771.0,4.7,1487.0,5.4,1116.0,1858.0,4.0,6.8,7.5,WRIGHT
2015-02-01,4.8,,,,,,,,,,,,,71762,,,,,,,,,,,,,,,,,,,,,,,,,,,,,,,,,,,,,,,,,,,,,WRIGHT
2015-03-01,4.7,,,,,,,,,,,,,71706,,,,,,,,,,,,,,,,,,,,,,,,,,,,,,,,,,,,,,,,,,,,,WRIGHT
2015-04-01,3.6,,,,,,,,,,,,2863.0,71626,24.128242074927954,,,,,,,,,,,,,,,,,,,,,,,,,,,,,,,,,,,,,,,,,,,,WRIGHT
2015-05-01,3.4,,,,,,,,,,,,,72074,,,,,,,,,,,,,,,,,,,,,,,,,,,,,,,,,,,,,,,,,,,,,WRIGHT
2015-06-01,3.6,,,,,,,,,,,,,72290,,,,,,,,,,,,,,,,,1.0,,,,,,,,,,,,,,,,,,,,,,,,,,,,WRIGHT
2015-07-01,3.4,,,,,,,,,,,,2816.0,72772,23.930519666953767,,,,,,,,,,,,,,,,,,,,,,,,,,,,,,,,,,,,,,,,,,,,WRIGHT
2015-08-01,3.1,,,,,,,,,,,,,72284,,,,,,,,,,,,,,,,,,,,,,,,,,,,,,,,,,,,,,,,,,,,,WRIGHT
2015-09-01,2.9,,,,,,,,,,,,,71620,,,,,,,,,,,,,,,,,,,,,,,,,,,,,,,,,,,,,,,,,,,,,WRIGHT
2015-10-01,2.8,,,,,,,,,,,,2826.0,71735,24.171456958342205,,,,,,,,,,,,,,,,,,,,,,,,,,,,,,,,,,,,,,,,,,,,WRIGHT
2015-11-01,2.9,,,,,,,,,,,,,71900,,,,,,,,,,,,,,,,,,,,,,,,,,,,,,,,,,,,,,,,,,,,,WRIGHT
2015-12-01,3.8,,,,,,,,,,,,,72408,,,,,,,,,,,,,,,,,,,,,,,,,,,,,,,,,,,,,,,,,,,,,WRIGHT
2016-01-01,4.8,,131282.0,,35.8,5.6,132.387,5997281.0,76256.0,45245.0,125.5,658.0,2821.0,72717,23.365943570112012,8.78351409978308,24.7345837388304,259.2,29.9640480379408,4.064109902690326,6912.0,5.3,8249.0,84.19806560787418,,18.0625467412614,1834.0,2093.0,37034.0,27578.0,,120966.0,389.0,71074.0,81438.0,34.38,26.8,94.2,1409.0,3502.0,235.8,5575.0,4.3,22.586034079518882,6.3,40.2,1480.0,5.7,1617.0,2569.0,4.4,1417.0,5.1,1084.0,1750.0,3.9,6.3,7.0,WRIGHT
2016-02-01,4.8,,,,,,,,,,,,,73186,,,,,,,,,,,,,,,,,,,,,,,,,,,,,,,,,,,,,,,,,,,,,WRIGHT
2016-03-01,4.9,,,,,,,,,,,,,73199,,,,,,,,,,,,,,,,,,,,,,,,,,,,,,,,,,,,,,,,,,,,,WRIGHT
2016-04-01,3.7,,,,,,,,,,,,2841.0,72950,23.20383557780441,,,,,,,,,,,,,,,,,,,,,,,,,,,,,,,,,,,,,,,,,,,,WRIGHT
2016-05-01,3.1,,,,,,,,,,,,,72869,,,,,,,,,,,,,,,,,,,,,,,,,,,,,,,,,,,,,,,,,,,,,WRIGHT
2016-06-01,3.7,,,,,,,,,,,,,73491,,,,,,,,,,,,,,,,,,,,,,,,,,,,,,,,,,,,,,,,,,,,,WRIGHT
2016-07-01,3.6,,,,,,,,,,,,2876.0,74275,23.13053174437243,,,,,,,,,,,,,,,,,,,,,,,,,,,,,,,,,,,,,,,,,,,,WRIGHT
2016-08-01,3.6,,,,,,,,,,,,,73893,,,,,,,,,,,,,,,,,,,,,,,,,,,,,,,,,,,,,,,,,,,,,WRIGHT
2016-09-01,3.4,,,,,,,,,,,,,73452,,,,,,,,,,,,,,,,,,,,,,,,,,,,,,,,,,,,,,,,,,,,,WRIGHT
2016-10-01,3.3,,,,,,,,,,,,2894.0,73352,23.514609254858104,,,,,,,,,,,,,,,,1.0,,,,,,,,,,,,,,,,,,,,,,,,,,,,WRIGHT
2016-11-01,3.1,,,,,,,,,,,,,73313,,,,,,,,,,,,,,,,,,,,,,,,,,,,,,,,,,,,,,,,,,,,,WRIGHT
2016-12-01,4.2,,,,,,,,,,,,,73835,,,,,,,,,,,,,,,,,,,,,,,,,,,,,,,,,,,,,,,,,,,,,WRIGHT
2017-01-01,5.1,,,,,,134.286,,,,134.39,731.0,2912.0,74019,23.12150837988827,,,,,,,,,,,,1609.0,,,,,,,,,,,,,,,,,,,,,,,,,,,,,,,,WRIGHT
2017-02-01,4.9,,,,,,,,,,,,,74217,,,,,,,,,,,,,,,,,,,,,,,,,,,,,,,,,,,,,,,,,,,,,WRIGHT
2017-03-01,4.5,,,,,,,,,,,,,74191,,,,,,,,,,,,,,,,,6.0,,,,,,,,,,,,,,,,,,,,,,,,,,,,WRIGHT
2017-04-01,3.4,,,,,,,,,,,,2979.0,73927,22.207566817077407,,,,,,,,,,,,,,,,,,,,,,,,,,,,,,,,,,,,,,,,,,,,WRIGHT
2017-05-01,3.0,,,,,,,,,,,,,73884,,,,,,,,,,,,,,,,,,,,,,,,,,,,,,,,,,,,,,,,,,,,,WRIGHT
2017-06-01,3.3,,,,,,,,,,,,,74485,,,,,,,,,,,,,,,,,,,,,,,,,,,,,,,,,,,,,,,,,,,,,WRIGHT
2017-07-01,3.2,,,,,,,,,,,,3019.0,75257,22.72005522954781,,,,,,,,,,,,,,,,,,,,,,,,,,,,,,,,,,,,,,,,,,,,WRIGHT
2017-08-01,3.2,,,,,,,,,,,,,74948,,,,,,,,,,,,,,,,,1.0,,,,,,,,,,,,,,,,,,,,,,,,,,,,WRIGHT
2017-09-01,2.8,,,,,,,,,,,,,74624,,,,,,,,,,,,,,,,,,,,,,,,,,,,,,,,,,,,,,,,,,,,,WRIGHT
2017-10-01,2.4,,,,,,,,,,,,3071.0,74113,22.49554611484172,,,,,,,,,,,,,,,,,,,,,,,,,,,,,,,,,,,,,,,,,,,,WRIGHT
2017-11-01,2.7,,,,,,,,,,,,,74256,,,,,,,,,,,,,,,,,,,,,,,,,,,,,,,,,,,,,,,,,,,,,WRIGHT
2017-12-01,3.6,,,,,,,,,,,,,74340,,,,,,,,,,,,,,,,,,,,,,,,,,,,,,,,,,,,,,,,,,,,,WRIGHT
2018-01-01,4.4,,,,,,,,,,,,3087.0,75359,21.50744119059049,,,,,,,,,,,,,,,,,,,,,,,,,,,,,,,,,,,,,,,,,,,,WRIGHT
2018-02-01,4.3,,,,,,,,,,,,,75722,,,,,,,,,,,,,,,,,,,,,,,,,,,,,,,,,,,,,,,,,,,,,WRIGHT
2018-03-01,4.2,,,,,,,,,,,,,75512,,,,,,,,,,,,,,,,,,,,,,,,,,,,,,,,,,,,,,,,,,,,,WRIGHT
2018-04-01,3.4,,,,,,,,,,,,,75346,20.81932340629932,,,,,,,,,,,,,,,,,,,,,,,,,,,,,,,,,,,,,,,,,,,,WRIGHT
2018-05-01,2.4,,,,,,,,,,,,,75149,,,,,,,,,,,,,,,,,,,,,,,,,,,,,,,,,,,,,,,,,,,,,WRIGHT
2018-06-01,2.7,,,,,,,,,,,,,75729,,,,,,,,,,,,,,,,,,,,,,,,,,,,,,,,,,,,,,,,,,,,,WRIGHT
2018-07-01,2.5,,,,,,,,,,,,,76168,,,,,,,,,,,,,,,,,,,,,,,,,,,,,,,,,,,,,,,,,,,,,WRIGHT
2018-08-01,2.4,,,,,,,,,,,,,75140,,,,,,,,,,,,,,,,,,,,,,,,,,,,,,,,,,,,,,,,,,,,,WRIGHT
